출처	파일	줄	자리	이름	문장	값의종류	판정	쓴것	된것
lang	ask.ko.nme	4	글 안	이름	출력	물어본글	①값	안녕하세요 이름!	print("안녕하세요 " + str(이름) + "!")
lang	ask.nme	4	글 안	이름	출력	물어본글	①값	Hello 이름!	print("Hello " + str(이름) + "!")
lang	cryptocurrency-advanced.en.nme	33	글 안	context	대입	모름	①값	data = str(context).encode("utf-8")	data = str(context).encode("utf-8")
lang	cryptocurrency-advanced.en.nme	97	비교의 오른쪽	block_hash	그밖	그밖	①값	return block_hash < POW_TARGET and challenge(miner_address, commitment, context) == block_hash	return block_hash < POW_TARGET and challenge(miner_address, commitment, context) == block_hash
lang	cryptocurrency-advanced.en.nme	132	비교의 오른쪽	used_nonce	그밖	표	①값	and transaction_nonce == used_nonce[alice_address] + 1	and transaction_nonce == used_nonce[alice_address] + 1
lang	cryptocurrency-advanced.en.nme	166	비교의 오른쪽	genesis_block	그밖	표	①값	and block_one["previous_hash"] == genesis_block["hash"]	and block_one["previous_hash"] == genesis_block["hash"]
lang	cryptocurrency-advanced.en.nme	174	비교의 오른쪽	total_supply	그밖	숫자	①값	and sum(balances.values()) == total_supply	and sum(balances.values()) == total_supply
lang	cryptocurrency-advanced.en.nme	181	비교의 오른쪽	block_hash	출력	그밖	①값	print("Old hash on tampered block:", challenge(miner_address, block_commitment, tampered_block_context) == block_hash)	print("Old hash on tampered block:", challenge(miner_address, block_commitment, tampered_block_context) == block_hash)
lang	cryptocurrency-advanced.en.nme	182	비교의 오른쪽	used_nonce	출력	표	①값	print("Replay with old transaction nonce:", transaction_nonce == used_nonce[alice_address] + 1)	print("Replay with old transaction nonce:", transaction_nonce == used_nonce[alice_address] + 1)
lang	cryptocurrency-advanced.ko.nme	33	글 안	문맥	대입	모름	①값	내용 = str(문맥).encode("utf-8")	내용 = str(문맥).encode("utf-8")
lang	cryptocurrency-advanced.ko.nme	97	비교의 오른쪽	해시	그밖	그밖	①값	return 해시 < 작업목표 and 도전값(채굴자주소, 약속값, 문맥) == 해시	return 해시 < 작업목표 and 도전값(채굴자주소, 약속값, 문맥) == 해시
lang	cryptocurrency-advanced.ko.nme	130	비교의 오른쪽	사용번호	그밖	표	①값	and 거래번호 == 사용번호[민수주소] + 1	and 거래번호 == 사용번호[민수주소] + 1
lang	cryptocurrency-advanced.ko.nme	159	비교의 오른쪽	창세블록	그밖	표	①값	and 블록하나["이전해시"] == 창세블록["해시"]	and 블록하나["이전해시"] == 창세블록["해시"]
lang	cryptocurrency-advanced.ko.nme	162	비교의 오른쪽	총발행량	그밖	숫자	①값	and sum(잔액.values()) == 총발행량	and sum(잔액.values()) == 총발행량
lang	cryptocurrency-advanced.ko.nme	170	비교의 오른쪽	사용번호	출력	표	①값	print("오래된 거래번호 재전송:", 거래번호 == 사용번호[민수주소] + 1)	print("오래된 거래번호 재전송:", 거래번호 == 사용번호[민수주소] + 1)
lang	cryptocurrency-beginner.en.nme	5	글 안	문맥값	그밖	모름	①값	use zeroknowledge latest	import secrets as 영지식비밀난수; zk_prime = 영지식큰소수 = 0xFFFFFFFFFFFFFFFFC90FDAA22168C234C4C6628B80DC1CD129024E088A67CC74020BBEA
lang	cryptocurrency-beginner.en.nme	29	글 안	coinname	대입	글자	①값	set genesiscontext to coinname genesis block gives aliceaddress 100 coins	genesiscontext = str(coinname) + " genesis block gives " + str(aliceaddress) + " 100 coins"
lang	cryptocurrency-beginner.en.nme	29	글 안	aliceaddress	대입	그밖	①값	set genesiscontext to coinname genesis block gives aliceaddress 100 coins	genesiscontext = str(coinname) + " genesis block gives " + str(aliceaddress) + " 100 coins"
lang	cryptocurrency-beginner.en.nme	50	글 안	aliceaddress	대입	그밖	①값	set transactioncontext to aliceaddress sends transactionamount coins to bobaddress fee transactionfee nonce transactionn	transactioncontext = str(aliceaddress) + " sends " + str(transactionamount) + " coins to " + str(bobaddress) + " fee " +
lang	cryptocurrency-beginner.en.nme	50	글 안	transactionamount	대입	숫자	①값	set transactioncontext to aliceaddress sends transactionamount coins to bobaddress fee transactionfee nonce transactionn	transactioncontext = str(aliceaddress) + " sends " + str(transactionamount) + " coins to " + str(bobaddress) + " fee " +
lang	cryptocurrency-beginner.en.nme	50	글 안	bobaddress	대입	그밖	①값	set transactioncontext to aliceaddress sends transactionamount coins to bobaddress fee transactionfee nonce transactionn	transactioncontext = str(aliceaddress) + " sends " + str(transactionamount) + " coins to " + str(bobaddress) + " fee " +
lang	cryptocurrency-beginner.en.nme	50	글 안	transactionfee	대입	숫자	①값	set transactioncontext to aliceaddress sends transactionamount coins to bobaddress fee transactionfee nonce transactionn	transactioncontext = str(aliceaddress) + " sends " + str(transactionamount) + " coins to " + str(bobaddress) + " fee " +
lang	cryptocurrency-beginner.en.nme	50	글 안	transactionnonce	대입	숫자	①값	set transactioncontext to aliceaddress sends transactionamount coins to bobaddress fee transactionfee nonce transactionn	transactioncontext = str(aliceaddress) + " sends " + str(transactionamount) + " coins to " + str(bobaddress) + " fee " +
lang	cryptocurrency-beginner.en.nme	57	비교의 오른쪽	expectednonce	조건	셈한값	①값	when transactionnonce == expectednonce:	if (transactionnonce == expectednonce):
lang	cryptocurrency-beginner.en.nme	66	글 안	coinname	대입	글자	①값	set blockcontext to coinname block one previous genesishash transaction transactioncontext proof transactionproof miner 	blockcontext = str(coinname) + " block one previous " + str(genesishash) + " transaction " + str(transactioncontext) + "
lang	cryptocurrency-beginner.en.nme	66	글 안	genesishash	대입	그밖/숫자	①값	set blockcontext to coinname block one previous genesishash transaction transactioncontext proof transactionproof miner 	blockcontext = str(coinname) + " block one previous " + str(genesishash) + " transaction " + str(transactioncontext) + "
lang	cryptocurrency-beginner.en.nme	66	글 안	transactioncontext	대입	바꾼값	①값	set blockcontext to coinname block one previous genesishash transaction transactioncontext proof transactionproof miner 	blockcontext = str(coinname) + " block one previous " + str(genesishash) + " transaction " + str(transactioncontext) + "
lang	cryptocurrency-beginner.en.nme	66	글 안	transactionproof	대입	그밖	①값	set blockcontext to coinname block one previous genesishash transaction transactioncontext proof transactionproof miner 	blockcontext = str(coinname) + " block one previous " + str(genesishash) + " transaction " + str(transactioncontext) + "
lang	cryptocurrency-beginner.en.nme	66	글 안	mineraddress	대입	그밖	①값	set blockcontext to coinname block one previous genesishash transaction transactioncontext proof transactionproof miner 	blockcontext = str(coinname) + " block one previous " + str(genesishash) + " transaction " + str(transactioncontext) + "
lang	cryptocurrency-beginner.en.nme	66	글 안	miningreward	대입	숫자	①값	set blockcontext to coinname block one previous genesishash transaction transactioncontext proof transactionproof miner 	blockcontext = str(coinname) + " block one previous " + str(genesishash) + " transaction " + str(transactioncontext) + "
lang	cryptocurrency-beginner.en.nme	87	글 안	aliceaddress	대입	그밖	①값	set checktransactioncontext to aliceaddress sends transactionamount coins to bobaddress fee transactionfee nonce transac	checktransactioncontext = str(aliceaddress) + " sends " + str(transactionamount) + " coins to " + str(bobaddress) + " fe
lang	cryptocurrency-beginner.en.nme	87	글 안	transactionamount	대입	숫자	①값	set checktransactioncontext to aliceaddress sends transactionamount coins to bobaddress fee transactionfee nonce transac	checktransactioncontext = str(aliceaddress) + " sends " + str(transactionamount) + " coins to " + str(bobaddress) + " fe
lang	cryptocurrency-beginner.en.nme	87	글 안	bobaddress	대입	그밖	①값	set checktransactioncontext to aliceaddress sends transactionamount coins to bobaddress fee transactionfee nonce transac	checktransactioncontext = str(aliceaddress) + " sends " + str(transactionamount) + " coins to " + str(bobaddress) + " fe
lang	cryptocurrency-beginner.en.nme	87	글 안	transactionfee	대입	숫자	①값	set checktransactioncontext to aliceaddress sends transactionamount coins to bobaddress fee transactionfee nonce transac	checktransactioncontext = str(aliceaddress) + " sends " + str(transactionamount) + " coins to " + str(bobaddress) + " fe
lang	cryptocurrency-beginner.en.nme	87	글 안	transactionnonce	대입	숫자	①값	set checktransactioncontext to aliceaddress sends transactionamount coins to bobaddress fee transactionfee nonce transac	checktransactioncontext = str(aliceaddress) + " sends " + str(transactionamount) + " coins to " + str(bobaddress) + " fe
lang	cryptocurrency-beginner.en.nme	89	글 안	coinname	대입	글자	①값	set checkgenesiscontext to coinname genesis block gives aliceaddress 100 coins	checkgenesiscontext = str(coinname) + " genesis block gives " + str(aliceaddress) + " 100 coins"
lang	cryptocurrency-beginner.en.nme	89	글 안	aliceaddress	대입	그밖	①값	set checkgenesiscontext to coinname genesis block gives aliceaddress 100 coins	checkgenesiscontext = str(coinname) + " genesis block gives " + str(aliceaddress) + " 100 coins"
lang	cryptocurrency-beginner.en.nme	91	글 안	coinname	대입	글자	①값	set checkblockcontext to coinname block one previous genesishash transaction checktransactioncontext proof transactionpr	checkblockcontext = str(coinname) + " block one previous " + str(genesishash) + " transaction " + str(checktransactionco
lang	cryptocurrency-beginner.en.nme	91	글 안	genesishash	대입	그밖/숫자	①값	set checkblockcontext to coinname block one previous genesishash transaction checktransactioncontext proof transactionpr	checkblockcontext = str(coinname) + " block one previous " + str(genesishash) + " transaction " + str(checktransactionco
lang	cryptocurrency-beginner.en.nme	91	글 안	checktransactioncontext	대입	바꾼값	①값	set checkblockcontext to coinname block one previous genesishash transaction checktransactioncontext proof transactionpr	checkblockcontext = str(coinname) + " block one previous " + str(genesishash) + " transaction " + str(checktransactionco
lang	cryptocurrency-beginner.en.nme	91	글 안	transactionproof	대입	그밖	①값	set checkblockcontext to coinname block one previous genesishash transaction checktransactioncontext proof transactionpr	checkblockcontext = str(coinname) + " block one previous " + str(genesishash) + " transaction " + str(checktransactionco
lang	cryptocurrency-beginner.en.nme	91	글 안	mineraddress	대입	그밖	①값	set checkblockcontext to coinname block one previous genesishash transaction checktransactioncontext proof transactionpr	checkblockcontext = str(coinname) + " block one previous " + str(genesishash) + " transaction " + str(checktransactionco
lang	cryptocurrency-beginner.en.nme	91	글 안	miningreward	대입	숫자	①값	set checkblockcontext to coinname block one previous genesishash transaction checktransactioncontext proof transactionpr	checkblockcontext = str(coinname) + " block one previous " + str(genesishash) + " transaction " + str(checktransactionco
lang	cryptocurrency-beginner.en.nme	97	비교의 오른쪽	genesishash	조건	그밖/숫자	①값	when checkgenesishash == genesishash:	if (checkgenesishash == genesishash):
lang	cryptocurrency-beginner.en.nme	99	비교의 오른쪽	blockhash	조건	그밖/숫자	①값	when checkblockhash == blockhash:	if (checkblockhash == blockhash):
lang	cryptocurrency-beginner.en.nme	101	비교의 오른쪽	totalsupply	조건	셈한값/숫자	①값	when balancesum == totalsupply:	if (balancesum == totalsupply):
lang	cryptocurrency-beginner.en.nme	108	글 안	aliceaddress	대입	그밖	①값	set tamperedcontext to aliceaddress sends tamperedamount coins to bobaddress fee transactionfee nonce transactionnonce	tamperedcontext = str(aliceaddress) + " sends " + str(tamperedamount) + " coins to " + str(bobaddress) + " fee " + str(t
lang	cryptocurrency-beginner.en.nme	108	글 안	tamperedamount	대입	숫자	①값	set tamperedcontext to aliceaddress sends tamperedamount coins to bobaddress fee transactionfee nonce transactionnonce	tamperedcontext = str(aliceaddress) + " sends " + str(tamperedamount) + " coins to " + str(bobaddress) + " fee " + str(t
lang	cryptocurrency-beginner.en.nme	108	글 안	bobaddress	대입	그밖	①값	set tamperedcontext to aliceaddress sends tamperedamount coins to bobaddress fee transactionfee nonce transactionnonce	tamperedcontext = str(aliceaddress) + " sends " + str(tamperedamount) + " coins to " + str(bobaddress) + " fee " + str(t
lang	cryptocurrency-beginner.en.nme	108	글 안	transactionfee	대입	숫자	①값	set tamperedcontext to aliceaddress sends tamperedamount coins to bobaddress fee transactionfee nonce transactionnonce	tamperedcontext = str(aliceaddress) + " sends " + str(tamperedamount) + " coins to " + str(bobaddress) + " fee " + str(t
lang	cryptocurrency-beginner.en.nme	108	글 안	transactionnonce	대입	숫자	①값	set tamperedcontext to aliceaddress sends tamperedamount coins to bobaddress fee transactionfee nonce transactionnonce	tamperedcontext = str(aliceaddress) + " sends " + str(tamperedamount) + " coins to " + str(bobaddress) + " fee " + str(t
lang	cryptocurrency-beginner.en.nme	110	글 안	coinname	대입	글자	①값	set tamperedblockcontext to coinname block one previous genesishash transaction tamperedcontext proof transactionproof m	tamperedblockcontext = str(coinname) + " block one previous " + str(genesishash) + " transaction " + str(tamperedcontext
lang	cryptocurrency-beginner.en.nme	110	글 안	genesishash	대입	그밖/숫자	①값	set tamperedblockcontext to coinname block one previous genesishash transaction tamperedcontext proof transactionproof m	tamperedblockcontext = str(coinname) + " block one previous " + str(genesishash) + " transaction " + str(tamperedcontext
lang	cryptocurrency-beginner.en.nme	110	글 안	tamperedcontext	대입	바꾼값	①값	set tamperedblockcontext to coinname block one previous genesishash transaction tamperedcontext proof transactionproof m	tamperedblockcontext = str(coinname) + " block one previous " + str(genesishash) + " transaction " + str(tamperedcontext
lang	cryptocurrency-beginner.en.nme	110	글 안	transactionproof	대입	그밖	①값	set tamperedblockcontext to coinname block one previous genesishash transaction tamperedcontext proof transactionproof m	tamperedblockcontext = str(coinname) + " block one previous " + str(genesishash) + " transaction " + str(tamperedcontext
lang	cryptocurrency-beginner.en.nme	110	글 안	mineraddress	대입	그밖	①값	set tamperedblockcontext to coinname block one previous genesishash transaction tamperedcontext proof transactionproof m	tamperedblockcontext = str(coinname) + " block one previous " + str(genesishash) + " transaction " + str(tamperedcontext
lang	cryptocurrency-beginner.en.nme	110	글 안	miningreward	대입	숫자	①값	set tamperedblockcontext to coinname block one previous genesishash transaction tamperedcontext proof transactionproof m	tamperedblockcontext = str(coinname) + " block one previous " + str(genesishash) + " transaction " + str(tamperedcontext
lang	cryptocurrency-beginner.en.nme	114	비교의 오른쪽	blockhash	조건	그밖/숫자	①값	when tamperedblockhash != blockhash:	if (tamperedblockhash != blockhash):
lang	cryptocurrency-beginner.en.nme	118	비교의 오른쪽	replayexpectednonce	조건	셈한값	①값	when transactionnonce != replayexpectednonce:	if (transactionnonce != replayexpectednonce):
lang	cryptocurrency-beginner.en.nme	125	비교의 오른쪽	totalsupply	조건	셈한값/숫자	①값	when balancesum == totalsupply:	if (balancesum == totalsupply):
lang	cryptocurrency-beginner.ko.nme	5	글 안	문맥값	그밖	모름	①값	영지식 사용 최신	import secrets as 영지식비밀난수; zk_prime = 영지식큰소수 = 0xFFFFFFFFFFFFFFFFC90FDAA22168C234C4C6628B80DC1CD129024E088A67CC74020BBEA
lang	cryptocurrency-beginner.ko.nme	29	글 안	코인이름	대입	글자	①값	저장 창세문맥 코인이름 창세 블록 민수주소 에게 100 코인 발행	창세문맥 = str(코인이름) + " 창세 블록 " + str(민수주소) + " 에게 100 코인 발행"
lang	cryptocurrency-beginner.ko.nme	29	글 안	민수주소	대입	그밖	①값	저장 창세문맥 코인이름 창세 블록 민수주소 에게 100 코인 발행	창세문맥 = str(코인이름) + " 창세 블록 " + str(민수주소) + " 에게 100 코인 발행"
lang	cryptocurrency-beginner.ko.nme	50	글 안	민수주소	대입	그밖	①값	저장 거래내용 민수주소 에서 지수주소 에게 거래금액 코인 전송 수수료 거래수수료 거래번호 거래번호	거래내용 = str(민수주소) + " 에서 " + str(지수주소) + " 에게 " + str(거래금액) + " 코인 전송 수수료 " + str(거래수수료) + " 거래번호 " + str(거래번호)
lang	cryptocurrency-beginner.ko.nme	50	글 안	지수주소	대입	그밖	①값	저장 거래내용 민수주소 에서 지수주소 에게 거래금액 코인 전송 수수료 거래수수료 거래번호 거래번호	거래내용 = str(민수주소) + " 에서 " + str(지수주소) + " 에게 " + str(거래금액) + " 코인 전송 수수료 " + str(거래수수료) + " 거래번호 " + str(거래번호)
lang	cryptocurrency-beginner.ko.nme	50	글 안	거래금액	대입	숫자	①값	저장 거래내용 민수주소 에서 지수주소 에게 거래금액 코인 전송 수수료 거래수수료 거래번호 거래번호	거래내용 = str(민수주소) + " 에서 " + str(지수주소) + " 에게 " + str(거래금액) + " 코인 전송 수수료 " + str(거래수수료) + " 거래번호 " + str(거래번호)
lang	cryptocurrency-beginner.ko.nme	50	글 안	거래수수료	대입	숫자	①값	저장 거래내용 민수주소 에서 지수주소 에게 거래금액 코인 전송 수수료 거래수수료 거래번호 거래번호	거래내용 = str(민수주소) + " 에서 " + str(지수주소) + " 에게 " + str(거래금액) + " 코인 전송 수수료 " + str(거래수수료) + " 거래번호 " + str(거래번호)
lang	cryptocurrency-beginner.ko.nme	50	글 안	거래번호	대입	숫자	①값	저장 거래내용 민수주소 에서 지수주소 에게 거래금액 코인 전송 수수료 거래수수료 거래번호 거래번호	거래내용 = str(민수주소) + " 에서 " + str(지수주소) + " 에게 " + str(거래금액) + " 코인 전송 수수료 " + str(거래수수료) + " 거래번호 " + str(거래번호)
lang	cryptocurrency-beginner.ko.nme	57	비교의 오른쪽	예상거래번호	조건	셈한값	①값	만약 거래번호 == 예상거래번호:	if (거래번호 == 예상거래번호):
lang	cryptocurrency-beginner.ko.nme	66	글 안	코인이름	대입	글자	①값	저장 블록문맥 코인이름 블록 하나 이전 창세해시 거래 거래내용 증명 거래증명 채굴자 채굴자주소 보상 채굴보상	블록문맥 = str(코인이름) + " 블록 하나 이전 " + str(창세해시) + " 거래 " + str(거래내용) + " 증명 " + str(거래증명) + " 채굴자 " + str(채굴자주소) + " 보상 " + 
lang	cryptocurrency-beginner.ko.nme	66	글 안	창세해시	대입	그밖/숫자	①값	저장 블록문맥 코인이름 블록 하나 이전 창세해시 거래 거래내용 증명 거래증명 채굴자 채굴자주소 보상 채굴보상	블록문맥 = str(코인이름) + " 블록 하나 이전 " + str(창세해시) + " 거래 " + str(거래내용) + " 증명 " + str(거래증명) + " 채굴자 " + str(채굴자주소) + " 보상 " + 
lang	cryptocurrency-beginner.ko.nme	66	글 안	거래내용	대입	바꾼값	①값	저장 블록문맥 코인이름 블록 하나 이전 창세해시 거래 거래내용 증명 거래증명 채굴자 채굴자주소 보상 채굴보상	블록문맥 = str(코인이름) + " 블록 하나 이전 " + str(창세해시) + " 거래 " + str(거래내용) + " 증명 " + str(거래증명) + " 채굴자 " + str(채굴자주소) + " 보상 " + 
lang	cryptocurrency-beginner.ko.nme	66	글 안	거래증명	대입	그밖	①값	저장 블록문맥 코인이름 블록 하나 이전 창세해시 거래 거래내용 증명 거래증명 채굴자 채굴자주소 보상 채굴보상	블록문맥 = str(코인이름) + " 블록 하나 이전 " + str(창세해시) + " 거래 " + str(거래내용) + " 증명 " + str(거래증명) + " 채굴자 " + str(채굴자주소) + " 보상 " + 
lang	cryptocurrency-beginner.ko.nme	66	글 안	채굴자주소	대입	그밖	①값	저장 블록문맥 코인이름 블록 하나 이전 창세해시 거래 거래내용 증명 거래증명 채굴자 채굴자주소 보상 채굴보상	블록문맥 = str(코인이름) + " 블록 하나 이전 " + str(창세해시) + " 거래 " + str(거래내용) + " 증명 " + str(거래증명) + " 채굴자 " + str(채굴자주소) + " 보상 " + 
lang	cryptocurrency-beginner.ko.nme	66	글 안	채굴보상	대입	숫자	①값	저장 블록문맥 코인이름 블록 하나 이전 창세해시 거래 거래내용 증명 거래증명 채굴자 채굴자주소 보상 채굴보상	블록문맥 = str(코인이름) + " 블록 하나 이전 " + str(창세해시) + " 거래 " + str(거래내용) + " 증명 " + str(거래증명) + " 채굴자 " + str(채굴자주소) + " 보상 " + 
lang	cryptocurrency-beginner.ko.nme	87	글 안	민수주소	대입	그밖	①값	저장 검증거래내용 민수주소 에서 지수주소 에게 거래금액 코인 전송 수수료 거래수수료 거래번호 거래번호	검증거래내용 = str(민수주소) + " 에서 " + str(지수주소) + " 에게 " + str(거래금액) + " 코인 전송 수수료 " + str(거래수수료) + " 거래번호 " + str(거래번호)
lang	cryptocurrency-beginner.ko.nme	87	글 안	지수주소	대입	그밖	①값	저장 검증거래내용 민수주소 에서 지수주소 에게 거래금액 코인 전송 수수료 거래수수료 거래번호 거래번호	검증거래내용 = str(민수주소) + " 에서 " + str(지수주소) + " 에게 " + str(거래금액) + " 코인 전송 수수료 " + str(거래수수료) + " 거래번호 " + str(거래번호)
lang	cryptocurrency-beginner.ko.nme	87	글 안	거래금액	대입	숫자	①값	저장 검증거래내용 민수주소 에서 지수주소 에게 거래금액 코인 전송 수수료 거래수수료 거래번호 거래번호	검증거래내용 = str(민수주소) + " 에서 " + str(지수주소) + " 에게 " + str(거래금액) + " 코인 전송 수수료 " + str(거래수수료) + " 거래번호 " + str(거래번호)
lang	cryptocurrency-beginner.ko.nme	87	글 안	거래수수료	대입	숫자	①값	저장 검증거래내용 민수주소 에서 지수주소 에게 거래금액 코인 전송 수수료 거래수수료 거래번호 거래번호	검증거래내용 = str(민수주소) + " 에서 " + str(지수주소) + " 에게 " + str(거래금액) + " 코인 전송 수수료 " + str(거래수수료) + " 거래번호 " + str(거래번호)
lang	cryptocurrency-beginner.ko.nme	87	글 안	거래번호	대입	숫자	①값	저장 검증거래내용 민수주소 에서 지수주소 에게 거래금액 코인 전송 수수료 거래수수료 거래번호 거래번호	검증거래내용 = str(민수주소) + " 에서 " + str(지수주소) + " 에게 " + str(거래금액) + " 코인 전송 수수료 " + str(거래수수료) + " 거래번호 " + str(거래번호)
lang	cryptocurrency-beginner.ko.nme	89	글 안	코인이름	대입	글자	①값	저장 검증창세문맥 코인이름 창세 블록 민수주소 에게 100 코인 발행	검증창세문맥 = str(코인이름) + " 창세 블록 " + str(민수주소) + " 에게 100 코인 발행"
lang	cryptocurrency-beginner.ko.nme	89	글 안	민수주소	대입	그밖	①값	저장 검증창세문맥 코인이름 창세 블록 민수주소 에게 100 코인 발행	검증창세문맥 = str(코인이름) + " 창세 블록 " + str(민수주소) + " 에게 100 코인 발행"
lang	cryptocurrency-beginner.ko.nme	91	글 안	코인이름	대입	글자	①값	저장 검증블록문맥 코인이름 블록 하나 이전 창세해시 거래 검증거래내용 증명 거래증명 채굴자 채굴자주소 보상 채굴보상	검증블록문맥 = str(코인이름) + " 블록 하나 이전 " + str(창세해시) + " 거래 " + str(검증거래내용) + " 증명 " + str(거래증명) + " 채굴자 " + str(채굴자주소) + " 보상 
lang	cryptocurrency-beginner.ko.nme	91	글 안	창세해시	대입	그밖/숫자	①값	저장 검증블록문맥 코인이름 블록 하나 이전 창세해시 거래 검증거래내용 증명 거래증명 채굴자 채굴자주소 보상 채굴보상	검증블록문맥 = str(코인이름) + " 블록 하나 이전 " + str(창세해시) + " 거래 " + str(검증거래내용) + " 증명 " + str(거래증명) + " 채굴자 " + str(채굴자주소) + " 보상 
lang	cryptocurrency-beginner.ko.nme	91	글 안	검증거래내용	대입	바꾼값	①값	저장 검증블록문맥 코인이름 블록 하나 이전 창세해시 거래 검증거래내용 증명 거래증명 채굴자 채굴자주소 보상 채굴보상	검증블록문맥 = str(코인이름) + " 블록 하나 이전 " + str(창세해시) + " 거래 " + str(검증거래내용) + " 증명 " + str(거래증명) + " 채굴자 " + str(채굴자주소) + " 보상 
lang	cryptocurrency-beginner.ko.nme	91	글 안	거래증명	대입	그밖	①값	저장 검증블록문맥 코인이름 블록 하나 이전 창세해시 거래 검증거래내용 증명 거래증명 채굴자 채굴자주소 보상 채굴보상	검증블록문맥 = str(코인이름) + " 블록 하나 이전 " + str(창세해시) + " 거래 " + str(검증거래내용) + " 증명 " + str(거래증명) + " 채굴자 " + str(채굴자주소) + " 보상 
lang	cryptocurrency-beginner.ko.nme	91	글 안	채굴자주소	대입	그밖	①값	저장 검증블록문맥 코인이름 블록 하나 이전 창세해시 거래 검증거래내용 증명 거래증명 채굴자 채굴자주소 보상 채굴보상	검증블록문맥 = str(코인이름) + " 블록 하나 이전 " + str(창세해시) + " 거래 " + str(검증거래내용) + " 증명 " + str(거래증명) + " 채굴자 " + str(채굴자주소) + " 보상 
lang	cryptocurrency-beginner.ko.nme	91	글 안	채굴보상	대입	숫자	①값	저장 검증블록문맥 코인이름 블록 하나 이전 창세해시 거래 검증거래내용 증명 거래증명 채굴자 채굴자주소 보상 채굴보상	검증블록문맥 = str(코인이름) + " 블록 하나 이전 " + str(창세해시) + " 거래 " + str(검증거래내용) + " 증명 " + str(거래증명) + " 채굴자 " + str(채굴자주소) + " 보상 
lang	cryptocurrency-beginner.ko.nme	97	비교의 오른쪽	창세해시	조건	그밖/숫자	①값	만약 검증창세해시 == 창세해시:	if (검증창세해시 == 창세해시):
lang	cryptocurrency-beginner.ko.nme	99	비교의 오른쪽	블록해시	조건	그밖/숫자	①값	만약 검증블록해시 == 블록해시:	if (검증블록해시 == 블록해시):
lang	cryptocurrency-beginner.ko.nme	101	비교의 오른쪽	총발행량	조건	셈한값/숫자	①값	만약 잔액합계 == 총발행량:	if (잔액합계 == 총발행량):
lang	cryptocurrency-beginner.ko.nme	108	글 안	민수주소	대입	그밖	①값	저장 변조거래내용 민수주소 에서 지수주소 에게 변조금액 코인 전송 수수료 거래수수료 거래번호 거래번호	변조거래내용 = str(민수주소) + " 에서 " + str(지수주소) + " 에게 " + str(변조금액) + " 코인 전송 수수료 " + str(거래수수료) + " 거래번호 " + str(거래번호)
lang	cryptocurrency-beginner.ko.nme	108	글 안	지수주소	대입	그밖	①값	저장 변조거래내용 민수주소 에서 지수주소 에게 변조금액 코인 전송 수수료 거래수수료 거래번호 거래번호	변조거래내용 = str(민수주소) + " 에서 " + str(지수주소) + " 에게 " + str(변조금액) + " 코인 전송 수수료 " + str(거래수수료) + " 거래번호 " + str(거래번호)
lang	cryptocurrency-beginner.ko.nme	108	글 안	변조금액	대입	숫자	①값	저장 변조거래내용 민수주소 에서 지수주소 에게 변조금액 코인 전송 수수료 거래수수료 거래번호 거래번호	변조거래내용 = str(민수주소) + " 에서 " + str(지수주소) + " 에게 " + str(변조금액) + " 코인 전송 수수료 " + str(거래수수료) + " 거래번호 " + str(거래번호)
lang	cryptocurrency-beginner.ko.nme	108	글 안	거래수수료	대입	숫자	①값	저장 변조거래내용 민수주소 에서 지수주소 에게 변조금액 코인 전송 수수료 거래수수료 거래번호 거래번호	변조거래내용 = str(민수주소) + " 에서 " + str(지수주소) + " 에게 " + str(변조금액) + " 코인 전송 수수료 " + str(거래수수료) + " 거래번호 " + str(거래번호)
lang	cryptocurrency-beginner.ko.nme	108	글 안	거래번호	대입	숫자	①값	저장 변조거래내용 민수주소 에서 지수주소 에게 변조금액 코인 전송 수수료 거래수수료 거래번호 거래번호	변조거래내용 = str(민수주소) + " 에서 " + str(지수주소) + " 에게 " + str(변조금액) + " 코인 전송 수수료 " + str(거래수수료) + " 거래번호 " + str(거래번호)
lang	cryptocurrency-beginner.ko.nme	110	글 안	코인이름	대입	글자	①값	저장 변조블록문맥 코인이름 블록 하나 이전 창세해시 거래 변조거래내용 증명 거래증명 채굴자 채굴자주소 보상 채굴보상	변조블록문맥 = str(코인이름) + " 블록 하나 이전 " + str(창세해시) + " 거래 " + str(변조거래내용) + " 증명 " + str(거래증명) + " 채굴자 " + str(채굴자주소) + " 보상 
lang	cryptocurrency-beginner.ko.nme	110	글 안	창세해시	대입	그밖/숫자	①값	저장 변조블록문맥 코인이름 블록 하나 이전 창세해시 거래 변조거래내용 증명 거래증명 채굴자 채굴자주소 보상 채굴보상	변조블록문맥 = str(코인이름) + " 블록 하나 이전 " + str(창세해시) + " 거래 " + str(변조거래내용) + " 증명 " + str(거래증명) + " 채굴자 " + str(채굴자주소) + " 보상 
lang	cryptocurrency-beginner.ko.nme	110	글 안	변조거래내용	대입	바꾼값	①값	저장 변조블록문맥 코인이름 블록 하나 이전 창세해시 거래 변조거래내용 증명 거래증명 채굴자 채굴자주소 보상 채굴보상	변조블록문맥 = str(코인이름) + " 블록 하나 이전 " + str(창세해시) + " 거래 " + str(변조거래내용) + " 증명 " + str(거래증명) + " 채굴자 " + str(채굴자주소) + " 보상 
lang	cryptocurrency-beginner.ko.nme	110	글 안	거래증명	대입	그밖	①값	저장 변조블록문맥 코인이름 블록 하나 이전 창세해시 거래 변조거래내용 증명 거래증명 채굴자 채굴자주소 보상 채굴보상	변조블록문맥 = str(코인이름) + " 블록 하나 이전 " + str(창세해시) + " 거래 " + str(변조거래내용) + " 증명 " + str(거래증명) + " 채굴자 " + str(채굴자주소) + " 보상 
lang	cryptocurrency-beginner.ko.nme	110	글 안	채굴자주소	대입	그밖	①값	저장 변조블록문맥 코인이름 블록 하나 이전 창세해시 거래 변조거래내용 증명 거래증명 채굴자 채굴자주소 보상 채굴보상	변조블록문맥 = str(코인이름) + " 블록 하나 이전 " + str(창세해시) + " 거래 " + str(변조거래내용) + " 증명 " + str(거래증명) + " 채굴자 " + str(채굴자주소) + " 보상 
lang	cryptocurrency-beginner.ko.nme	110	글 안	채굴보상	대입	숫자	①값	저장 변조블록문맥 코인이름 블록 하나 이전 창세해시 거래 변조거래내용 증명 거래증명 채굴자 채굴자주소 보상 채굴보상	변조블록문맥 = str(코인이름) + " 블록 하나 이전 " + str(창세해시) + " 거래 " + str(변조거래내용) + " 증명 " + str(거래증명) + " 채굴자 " + str(채굴자주소) + " 보상 
lang	cryptocurrency-beginner.ko.nme	114	비교의 오른쪽	블록해시	조건	그밖/숫자	①값	만약 변조블록해시 != 블록해시:	if (변조블록해시 != 블록해시):
lang	cryptocurrency-beginner.ko.nme	118	비교의 오른쪽	재전송예상번호	조건	셈한값	①값	만약 거래번호 != 재전송예상번호:	if (거래번호 != 재전송예상번호):
lang	cryptocurrency-beginner.ko.nme	125	비교의 오른쪽	총발행량	조건	셈한값/숫자	①값	만약 잔액합계 == 총발행량:	if (잔액합계 == 총발행량):
lang	cryptocurrency-sentence.en.nme	1	글 안	문맥값	그밖	모름	①값	use zeroknowledge latest	import secrets as 영지식비밀난수; zk_prime = 영지식큰소수 = 0xFFFFFFFFFFFFFFFFC90FDAA22168C234C4C6628B80DC1CD129024E088A67CC74020BBEA
lang	cryptocurrency-sentence.en.nme	22	글 안	coinname	출력	글자	①값	show coinname starts now	print(str(coinname) + " starts now")
lang	cryptocurrency-sentence.en.nme	23	글 안	difficulty	출력	숫자	①값	show Proof of work difficulty is difficulty bits	print("Proof of work difficulty is " + str(difficulty) + " bits")
lang	cryptocurrency-sentence.en.nme	25	글 안	coinname	대입	글자	①값	genesiscontext save coinname genesis block gives aliceaddress 100 coins	genesiscontext = str(coinname) + " genesis block gives " + str(aliceaddress) + " 100 coins"
lang	cryptocurrency-sentence.en.nme	25	글 안	aliceaddress	대입	그밖	①값	genesiscontext save coinname genesis block gives aliceaddress 100 coins	genesiscontext = str(coinname) + " genesis block gives " + str(aliceaddress) + " 100 coins"
lang	cryptocurrency-sentence.en.nme	43	글 안	genesistries	출력	셈한값/숫자	①값	show Genesis work attempts genesistries	print("Genesis work attempts " + str(genesistries))
lang	cryptocurrency-sentence.en.nme	51	글 안	aliceaddress	대입	그밖	①값	transactioncontext save aliceaddress sends transactionamount coins to bobaddress fee transactionfee nonce transactionnon	transactioncontext = str(aliceaddress) + " sends " + str(transactionamount) + " coins to " + str(bobaddress) + " fee " +
lang	cryptocurrency-sentence.en.nme	51	글 안	transactionamount	대입	숫자	①값	transactioncontext save aliceaddress sends transactionamount coins to bobaddress fee transactionfee nonce transactionnon	transactioncontext = str(aliceaddress) + " sends " + str(transactionamount) + " coins to " + str(bobaddress) + " fee " +
lang	cryptocurrency-sentence.en.nme	51	글 안	bobaddress	대입	그밖	①값	transactioncontext save aliceaddress sends transactionamount coins to bobaddress fee transactionfee nonce transactionnon	transactioncontext = str(aliceaddress) + " sends " + str(transactionamount) + " coins to " + str(bobaddress) + " fee " +
lang	cryptocurrency-sentence.en.nme	51	글 안	transactionfee	대입	숫자	①값	transactioncontext save aliceaddress sends transactionamount coins to bobaddress fee transactionfee nonce transactionnon	transactioncontext = str(aliceaddress) + " sends " + str(transactionamount) + " coins to " + str(bobaddress) + " fee " +
lang	cryptocurrency-sentence.en.nme	51	글 안	transactionnonce	대입	숫자	①값	transactioncontext save aliceaddress sends transactionamount coins to bobaddress fee transactionfee nonce transactionnon	transactioncontext = str(aliceaddress) + " sends " + str(transactionamount) + " coins to " + str(bobaddress) + " fee " +
lang	cryptocurrency-sentence.en.nme	58	비교의 오른쪽	expectednonce	조건	그밖/셈한값	①값	if transactionnonce equals expectednonce	if (transactionnonce == expectednonce):
lang	cryptocurrency-sentence.en.nme	72	글 안	coinname	대입	글자	①값	blockcontext save coinname block one previous genesishash transaction transactioncontext proof transactionproof miner mi	blockcontext = str(coinname) + " block one previous " + str(genesishash) + " transaction " + str(transactioncontext) + "
lang	cryptocurrency-sentence.en.nme	72	글 안	genesishash	대입	그밖/숫자	①값	blockcontext save coinname block one previous genesishash transaction transactioncontext proof transactionproof miner mi	blockcontext = str(coinname) + " block one previous " + str(genesishash) + " transaction " + str(transactioncontext) + "
lang	cryptocurrency-sentence.en.nme	72	글 안	transactioncontext	대입	바꾼값	①값	blockcontext save coinname block one previous genesishash transaction transactioncontext proof transactionproof miner mi	blockcontext = str(coinname) + " block one previous " + str(genesishash) + " transaction " + str(transactioncontext) + "
lang	cryptocurrency-sentence.en.nme	72	글 안	transactionproof	대입	그밖	①값	blockcontext save coinname block one previous genesishash transaction transactioncontext proof transactionproof miner mi	blockcontext = str(coinname) + " block one previous " + str(genesishash) + " transaction " + str(transactioncontext) + "
lang	cryptocurrency-sentence.en.nme	72	글 안	mineraddress	대입	그밖	①값	blockcontext save coinname block one previous genesishash transaction transactioncontext proof transactionproof miner mi	blockcontext = str(coinname) + " block one previous " + str(genesishash) + " transaction " + str(transactioncontext) + "
lang	cryptocurrency-sentence.en.nme	72	글 안	miningreward	대입	숫자	①값	blockcontext save coinname block one previous genesishash transaction transactioncontext proof transactionproof miner mi	blockcontext = str(coinname) + " block one previous " + str(genesishash) + " transaction " + str(transactioncontext) + "
lang	cryptocurrency-sentence.en.nme	96	글 안	blocktries	출력	셈한값/숫자	①값	show Block one work attempts blocktries	print("Block one work attempts " + str(blocktries))
lang	cryptocurrency-sentence.en.nme	98	글 안	aliceaddress	대입	그밖	①값	checktransactioncontext save aliceaddress sends transactionamount coins to bobaddress fee transactionfee nonce transacti	checktransactioncontext = str(aliceaddress) + " sends " + str(transactionamount) + " coins to " + str(bobaddress) + " fe
lang	cryptocurrency-sentence.en.nme	98	글 안	transactionamount	대입	숫자	①값	checktransactioncontext save aliceaddress sends transactionamount coins to bobaddress fee transactionfee nonce transacti	checktransactioncontext = str(aliceaddress) + " sends " + str(transactionamount) + " coins to " + str(bobaddress) + " fe
lang	cryptocurrency-sentence.en.nme	98	글 안	bobaddress	대입	그밖	①값	checktransactioncontext save aliceaddress sends transactionamount coins to bobaddress fee transactionfee nonce transacti	checktransactioncontext = str(aliceaddress) + " sends " + str(transactionamount) + " coins to " + str(bobaddress) + " fe
lang	cryptocurrency-sentence.en.nme	98	글 안	transactionfee	대입	숫자	①값	checktransactioncontext save aliceaddress sends transactionamount coins to bobaddress fee transactionfee nonce transacti	checktransactioncontext = str(aliceaddress) + " sends " + str(transactionamount) + " coins to " + str(bobaddress) + " fe
lang	cryptocurrency-sentence.en.nme	98	글 안	transactionnonce	대입	숫자	①값	checktransactioncontext save aliceaddress sends transactionamount coins to bobaddress fee transactionfee nonce transacti	checktransactioncontext = str(aliceaddress) + " sends " + str(transactionamount) + " coins to " + str(bobaddress) + " fe
lang	cryptocurrency-sentence.en.nme	100	글 안	coinname	대입	글자	①값	checkgenesiscontext save coinname genesis block gives aliceaddress 100 coins	checkgenesiscontext = str(coinname) + " genesis block gives " + str(aliceaddress) + " 100 coins"
lang	cryptocurrency-sentence.en.nme	100	글 안	aliceaddress	대입	그밖	①값	checkgenesiscontext save coinname genesis block gives aliceaddress 100 coins	checkgenesiscontext = str(coinname) + " genesis block gives " + str(aliceaddress) + " 100 coins"
lang	cryptocurrency-sentence.en.nme	102	글 안	coinname	대입	글자	①값	checkblockcontext save coinname block one previous genesishash transaction checktransactioncontext proof transactionproo	checkblockcontext = str(coinname) + " block one previous " + str(genesishash) + " transaction " + str(checktransactionco
lang	cryptocurrency-sentence.en.nme	102	글 안	genesishash	대입	그밖/숫자	①값	checkblockcontext save coinname block one previous genesishash transaction checktransactioncontext proof transactionproo	checkblockcontext = str(coinname) + " block one previous " + str(genesishash) + " transaction " + str(checktransactionco
lang	cryptocurrency-sentence.en.nme	102	글 안	checktransactioncontext	대입	바꾼값	①값	checkblockcontext save coinname block one previous genesishash transaction checktransactioncontext proof transactionproo	checkblockcontext = str(coinname) + " block one previous " + str(genesishash) + " transaction " + str(checktransactionco
lang	cryptocurrency-sentence.en.nme	102	글 안	transactionproof	대입	그밖	①값	checkblockcontext save coinname block one previous genesishash transaction checktransactioncontext proof transactionproo	checkblockcontext = str(coinname) + " block one previous " + str(genesishash) + " transaction " + str(checktransactionco
lang	cryptocurrency-sentence.en.nme	102	글 안	mineraddress	대입	그밖	①값	checkblockcontext save coinname block one previous genesishash transaction checktransactioncontext proof transactionproo	checkblockcontext = str(coinname) + " block one previous " + str(genesishash) + " transaction " + str(checktransactionco
lang	cryptocurrency-sentence.en.nme	102	글 안	miningreward	대입	숫자	①값	checkblockcontext save coinname block one previous genesishash transaction checktransactioncontext proof transactionproo	checkblockcontext = str(coinname) + " block one previous " + str(genesishash) + " transaction " + str(checktransactionco
lang	cryptocurrency-sentence.en.nme	110	비교의 오른쪽	genesishash	조건	그밖/숫자	①값	if checkgenesishash equals genesishash	if (checkgenesishash == genesishash):
lang	cryptocurrency-sentence.en.nme	112	비교의 오른쪽	blockhash	조건	그밖/숫자	①값	if checkblockhash equals blockhash	if (checkblockhash == blockhash):
lang	cryptocurrency-sentence.en.nme	114	비교의 오른쪽	totalsupply	조건	셈한값/숫자	①값	if balancesum equals totalsupply	if (balancesum == totalsupply):
lang	cryptocurrency-sentence.en.nme	128	글 안	aliceaddress	대입	그밖	①값	tamperedcontext save aliceaddress sends tamperedamount coins to bobaddress fee transactionfee nonce transactionnonce	tamperedcontext = str(aliceaddress) + " sends " + str(tamperedamount) + " coins to " + str(bobaddress) + " fee " + str(t
lang	cryptocurrency-sentence.en.nme	128	글 안	tamperedamount	대입	숫자	①값	tamperedcontext save aliceaddress sends tamperedamount coins to bobaddress fee transactionfee nonce transactionnonce	tamperedcontext = str(aliceaddress) + " sends " + str(tamperedamount) + " coins to " + str(bobaddress) + " fee " + str(t
lang	cryptocurrency-sentence.en.nme	128	글 안	bobaddress	대입	그밖	①값	tamperedcontext save aliceaddress sends tamperedamount coins to bobaddress fee transactionfee nonce transactionnonce	tamperedcontext = str(aliceaddress) + " sends " + str(tamperedamount) + " coins to " + str(bobaddress) + " fee " + str(t
lang	cryptocurrency-sentence.en.nme	128	글 안	transactionfee	대입	숫자	①값	tamperedcontext save aliceaddress sends tamperedamount coins to bobaddress fee transactionfee nonce transactionnonce	tamperedcontext = str(aliceaddress) + " sends " + str(tamperedamount) + " coins to " + str(bobaddress) + " fee " + str(t
lang	cryptocurrency-sentence.en.nme	128	글 안	transactionnonce	대입	숫자	①값	tamperedcontext save aliceaddress sends tamperedamount coins to bobaddress fee transactionfee nonce transactionnonce	tamperedcontext = str(aliceaddress) + " sends " + str(tamperedamount) + " coins to " + str(bobaddress) + " fee " + str(t
lang	cryptocurrency-sentence.en.nme	130	글 안	coinname	대입	글자	①값	tamperedblockcontext save coinname block one previous genesishash transaction tamperedcontext proof transactionproof min	tamperedblockcontext = str(coinname) + " block one previous " + str(genesishash) + " transaction " + str(tamperedcontext
lang	cryptocurrency-sentence.en.nme	130	글 안	genesishash	대입	그밖/숫자	①값	tamperedblockcontext save coinname block one previous genesishash transaction tamperedcontext proof transactionproof min	tamperedblockcontext = str(coinname) + " block one previous " + str(genesishash) + " transaction " + str(tamperedcontext
lang	cryptocurrency-sentence.en.nme	130	글 안	tamperedcontext	대입	바꾼값	①값	tamperedblockcontext save coinname block one previous genesishash transaction tamperedcontext proof transactionproof min	tamperedblockcontext = str(coinname) + " block one previous " + str(genesishash) + " transaction " + str(tamperedcontext
lang	cryptocurrency-sentence.en.nme	130	글 안	transactionproof	대입	그밖	①값	tamperedblockcontext save coinname block one previous genesishash transaction tamperedcontext proof transactionproof min	tamperedblockcontext = str(coinname) + " block one previous " + str(genesishash) + " transaction " + str(tamperedcontext
lang	cryptocurrency-sentence.en.nme	130	글 안	mineraddress	대입	그밖	①값	tamperedblockcontext save coinname block one previous genesishash transaction tamperedcontext proof transactionproof min	tamperedblockcontext = str(coinname) + " block one previous " + str(genesishash) + " transaction " + str(tamperedcontext
lang	cryptocurrency-sentence.en.nme	130	글 안	miningreward	대입	숫자	①값	tamperedblockcontext save coinname block one previous genesishash transaction tamperedcontext proof transactionproof min	tamperedblockcontext = str(coinname) + " block one previous " + str(genesishash) + " transaction " + str(tamperedcontext
lang	cryptocurrency-sentence.en.nme	135	비교의 오른쪽	blockhash	조건	그밖/숫자	①값	if tamperedblockhash is not equal to blockhash	if (tamperedblockhash != blockhash):
lang	cryptocurrency-sentence.en.nme	141	비교의 오른쪽	replayexpectednonce	조건	그밖/셈한값	①값	if transactionnonce is not equal to replayexpectednonce	if (transactionnonce != replayexpectednonce):
lang	cryptocurrency-sentence.en.nme	145	글 안	alicebalance	출력	셈한값/숫자	①값	show Alice final balance alicebalance	print("Alice final balance " + str(alicebalance))
lang	cryptocurrency-sentence.en.nme	146	글 안	bobbalance	출력	셈한값/숫자	①값	show Bob final balance bobbalance	print("Bob final balance " + str(bobbalance))
lang	cryptocurrency-sentence.en.nme	147	글 안	minerbalance	출력	셈한값/숫자	①값	show Miner final balance minerbalance	print("Miner final balance " + str(minerbalance))
lang	cryptocurrency-sentence.en.nme	148	글 안	totalsupply	출력	셈한값/숫자	①값	show Total supply totalsupply	print("Total supply " + str(totalsupply))
lang	cryptocurrency-sentence.en.nme	149	비교의 오른쪽	totalsupply	조건	셈한값/숫자	①값	if balancesum equals totalsupply	if (balancesum == totalsupply):
lang	cryptocurrency-sentence.ko.nme	1	글 안	문맥값	그밖	모름	①값	영지식 사용 최신	import secrets as 영지식비밀난수; zk_prime = 영지식큰소수 = 0xFFFFFFFFFFFFFFFFC90FDAA22168C234C4C6628B80DC1CD129024E088A67CC74020BBEA
lang	cryptocurrency-sentence.ko.nme	22	글 안	코인이름	출력	글자	①값	코인이름 시작합니다 말해줘	print(str(코인이름) + " 시작합니다")
lang	cryptocurrency-sentence.ko.nme	23	글 안	작업난이도	출력	숫자	①값	작업증명 난이도는 작업난이도 비트입니다 말해줘	print("작업증명 난이도는 " + str(작업난이도) + " 비트입니다")
lang	cryptocurrency-sentence.ko.nme	25	글 안	코인이름	대입	글자	①값	창세문맥은 코인이름 창세 블록 민수주소 에게 100 코인 발행	창세문맥 = str(코인이름) + " 창세 블록 " + str(민수주소) + " 에게 100 코인 발행"
lang	cryptocurrency-sentence.ko.nme	25	글 안	민수주소	대입	그밖	①값	창세문맥은 코인이름 창세 블록 민수주소 에게 100 코인 발행	창세문맥 = str(코인이름) + " 창세 블록 " + str(민수주소) + " 에게 100 코인 발행"
lang	cryptocurrency-sentence.ko.nme	43	글 안	창세시도	출력	셈한값/숫자	①값	창세 블록 작업 횟수는 창세시도 입니다 말해줘	print("창세 블록 작업 횟수는 " + str(창세시도) + " 입니다")
lang	cryptocurrency-sentence.ko.nme	52	글 안	민수주소	대입	그밖	①값	거래내용은 민수주소 에서 지수주소 에게 거래금액 코인 전송 수수료 거래수수료값 거래번호 거래번호	거래내용 = str(민수주소) + " 에서 " + str(지수주소) + " 에게 " + str(거래금액) + " 코인 전송 수수료 " + str(거래수수료값) + " 거래번호 " + str(거래번호)
lang	cryptocurrency-sentence.ko.nme	52	글 안	지수주소	대입	그밖	①값	거래내용은 민수주소 에서 지수주소 에게 거래금액 코인 전송 수수료 거래수수료값 거래번호 거래번호	거래내용 = str(민수주소) + " 에서 " + str(지수주소) + " 에게 " + str(거래금액) + " 코인 전송 수수료 " + str(거래수수료값) + " 거래번호 " + str(거래번호)
lang	cryptocurrency-sentence.ko.nme	52	글 안	거래금액	대입	숫자	①값	거래내용은 민수주소 에서 지수주소 에게 거래금액 코인 전송 수수료 거래수수료값 거래번호 거래번호	거래내용 = str(민수주소) + " 에서 " + str(지수주소) + " 에게 " + str(거래금액) + " 코인 전송 수수료 " + str(거래수수료값) + " 거래번호 " + str(거래번호)
lang	cryptocurrency-sentence.ko.nme	52	글 안	거래수수료값	대입	그밖	①값	거래내용은 민수주소 에서 지수주소 에게 거래금액 코인 전송 수수료 거래수수료값 거래번호 거래번호	거래내용 = str(민수주소) + " 에서 " + str(지수주소) + " 에게 " + str(거래금액) + " 코인 전송 수수료 " + str(거래수수료값) + " 거래번호 " + str(거래번호)
lang	cryptocurrency-sentence.ko.nme	52	글 안	거래번호	대입	숫자	①값	거래내용은 민수주소 에서 지수주소 에게 거래금액 코인 전송 수수료 거래수수료값 거래번호 거래번호	거래내용 = str(민수주소) + " 에서 " + str(지수주소) + " 에게 " + str(거래금액) + " 코인 전송 수수료 " + str(거래수수료값) + " 거래번호 " + str(거래번호)
lang	cryptocurrency-sentence.ko.nme	59	비교의 오른쪽	예상거래번호	조건	그밖/셈한값	①값	만약에 거래번호가 예상거래번호와 같으면	if (거래번호 == 예상거래번호):
lang	cryptocurrency-sentence.ko.nme	73	글 안	코인이름	대입	글자	①값	블록문맥은 코인이름 블록 하나 이전 창세해시 거래 거래내용 증명 거래증명 채굴자 채굴자주소 보상 채굴보상	블록문맥 = str(코인이름) + " 블록 하나 이전 " + str(창세해시) + " 거래 " + str(거래내용) + " 증명 " + str(거래증명) + " 채굴자 " + str(채굴자주소) + " 보상 " + 
lang	cryptocurrency-sentence.ko.nme	73	글 안	창세해시	대입	그밖/숫자	①값	블록문맥은 코인이름 블록 하나 이전 창세해시 거래 거래내용 증명 거래증명 채굴자 채굴자주소 보상 채굴보상	블록문맥 = str(코인이름) + " 블록 하나 이전 " + str(창세해시) + " 거래 " + str(거래내용) + " 증명 " + str(거래증명) + " 채굴자 " + str(채굴자주소) + " 보상 " + 
lang	cryptocurrency-sentence.ko.nme	73	글 안	거래내용	대입	바꾼값	①값	블록문맥은 코인이름 블록 하나 이전 창세해시 거래 거래내용 증명 거래증명 채굴자 채굴자주소 보상 채굴보상	블록문맥 = str(코인이름) + " 블록 하나 이전 " + str(창세해시) + " 거래 " + str(거래내용) + " 증명 " + str(거래증명) + " 채굴자 " + str(채굴자주소) + " 보상 " + 
lang	cryptocurrency-sentence.ko.nme	73	글 안	거래증명	대입	그밖	①값	블록문맥은 코인이름 블록 하나 이전 창세해시 거래 거래내용 증명 거래증명 채굴자 채굴자주소 보상 채굴보상	블록문맥 = str(코인이름) + " 블록 하나 이전 " + str(창세해시) + " 거래 " + str(거래내용) + " 증명 " + str(거래증명) + " 채굴자 " + str(채굴자주소) + " 보상 " + 
lang	cryptocurrency-sentence.ko.nme	73	글 안	채굴자주소	대입	그밖	①값	블록문맥은 코인이름 블록 하나 이전 창세해시 거래 거래내용 증명 거래증명 채굴자 채굴자주소 보상 채굴보상	블록문맥 = str(코인이름) + " 블록 하나 이전 " + str(창세해시) + " 거래 " + str(거래내용) + " 증명 " + str(거래증명) + " 채굴자 " + str(채굴자주소) + " 보상 " + 
lang	cryptocurrency-sentence.ko.nme	73	글 안	채굴보상	대입	숫자	①값	블록문맥은 코인이름 블록 하나 이전 창세해시 거래 거래내용 증명 거래증명 채굴자 채굴자주소 보상 채굴보상	블록문맥 = str(코인이름) + " 블록 하나 이전 " + str(창세해시) + " 거래 " + str(거래내용) + " 증명 " + str(거래증명) + " 채굴자 " + str(채굴자주소) + " 보상 " + 
lang	cryptocurrency-sentence.ko.nme	97	글 안	블록시도	출력	셈한값/숫자	①값	블록 하나 작업 횟수는 블록시도 입니다 말해줘	print("블록 하나 작업 횟수는 " + str(블록시도) + " 입니다")
lang	cryptocurrency-sentence.ko.nme	99	글 안	민수주소	대입	그밖	①값	검증거래내용은 민수주소 에서 지수주소 에게 거래금액 코인 전송 수수료 거래수수료값 거래번호 거래번호	검증거래내용 = str(민수주소) + " 에서 " + str(지수주소) + " 에게 " + str(거래금액) + " 코인 전송 수수료 " + str(거래수수료값) + " 거래번호 " + str(거래번호)
lang	cryptocurrency-sentence.ko.nme	99	글 안	지수주소	대입	그밖	①값	검증거래내용은 민수주소 에서 지수주소 에게 거래금액 코인 전송 수수료 거래수수료값 거래번호 거래번호	검증거래내용 = str(민수주소) + " 에서 " + str(지수주소) + " 에게 " + str(거래금액) + " 코인 전송 수수료 " + str(거래수수료값) + " 거래번호 " + str(거래번호)
lang	cryptocurrency-sentence.ko.nme	99	글 안	거래금액	대입	숫자	①값	검증거래내용은 민수주소 에서 지수주소 에게 거래금액 코인 전송 수수료 거래수수료값 거래번호 거래번호	검증거래내용 = str(민수주소) + " 에서 " + str(지수주소) + " 에게 " + str(거래금액) + " 코인 전송 수수료 " + str(거래수수료값) + " 거래번호 " + str(거래번호)
lang	cryptocurrency-sentence.ko.nme	99	글 안	거래수수료값	대입	그밖	①값	검증거래내용은 민수주소 에서 지수주소 에게 거래금액 코인 전송 수수료 거래수수료값 거래번호 거래번호	검증거래내용 = str(민수주소) + " 에서 " + str(지수주소) + " 에게 " + str(거래금액) + " 코인 전송 수수료 " + str(거래수수료값) + " 거래번호 " + str(거래번호)
lang	cryptocurrency-sentence.ko.nme	99	글 안	거래번호	대입	숫자	①값	검증거래내용은 민수주소 에서 지수주소 에게 거래금액 코인 전송 수수료 거래수수료값 거래번호 거래번호	검증거래내용 = str(민수주소) + " 에서 " + str(지수주소) + " 에게 " + str(거래금액) + " 코인 전송 수수료 " + str(거래수수료값) + " 거래번호 " + str(거래번호)
lang	cryptocurrency-sentence.ko.nme	101	글 안	코인이름	대입	글자	①값	검증창세문맥은 코인이름 창세 블록 민수주소 에게 100 코인 발행	검증창세문맥 = str(코인이름) + " 창세 블록 " + str(민수주소) + " 에게 100 코인 발행"
lang	cryptocurrency-sentence.ko.nme	101	글 안	민수주소	대입	그밖	①값	검증창세문맥은 코인이름 창세 블록 민수주소 에게 100 코인 발행	검증창세문맥 = str(코인이름) + " 창세 블록 " + str(민수주소) + " 에게 100 코인 발행"
lang	cryptocurrency-sentence.ko.nme	103	글 안	코인이름	대입	글자	①값	검증블록문맥은 코인이름 블록 하나 이전 창세해시 거래 검증거래내용 증명 거래증명 채굴자 채굴자주소 보상 채굴보상	검증블록문맥 = str(코인이름) + " 블록 하나 이전 " + str(창세해시) + " 거래 " + str(검증거래내용) + " 증명 " + str(거래증명) + " 채굴자 " + str(채굴자주소) + " 보상 
lang	cryptocurrency-sentence.ko.nme	103	글 안	창세해시	대입	그밖/숫자	①값	검증블록문맥은 코인이름 블록 하나 이전 창세해시 거래 검증거래내용 증명 거래증명 채굴자 채굴자주소 보상 채굴보상	검증블록문맥 = str(코인이름) + " 블록 하나 이전 " + str(창세해시) + " 거래 " + str(검증거래내용) + " 증명 " + str(거래증명) + " 채굴자 " + str(채굴자주소) + " 보상 
lang	cryptocurrency-sentence.ko.nme	103	글 안	검증거래내용	대입	바꾼값	①값	검증블록문맥은 코인이름 블록 하나 이전 창세해시 거래 검증거래내용 증명 거래증명 채굴자 채굴자주소 보상 채굴보상	검증블록문맥 = str(코인이름) + " 블록 하나 이전 " + str(창세해시) + " 거래 " + str(검증거래내용) + " 증명 " + str(거래증명) + " 채굴자 " + str(채굴자주소) + " 보상 
lang	cryptocurrency-sentence.ko.nme	103	글 안	거래증명	대입	그밖	①값	검증블록문맥은 코인이름 블록 하나 이전 창세해시 거래 검증거래내용 증명 거래증명 채굴자 채굴자주소 보상 채굴보상	검증블록문맥 = str(코인이름) + " 블록 하나 이전 " + str(창세해시) + " 거래 " + str(검증거래내용) + " 증명 " + str(거래증명) + " 채굴자 " + str(채굴자주소) + " 보상 
lang	cryptocurrency-sentence.ko.nme	103	글 안	채굴자주소	대입	그밖	①값	검증블록문맥은 코인이름 블록 하나 이전 창세해시 거래 검증거래내용 증명 거래증명 채굴자 채굴자주소 보상 채굴보상	검증블록문맥 = str(코인이름) + " 블록 하나 이전 " + str(창세해시) + " 거래 " + str(검증거래내용) + " 증명 " + str(거래증명) + " 채굴자 " + str(채굴자주소) + " 보상 
lang	cryptocurrency-sentence.ko.nme	103	글 안	채굴보상	대입	숫자	①값	검증블록문맥은 코인이름 블록 하나 이전 창세해시 거래 검증거래내용 증명 거래증명 채굴자 채굴자주소 보상 채굴보상	검증블록문맥 = str(코인이름) + " 블록 하나 이전 " + str(창세해시) + " 거래 " + str(검증거래내용) + " 증명 " + str(거래증명) + " 채굴자 " + str(채굴자주소) + " 보상 
lang	cryptocurrency-sentence.ko.nme	111	비교의 오른쪽	창세해시	조건	그밖/숫자	①값	만약에 검증창세해시가 창세해시와 같으면	if (검증창세해시 == 창세해시):
lang	cryptocurrency-sentence.ko.nme	113	비교의 오른쪽	블록해시	조건	그밖/숫자	①값	만약에 검증블록해시가 블록해시와 같으면	if (검증블록해시 == 블록해시):
lang	cryptocurrency-sentence.ko.nme	115	비교의 오른쪽	총발행량	조건	셈한값/숫자	①값	만약에 잔액합계가 총발행량과 같으면	if (잔액합계 == 총발행량):
lang	cryptocurrency-sentence.ko.nme	129	글 안	민수주소	대입	그밖	①값	변조거래내용은 민수주소 에서 지수주소 에게 변조금액 코인 전송 수수료 거래수수료값 거래번호 거래번호	변조거래내용 = str(민수주소) + " 에서 " + str(지수주소) + " 에게 " + str(변조금액) + " 코인 전송 수수료 " + str(거래수수료값) + " 거래번호 " + str(거래번호)
lang	cryptocurrency-sentence.ko.nme	129	글 안	지수주소	대입	그밖	①값	변조거래내용은 민수주소 에서 지수주소 에게 변조금액 코인 전송 수수료 거래수수료값 거래번호 거래번호	변조거래내용 = str(민수주소) + " 에서 " + str(지수주소) + " 에게 " + str(변조금액) + " 코인 전송 수수료 " + str(거래수수료값) + " 거래번호 " + str(거래번호)
lang	cryptocurrency-sentence.ko.nme	129	글 안	변조금액	대입	숫자	①값	변조거래내용은 민수주소 에서 지수주소 에게 변조금액 코인 전송 수수료 거래수수료값 거래번호 거래번호	변조거래내용 = str(민수주소) + " 에서 " + str(지수주소) + " 에게 " + str(변조금액) + " 코인 전송 수수료 " + str(거래수수료값) + " 거래번호 " + str(거래번호)
lang	cryptocurrency-sentence.ko.nme	129	글 안	거래수수료값	대입	그밖	①값	변조거래내용은 민수주소 에서 지수주소 에게 변조금액 코인 전송 수수료 거래수수료값 거래번호 거래번호	변조거래내용 = str(민수주소) + " 에서 " + str(지수주소) + " 에게 " + str(변조금액) + " 코인 전송 수수료 " + str(거래수수료값) + " 거래번호 " + str(거래번호)
lang	cryptocurrency-sentence.ko.nme	129	글 안	거래번호	대입	숫자	①값	변조거래내용은 민수주소 에서 지수주소 에게 변조금액 코인 전송 수수료 거래수수료값 거래번호 거래번호	변조거래내용 = str(민수주소) + " 에서 " + str(지수주소) + " 에게 " + str(변조금액) + " 코인 전송 수수료 " + str(거래수수료값) + " 거래번호 " + str(거래번호)
lang	cryptocurrency-sentence.ko.nme	131	글 안	코인이름	대입	글자	①값	변조블록문맥은 코인이름 블록 하나 이전 창세해시 거래 변조거래내용 증명 거래증명 채굴자 채굴자주소 보상 채굴보상	변조블록문맥 = str(코인이름) + " 블록 하나 이전 " + str(창세해시) + " 거래 " + str(변조거래내용) + " 증명 " + str(거래증명) + " 채굴자 " + str(채굴자주소) + " 보상 
lang	cryptocurrency-sentence.ko.nme	131	글 안	창세해시	대입	그밖/숫자	①값	변조블록문맥은 코인이름 블록 하나 이전 창세해시 거래 변조거래내용 증명 거래증명 채굴자 채굴자주소 보상 채굴보상	변조블록문맥 = str(코인이름) + " 블록 하나 이전 " + str(창세해시) + " 거래 " + str(변조거래내용) + " 증명 " + str(거래증명) + " 채굴자 " + str(채굴자주소) + " 보상 
lang	cryptocurrency-sentence.ko.nme	131	글 안	변조거래내용	대입	바꾼값	①값	변조블록문맥은 코인이름 블록 하나 이전 창세해시 거래 변조거래내용 증명 거래증명 채굴자 채굴자주소 보상 채굴보상	변조블록문맥 = str(코인이름) + " 블록 하나 이전 " + str(창세해시) + " 거래 " + str(변조거래내용) + " 증명 " + str(거래증명) + " 채굴자 " + str(채굴자주소) + " 보상 
lang	cryptocurrency-sentence.ko.nme	131	글 안	거래증명	대입	그밖	①값	변조블록문맥은 코인이름 블록 하나 이전 창세해시 거래 변조거래내용 증명 거래증명 채굴자 채굴자주소 보상 채굴보상	변조블록문맥 = str(코인이름) + " 블록 하나 이전 " + str(창세해시) + " 거래 " + str(변조거래내용) + " 증명 " + str(거래증명) + " 채굴자 " + str(채굴자주소) + " 보상 
lang	cryptocurrency-sentence.ko.nme	131	글 안	채굴자주소	대입	그밖	①값	변조블록문맥은 코인이름 블록 하나 이전 창세해시 거래 변조거래내용 증명 거래증명 채굴자 채굴자주소 보상 채굴보상	변조블록문맥 = str(코인이름) + " 블록 하나 이전 " + str(창세해시) + " 거래 " + str(변조거래내용) + " 증명 " + str(거래증명) + " 채굴자 " + str(채굴자주소) + " 보상 
lang	cryptocurrency-sentence.ko.nme	131	글 안	채굴보상	대입	숫자	①값	변조블록문맥은 코인이름 블록 하나 이전 창세해시 거래 변조거래내용 증명 거래증명 채굴자 채굴자주소 보상 채굴보상	변조블록문맥 = str(코인이름) + " 블록 하나 이전 " + str(창세해시) + " 거래 " + str(변조거래내용) + " 증명 " + str(거래증명) + " 채굴자 " + str(채굴자주소) + " 보상 
lang	cryptocurrency-sentence.ko.nme	136	비교의 오른쪽	블록해시	조건	그밖/숫자	①값	만약에 변조블록해시가 블록해시와 같지않으면	if (변조블록해시 != 블록해시):
lang	cryptocurrency-sentence.ko.nme	142	비교의 오른쪽	재전송예상번호	조건	그밖/셈한값	①값	만약에 거래번호가 재전송예상번호와 같지않으면	if (거래번호 != 재전송예상번호):
lang	cryptocurrency-sentence.ko.nme	143	글 안	거래번호	출력	숫자	①값	같은 거래의 재전송을 거래번호가 거부했습니다 말해줘	print("같은 거래의 재전송을 " + str(거래번호) + "가 거부했습니다")
lang	cryptocurrency-sentence.ko.nme	146	글 안	민수잔액	출력	셈한값/숫자	①값	민수 최종 잔액은 민수잔액 코인입니다 말해줘	print("민수 최종 잔액은 " + str(민수잔액) + " 코인입니다")
lang	cryptocurrency-sentence.ko.nme	147	글 안	지수잔액	출력	셈한값/숫자	①값	지수 최종 잔액은 지수잔액 코인입니다 말해줘	print("지수 최종 잔액은 " + str(지수잔액) + " 코인입니다")
lang	cryptocurrency-sentence.ko.nme	148	글 안	채굴자잔액	출력	셈한값/숫자	①값	채굴자 최종 잔액은 채굴자잔액 코인입니다 말해줘	print("채굴자 최종 잔액은 " + str(채굴자잔액) + " 코인입니다")
lang	cryptocurrency-sentence.ko.nme	149	글 안	총발행량	출력	셈한값/숫자	①값	총 발행량은 총발행량 코인입니다 말해줘	print("총 발행량은 " + str(총발행량) + " 코인입니다")
lang	cryptocurrency-sentence.ko.nme	150	비교의 오른쪽	총발행량	조건	셈한값/숫자	①값	만약에 잔액합계가 총발행량과 같으면	if (잔액합계 == 총발행량):
lang	guessing-game.ko.nme	6	비교의 오른쪽	정답	조건	그밖	①값	만약에 추측이 정답과 같으면	if (추측 == 정답):
lang	guessing-game.nme	6	비교의 오른쪽	answer	조건	그밖	①값	if guess equals answer	if (guess == answer):
lang	needmorecoin-advanced.en.nme	141	비교의 오른쪽	previous_hash	조건	그밖/글자	①값	if current.height != position or current.previous_hash != previous_hash:	if current.height != position or current.previous_hash != previous_hash:
lang	needmorecoin-advanced.en.nme	155	비교의 오른쪽	expected_nonce	조건	셈한값	①값	if transaction.nonce != expected_nonce or transaction.amount <= 0:	if transaction.nonce != expected_nonce or transaction.amount <= 0:
lang	needmorecoin-advanced.en.nme	168	비교의 오른쪽	supply	그밖	그밖	①값	return sum(balances.values()) == supply, balances, supply, used_nonces	return sum(balances.values()) == supply, balances, supply, used_nonces
lang	needmorecoin-advanced.en.nme	189	비교의 오른쪽	supply	그밖	그밖	①값	assert sum(balances.values()) == supply	assert sum(balances.values()) == supply
lang	needmorecoin-advanced.en.nme	209	비교의 오른쪽	block_one	그밖	그밖	①값	assert calculate_block_hash(tampered_block) != block_one.hash	assert calculate_block_hash(tampered_block) != block_one.hash
lang	needmorecoin-advanced.ko.nme	139	비교의 오른쪽	이전해시	조건	그밖/글자	①값	if 현재.높이 != 위치 or 현재.이전해시 != 이전해시:	if 현재.높이 != 위치 or 현재.이전해시 != 이전해시:
lang	needmorecoin-advanced.ko.nme	153	비교의 오른쪽	예상번호	조건	셈한값	①값	if 현재거래.번호 != 예상번호 or 현재거래.금액 <= 0:	if 현재거래.번호 != 예상번호 or 현재거래.금액 <= 0:
lang	needmorecoin-advanced.ko.nme	166	비교의 오른쪽	발행량	그밖	그밖	①값	return sum(잔액.values()) == 발행량, 잔액, 발행량, 사용번호	return sum(잔액.values()) == 발행량, 잔액, 발행량, 사용번호
lang	needmorecoin-advanced.ko.nme	187	비교의 오른쪽	발행량	그밖	그밖	①값	assert sum(잔액.values()) == 발행량	assert sum(잔액.values()) == 발행량
lang	needmorecoin-advanced.ko.nme	192	비교의 오른쪽	블록하나	그밖	그밖	①값	assert 블록해시(변조블록) != 블록하나.해시	assert 블록해시(변조블록) != 블록하나.해시
lang	needmorecoin-beginner.en.nme	4	글 안	문맥값	그밖	모름	①값	use zero_knowledge latest	import secrets as 영지식비밀난수; zk_prime = 영지식큰소수 = 0xFFFFFFFFFFFFFFFFC90FDAA22168C234C4C6628B80DC1CD129024E088A67CC74020BBEA
lang	needmorecoin-beginner.en.nme	59	비교의 오른쪽	alice_nonce	조건	그밖/숫자	①값	when nonce_one == alice_nonce + 1:	if (nonce_one == alice_nonce + 1):
lang	needmorecoin-beginner.en.nme	100	비교의 오른쪽	bob_nonce	조건	그밖/숫자	①값	when nonce_two == bob_nonce + 1:	if (nonce_two == bob_nonce + 1):
lang	needmorecoin-beginner.en.nme	137	비교의 오른쪽	genesis_hash	조건	그밖/숫자	①값	when verify_genesis_hash == genesis_hash and verify_genesis_hash < work_target:	if (verify_genesis_hash == genesis_hash and verify_genesis_hash < work_target):
lang	needmorecoin-beginner.en.nme	138	비교의 오른쪽	block_one_hash	조건	그밖/숫자	①값	when verify_block_one_hash == block_one_hash and verify_block_one_hash < work_target:	if (verify_block_one_hash == block_one_hash and verify_block_one_hash < work_target):
lang	needmorecoin-beginner.en.nme	139	비교의 오른쪽	block_two_hash	조건	그밖/숫자	①값	when verify_block_two_hash == block_two_hash and verify_block_two_hash < work_target:	if (verify_block_two_hash == block_two_hash and verify_block_two_hash < work_target):
lang	needmorecoin-beginner.en.nme	151	비교의 오른쪽	block_one_hash	조건	그밖/숫자	①값	when tampered_block_hash != block_one_hash:	if (tampered_block_hash != block_one_hash):
lang	needmorecoin-beginner.en.nme	155	비교의 오른쪽	replay_expected_nonce	조건	셈한값	①값	when nonce_one != replay_expected_nonce:	if (nonce_one != replay_expected_nonce):
lang	needmorecoin-beginner.en.nme	164	비교의 오른쪽	total_supply	조건	셈한값/숫자	①값	when balance_sum == total_supply:	if (balance_sum == total_supply):
lang	needmorecoin-beginner.ko.nme	4	글 안	문맥값	그밖	모름	①값	영지식 사용 최신	import secrets as 영지식비밀난수; zk_prime = 영지식큰소수 = 0xFFFFFFFFFFFFFFFFC90FDAA22168C234C4C6628B80DC1CD129024E088A67CC74020BBEA
lang	needmorecoin-beginner.ko.nme	58	비교의 오른쪽	민수번호	조건	그밖/숫자	①값	만약 거래하나번호 == 민수번호 + 1:	if (거래하나번호 == 민수번호 + 1):
lang	needmorecoin-beginner.ko.nme	98	비교의 오른쪽	지수번호	조건	그밖/숫자	①값	만약 거래둘번호 == 지수번호 + 1:	if (거래둘번호 == 지수번호 + 1):
lang	needmorecoin-beginner.ko.nme	134	비교의 오른쪽	창세해시	조건	그밖/숫자	①값	만약 다시창세해시 == 창세해시 and 다시창세해시 < 작업목표:	if (다시창세해시 == 창세해시 and 다시창세해시 < 작업목표):
lang	needmorecoin-beginner.ko.nme	135	비교의 오른쪽	블록하나해시	조건	그밖/숫자	①값	만약 다시블록하나해시 == 블록하나해시 and 다시블록하나해시 < 작업목표:	if (다시블록하나해시 == 블록하나해시 and 다시블록하나해시 < 작업목표):
lang	needmorecoin-beginner.ko.nme	136	비교의 오른쪽	블록둘해시	조건	그밖/숫자	①값	만약 다시블록둘해시 == 블록둘해시 and 다시블록둘해시 < 작업목표:	if (다시블록둘해시 == 블록둘해시 and 다시블록둘해시 < 작업목표):
lang	needmorecoin-beginner.ko.nme	148	비교의 오른쪽	블록하나해시	조건	그밖/숫자	①값	만약 변조블록해시 != 블록하나해시:	if (변조블록해시 != 블록하나해시):
lang	needmorecoin-beginner.ko.nme	152	비교의 오른쪽	재전송예상	조건	셈한값	①값	만약 거래하나번호 != 재전송예상:	if (거래하나번호 != 재전송예상):
lang	needmorecoin-beginner.ko.nme	161	비교의 오른쪽	총발행량	조건	셈한값/숫자	①값	만약 최종합계 == 총발행량:	if (최종합계 == 총발행량):
lang	needmorecoin-sentence.en.nme	1	글 안	문맥값	그밖	모름	①값	use zeroknowledge latest	import secrets as 영지식비밀난수; zk_prime = 영지식큰소수 = 0xFFFFFFFFFFFFFFFFC90FDAA22168C234C4C6628B80DC1CD129024E088A67CC74020BBEA
lang	needmorecoin-sentence.en.nme	22	글 안	coinname	출력	글자	①값	show coinname is starting	print(str(coinname) + " is starting")
lang	needmorecoin-sentence.en.nme	23	글 안	aliceaddress	출력	그밖	①값	show Alice wallet address is aliceaddress	print("Alice wallet address is " + str(aliceaddress))
lang	needmorecoin-sentence.en.nme	24	글 안	bobaddress	출력	그밖	①값	show Bob wallet address is bobaddress	print("Bob wallet address is " + str(bobaddress))
lang	needmorecoin-sentence.en.nme	25	글 안	mineraddress	출력	그밖	①값	show Miner wallet address is mineraddress	print("Miner wallet address is " + str(mineraddress))
lang	needmorecoin-sentence.en.nme	27	글 안	coinname	대입	글자	①값	genesiscontext save coinname genesis block gives aliceaddress 100 coins	genesiscontext = str(coinname) + " genesis block gives " + str(aliceaddress) + " 100 coins"
lang	needmorecoin-sentence.en.nme	27	글 안	aliceaddress	대입	그밖	①값	genesiscontext save coinname genesis block gives aliceaddress 100 coins	genesiscontext = str(coinname) + " genesis block gives " + str(aliceaddress) + " 100 coins"
lang	needmorecoin-sentence.en.nme	44	글 안	genesisattempts	출력	셈한값/숫자	①값	show Genesis block mined after genesisattempts attempts	print("Genesis block mined after " + str(genesisattempts) + " attempts")
lang	needmorecoin-sentence.en.nme	45	글 안	genesishash	출력	그밖/숫자	①값	show Genesis block hash is genesishash	print("Genesis block hash is " + str(genesishash))
lang	needmorecoin-sentence.en.nme	52	글 안	aliceaddress	대입	그밖	①값	contextone save aliceaddress sends amountone coins to bobaddress fee feeone nonce nonceone	contextone = str(aliceaddress) + " sends " + str(amountone) + " coins to " + str(bobaddress) + " fee " + str(feeone) + "
lang	needmorecoin-sentence.en.nme	52	글 안	amountone	대입	숫자	①값	contextone save aliceaddress sends amountone coins to bobaddress fee feeone nonce nonceone	contextone = str(aliceaddress) + " sends " + str(amountone) + " coins to " + str(bobaddress) + " fee " + str(feeone) + "
lang	needmorecoin-sentence.en.nme	52	글 안	bobaddress	대입	그밖	①값	contextone save aliceaddress sends amountone coins to bobaddress fee feeone nonce nonceone	contextone = str(aliceaddress) + " sends " + str(amountone) + " coins to " + str(bobaddress) + " fee " + str(feeone) + "
lang	needmorecoin-sentence.en.nme	52	글 안	feeone	대입	그밖	①값	contextone save aliceaddress sends amountone coins to bobaddress fee feeone nonce nonceone	contextone = str(aliceaddress) + " sends " + str(amountone) + " coins to " + str(bobaddress) + " fee " + str(feeone) + "
lang	needmorecoin-sentence.en.nme	52	글 안	nonceone	대입	숫자	①값	contextone save aliceaddress sends amountone coins to bobaddress fee feeone nonce nonceone	contextone = str(aliceaddress) + " sends " + str(amountone) + " coins to " + str(bobaddress) + " fee " + str(feeone) + "
lang	needmorecoin-sentence.en.nme	73	글 안	coinname	대입	글자	①값	blockonecontext save coinname block one previous genesishash transaction contextone proof proofone miner mineraddress re	blockonecontext = str(coinname) + " block one previous " + str(genesishash) + " transaction " + str(contextone) + " proo
lang	needmorecoin-sentence.en.nme	73	글 안	genesishash	대입	그밖/숫자	①값	blockonecontext save coinname block one previous genesishash transaction contextone proof proofone miner mineraddress re	blockonecontext = str(coinname) + " block one previous " + str(genesishash) + " transaction " + str(contextone) + " proo
lang	needmorecoin-sentence.en.nme	73	글 안	contextone	대입	바꾼값	①값	blockonecontext save coinname block one previous genesishash transaction contextone proof proofone miner mineraddress re	blockonecontext = str(coinname) + " block one previous " + str(genesishash) + " transaction " + str(contextone) + " proo
lang	needmorecoin-sentence.en.nme	73	글 안	proofone	대입	그밖	①값	blockonecontext save coinname block one previous genesishash transaction contextone proof proofone miner mineraddress re	blockonecontext = str(coinname) + " block one previous " + str(genesishash) + " transaction " + str(contextone) + " proo
lang	needmorecoin-sentence.en.nme	73	글 안	mineraddress	대입	그밖	①값	blockonecontext save coinname block one previous genesishash transaction contextone proof proofone miner mineraddress re	blockonecontext = str(coinname) + " block one previous " + str(genesishash) + " transaction " + str(contextone) + " proo
lang	needmorecoin-sentence.en.nme	73	글 안	miningreward	대입	숫자	①값	blockonecontext save coinname block one previous genesishash transaction contextone proof proofone miner mineraddress re	blockonecontext = str(coinname) + " block one previous " + str(genesishash) + " transaction " + str(contextone) + " proo
lang	needmorecoin-sentence.en.nme	96	글 안	blockoneattempts	출력	셈한값/숫자	①값	show Block one mined after blockoneattempts attempts	print("Block one mined after " + str(blockoneattempts) + " attempts")
lang	needmorecoin-sentence.en.nme	97	글 안	blockonehash	출력	그밖/숫자	①값	show Block one hash is blockonehash	print("Block one hash is " + str(blockonehash))
lang	needmorecoin-sentence.en.nme	104	글 안	bobaddress	대입	그밖	①값	contexttwo save bobaddress sends amounttwo coins to aliceaddress fee feetwo nonce noncetwo	contexttwo = str(bobaddress) + " sends " + str(amounttwo) + " coins to " + str(aliceaddress) + " fee " + str(feetwo) + "
lang	needmorecoin-sentence.en.nme	104	글 안	amounttwo	대입	숫자	①값	contexttwo save bobaddress sends amounttwo coins to aliceaddress fee feetwo nonce noncetwo	contexttwo = str(bobaddress) + " sends " + str(amounttwo) + " coins to " + str(aliceaddress) + " fee " + str(feetwo) + "
lang	needmorecoin-sentence.en.nme	104	글 안	aliceaddress	대입	그밖	①값	contexttwo save bobaddress sends amounttwo coins to aliceaddress fee feetwo nonce noncetwo	contexttwo = str(bobaddress) + " sends " + str(amounttwo) + " coins to " + str(aliceaddress) + " fee " + str(feetwo) + "
lang	needmorecoin-sentence.en.nme	104	글 안	feetwo	대입	그밖	①값	contexttwo save bobaddress sends amounttwo coins to aliceaddress fee feetwo nonce noncetwo	contexttwo = str(bobaddress) + " sends " + str(amounttwo) + " coins to " + str(aliceaddress) + " fee " + str(feetwo) + "
lang	needmorecoin-sentence.en.nme	104	글 안	noncetwo	대입	숫자	①값	contexttwo save bobaddress sends amounttwo coins to aliceaddress fee feetwo nonce noncetwo	contexttwo = str(bobaddress) + " sends " + str(amounttwo) + " coins to " + str(aliceaddress) + " fee " + str(feetwo) + "
lang	needmorecoin-sentence.en.nme	125	글 안	coinname	대입	글자	①값	blocktwocontext save coinname block two previous blockonehash transaction contexttwo proof prooftwo miner mineraddress r	blocktwocontext = str(coinname) + " block two previous " + str(blockonehash) + " transaction " + str(contexttwo) + " pro
lang	needmorecoin-sentence.en.nme	125	글 안	blockonehash	대입	그밖/숫자	①값	blocktwocontext save coinname block two previous blockonehash transaction contexttwo proof prooftwo miner mineraddress r	blocktwocontext = str(coinname) + " block two previous " + str(blockonehash) + " transaction " + str(contexttwo) + " pro
lang	needmorecoin-sentence.en.nme	125	글 안	contexttwo	대입	바꾼값	①값	blocktwocontext save coinname block two previous blockonehash transaction contexttwo proof prooftwo miner mineraddress r	blocktwocontext = str(coinname) + " block two previous " + str(blockonehash) + " transaction " + str(contexttwo) + " pro
lang	needmorecoin-sentence.en.nme	125	글 안	prooftwo	대입	그밖	①값	blocktwocontext save coinname block two previous blockonehash transaction contexttwo proof prooftwo miner mineraddress r	blocktwocontext = str(coinname) + " block two previous " + str(blockonehash) + " transaction " + str(contexttwo) + " pro
lang	needmorecoin-sentence.en.nme	125	글 안	mineraddress	대입	그밖	①값	blocktwocontext save coinname block two previous blockonehash transaction contexttwo proof prooftwo miner mineraddress r	blocktwocontext = str(coinname) + " block two previous " + str(blockonehash) + " transaction " + str(contexttwo) + " pro
lang	needmorecoin-sentence.en.nme	125	글 안	miningreward	대입	숫자	①값	blocktwocontext save coinname block two previous blockonehash transaction contexttwo proof prooftwo miner mineraddress r	blocktwocontext = str(coinname) + " block two previous " + str(blockonehash) + " transaction " + str(contexttwo) + " pro
lang	needmorecoin-sentence.en.nme	148	글 안	blocktwoattempts	출력	셈한값/숫자	①값	show Block two mined after blocktwoattempts attempts	print("Block two mined after " + str(blocktwoattempts) + " attempts")
lang	needmorecoin-sentence.en.nme	149	글 안	blocktwohash	출력	그밖/숫자	①값	show Block two hash is blocktwohash	print("Block two hash is " + str(blocktwohash))
lang	needmorecoin-sentence.en.nme	159	비교의 오른쪽	genesishash	조건	그밖/숫자	①값	if verifygenesishash is equal to genesishash	if (verifygenesishash == genesishash):
lang	needmorecoin-sentence.en.nme	161	비교의 오른쪽	blockonehash	조건	그밖/숫자	①값	if verifyblockonehash is equal to blockonehash	if (verifyblockonehash == blockonehash):
lang	needmorecoin-sentence.en.nme	163	비교의 오른쪽	blocktwohash	조건	그밖/숫자	①값	if verifyblocktwohash is equal to blocktwohash	if (verifyblocktwohash == blocktwohash):
lang	needmorecoin-sentence.en.nme	179	글 안	aliceaddress	대입	그밖	①값	tamperedcontext save aliceaddress sends 250 coins to bobaddress fee feeone nonce nonceone	tamperedcontext = str(aliceaddress) + " sends 250 coins to " + str(bobaddress) + " fee " + str(feeone) + " nonce " + str
lang	needmorecoin-sentence.en.nme	179	글 안	bobaddress	대입	그밖	①값	tamperedcontext save aliceaddress sends 250 coins to bobaddress fee feeone nonce nonceone	tamperedcontext = str(aliceaddress) + " sends 250 coins to " + str(bobaddress) + " fee " + str(feeone) + " nonce " + str
lang	needmorecoin-sentence.en.nme	179	글 안	feeone	대입	그밖	①값	tamperedcontext save aliceaddress sends 250 coins to bobaddress fee feeone nonce nonceone	tamperedcontext = str(aliceaddress) + " sends 250 coins to " + str(bobaddress) + " fee " + str(feeone) + " nonce " + str
lang	needmorecoin-sentence.en.nme	179	글 안	nonceone	대입	숫자	①값	tamperedcontext save aliceaddress sends 250 coins to bobaddress fee feeone nonce nonceone	tamperedcontext = str(aliceaddress) + " sends 250 coins to " + str(bobaddress) + " fee " + str(feeone) + " nonce " + str
lang	needmorecoin-sentence.en.nme	181	글 안	coinname	대입	글자	①값	tamperedblockcontext save coinname block one previous genesishash transaction tamperedcontext proof proofone miner miner	tamperedblockcontext = str(coinname) + " block one previous " + str(genesishash) + " transaction " + str(tamperedcontext
lang	needmorecoin-sentence.en.nme	181	글 안	genesishash	대입	그밖/숫자	①값	tamperedblockcontext save coinname block one previous genesishash transaction tamperedcontext proof proofone miner miner	tamperedblockcontext = str(coinname) + " block one previous " + str(genesishash) + " transaction " + str(tamperedcontext
lang	needmorecoin-sentence.en.nme	181	글 안	tamperedcontext	대입	바꾼값	①값	tamperedblockcontext save coinname block one previous genesishash transaction tamperedcontext proof proofone miner miner	tamperedblockcontext = str(coinname) + " block one previous " + str(genesishash) + " transaction " + str(tamperedcontext
lang	needmorecoin-sentence.en.nme	181	글 안	proofone	대입	그밖	①값	tamperedblockcontext save coinname block one previous genesishash transaction tamperedcontext proof proofone miner miner	tamperedblockcontext = str(coinname) + " block one previous " + str(genesishash) + " transaction " + str(tamperedcontext
lang	needmorecoin-sentence.en.nme	181	글 안	mineraddress	대입	그밖	①값	tamperedblockcontext save coinname block one previous genesishash transaction tamperedcontext proof proofone miner miner	tamperedblockcontext = str(coinname) + " block one previous " + str(genesishash) + " transaction " + str(tamperedcontext
lang	needmorecoin-sentence.en.nme	181	글 안	miningreward	대입	숫자	①값	tamperedblockcontext save coinname block one previous genesishash transaction tamperedcontext proof proofone miner miner	tamperedblockcontext = str(coinname) + " block one previous " + str(genesishash) + " transaction " + str(tamperedcontext
lang	needmorecoin-sentence.en.nme	186	비교의 오른쪽	blockonehash	조건	그밖/숫자	①값	if tamperedblockhash is not equal to blockonehash	if (tamperedblockhash != blockonehash):
lang	needmorecoin-sentence.en.nme	192	비교의 오른쪽	replayexpectednonce	조건	그밖/셈한값	①값	if nonceone is not equal to replayexpectednonce	if (nonceone != replayexpectednonce):
lang	needmorecoin-sentence.en.nme	199	글 안	alicebalance	출력	셈한값/숫자	①값	show Alice final balance is alicebalance coins	print("Alice final balance is " + str(alicebalance) + " coins")
lang	needmorecoin-sentence.en.nme	200	글 안	bobbalance	출력	셈한값/숫자	①값	show Bob final balance is bobbalance coins	print("Bob final balance is " + str(bobbalance) + " coins")
lang	needmorecoin-sentence.en.nme	201	글 안	minerbalance	출력	셈한값/숫자	①값	show Miner final balance is minerbalance coins	print("Miner final balance is " + str(minerbalance) + " coins")
lang	needmorecoin-sentence.en.nme	202	글 안	totalsupply	출력	셈한값/숫자	①값	show Total supply is totalsupply coins	print("Total supply is " + str(totalsupply) + " coins")
lang	needmorecoin-sentence.en.nme	203	글 안	balancesum	출력	그밖/셈한값	①값	show Sum of balances is balancesum coins	print("Sum of balances is " + str(balancesum) + " coins")
lang	needmorecoin-sentence.en.nme	204	비교의 오른쪽	totalsupply	조건	셈한값/숫자	①값	if balancesum is equal to totalsupply	if (balancesum == totalsupply):
lang	needmorecoin-sentence.ko.nme	1	글 안	문맥값	그밖	모름	①값	영지식 사용 최신	import secrets as 영지식비밀난수; zk_prime = 영지식큰소수 = 0xFFFFFFFFFFFFFFFFC90FDAA22168C234C4C6628B80DC1CD129024E088A67CC74020BBEA
lang	needmorecoin-sentence.ko.nme	23	글 안	코인이름	출력	글자	①값	코인이름 시작합니다 말해줘	print(str(코인이름) + " 시작합니다")
lang	needmorecoin-sentence.ko.nme	24	글 안	작업난이도	출력	숫자	①값	작업증명 난이도는 작업난이도 비트입니다 말해줘	print("작업증명 난이도는 " + str(작업난이도) + " 비트입니다")
lang	needmorecoin-sentence.ko.nme	25	글 안	민수주소	출력	그밖	①값	민수 지갑 주소는 민수주소 입니다 말해줘	print("민수 지갑 주소는 " + str(민수주소) + " 입니다")
lang	needmorecoin-sentence.ko.nme	26	글 안	지수주소	출력	그밖	①값	지수 지갑 주소는 지수주소 입니다 말해줘	print("지수 지갑 주소는 " + str(지수주소) + " 입니다")
lang	needmorecoin-sentence.ko.nme	27	글 안	채굴자주소	출력	그밖	①값	채굴자 지갑 주소는 채굴자주소 입니다 말해줘	print("채굴자 지갑 주소는 " + str(채굴자주소) + " 입니다")
lang	needmorecoin-sentence.ko.nme	29	글 안	코인이름	대입	글자	①값	블록영문맥은 코인이름 창세 블록 민수주소 에게 민수잔액 코인 발행	블록영문맥 = str(코인이름) + " 창세 블록 " + str(민수주소) + " 에게 " + str(민수잔액) + " 코인 발행"
lang	needmorecoin-sentence.ko.nme	29	글 안	민수주소	대입	그밖	①값	블록영문맥은 코인이름 창세 블록 민수주소 에게 민수잔액 코인 발행	블록영문맥 = str(코인이름) + " 창세 블록 " + str(민수주소) + " 에게 " + str(민수잔액) + " 코인 발행"
lang	needmorecoin-sentence.ko.nme	29	글 안	민수잔액	대입	셈한값/숫자	①값	블록영문맥은 코인이름 창세 블록 민수주소 에게 민수잔액 코인 발행	블록영문맥 = str(코인이름) + " 창세 블록 " + str(민수주소) + " 에게 " + str(민수잔액) + " 코인 발행"
lang	needmorecoin-sentence.ko.nme	50	글 안	블록영시도	출력	셈한값/숫자	①값	창세 블록 작업 횟수는 블록영시도 입니다 말해줘	print("창세 블록 작업 횟수는 " + str(블록영시도) + " 입니다")
lang	needmorecoin-sentence.ko.nme	51	글 안	블록영해시	출력	그밖/숫자	①값	창세 블록 해시는 블록영해시 입니다 말해줘	print("창세 블록 해시는 " + str(블록영해시) + " 입니다")
lang	needmorecoin-sentence.ko.nme	60	글 안	민수주소	대입	그밖	①값	거래하나내용은 민수주소 에서 지수주소 에게 거래하나금액 코인 전송 수수료 거래하나수수료 거래번호 거래하나번호	거래하나내용 = str(민수주소) + " 에서 " + str(지수주소) + " 에게 " + str(거래하나금액) + " 코인 전송 수수료 " + str(거래하나수수료) + " 거래번호 " + str(거래하나번호)
lang	needmorecoin-sentence.ko.nme	60	글 안	지수주소	대입	그밖	①값	거래하나내용은 민수주소 에서 지수주소 에게 거래하나금액 코인 전송 수수료 거래하나수수료 거래번호 거래하나번호	거래하나내용 = str(민수주소) + " 에서 " + str(지수주소) + " 에게 " + str(거래하나금액) + " 코인 전송 수수료 " + str(거래하나수수료) + " 거래번호 " + str(거래하나번호)
lang	needmorecoin-sentence.ko.nme	60	글 안	거래하나금액	대입	숫자	①값	거래하나내용은 민수주소 에서 지수주소 에게 거래하나금액 코인 전송 수수료 거래하나수수료 거래번호 거래하나번호	거래하나내용 = str(민수주소) + " 에서 " + str(지수주소) + " 에게 " + str(거래하나금액) + " 코인 전송 수수료 " + str(거래하나수수료) + " 거래번호 " + str(거래하나번호)
lang	needmorecoin-sentence.ko.nme	60	글 안	거래하나수수료	대입	그밖	①값	거래하나내용은 민수주소 에서 지수주소 에게 거래하나금액 코인 전송 수수료 거래하나수수료 거래번호 거래하나번호	거래하나내용 = str(민수주소) + " 에서 " + str(지수주소) + " 에게 " + str(거래하나금액) + " 코인 전송 수수료 " + str(거래하나수수료) + " 거래번호 " + str(거래하나번호)
lang	needmorecoin-sentence.ko.nme	60	글 안	거래하나번호	대입	숫자	①값	거래하나내용은 민수주소 에서 지수주소 에게 거래하나금액 코인 전송 수수료 거래하나수수료 거래번호 거래하나번호	거래하나내용 = str(민수주소) + " 에서 " + str(지수주소) + " 에게 " + str(거래하나금액) + " 코인 전송 수수료 " + str(거래하나수수료) + " 거래번호 " + str(거래하나번호)
lang	needmorecoin-sentence.ko.nme	67	비교의 오른쪽	거래하나예상번호	조건	그밖/셈한값	①값	만약에 거래하나번호가 거래하나예상번호와 같으면	if (거래하나번호 == 거래하나예상번호):
lang	needmorecoin-sentence.ko.nme	81	글 안	코인이름	대입	글자	①값	블록하나문맥은 코인이름 블록 하나 이전 블록영해시 거래 거래하나내용 서명 거래하나서명 채굴자 채굴자주소 보상 채굴보상	블록하나문맥 = str(코인이름) + " 블록 하나 이전 " + str(블록영해시) + " 거래 " + str(거래하나내용) + " 서명 " + str(거래하나서명) + " 채굴자 " + str(채굴자주소) + " 
lang	needmorecoin-sentence.ko.nme	81	글 안	블록영해시	대입	그밖/숫자	①값	블록하나문맥은 코인이름 블록 하나 이전 블록영해시 거래 거래하나내용 서명 거래하나서명 채굴자 채굴자주소 보상 채굴보상	블록하나문맥 = str(코인이름) + " 블록 하나 이전 " + str(블록영해시) + " 거래 " + str(거래하나내용) + " 서명 " + str(거래하나서명) + " 채굴자 " + str(채굴자주소) + " 
lang	needmorecoin-sentence.ko.nme	81	글 안	거래하나내용	대입	바꾼값	①값	블록하나문맥은 코인이름 블록 하나 이전 블록영해시 거래 거래하나내용 서명 거래하나서명 채굴자 채굴자주소 보상 채굴보상	블록하나문맥 = str(코인이름) + " 블록 하나 이전 " + str(블록영해시) + " 거래 " + str(거래하나내용) + " 서명 " + str(거래하나서명) + " 채굴자 " + str(채굴자주소) + " 
lang	needmorecoin-sentence.ko.nme	81	글 안	거래하나서명	대입	그밖	①값	블록하나문맥은 코인이름 블록 하나 이전 블록영해시 거래 거래하나내용 서명 거래하나서명 채굴자 채굴자주소 보상 채굴보상	블록하나문맥 = str(코인이름) + " 블록 하나 이전 " + str(블록영해시) + " 거래 " + str(거래하나내용) + " 서명 " + str(거래하나서명) + " 채굴자 " + str(채굴자주소) + " 
lang	needmorecoin-sentence.ko.nme	81	글 안	채굴자주소	대입	그밖	①값	블록하나문맥은 코인이름 블록 하나 이전 블록영해시 거래 거래하나내용 서명 거래하나서명 채굴자 채굴자주소 보상 채굴보상	블록하나문맥 = str(코인이름) + " 블록 하나 이전 " + str(블록영해시) + " 거래 " + str(거래하나내용) + " 서명 " + str(거래하나서명) + " 채굴자 " + str(채굴자주소) + " 
lang	needmorecoin-sentence.ko.nme	81	글 안	채굴보상	대입	숫자	①값	블록하나문맥은 코인이름 블록 하나 이전 블록영해시 거래 거래하나내용 서명 거래하나서명 채굴자 채굴자주소 보상 채굴보상	블록하나문맥 = str(코인이름) + " 블록 하나 이전 " + str(블록영해시) + " 거래 " + str(거래하나내용) + " 서명 " + str(거래하나서명) + " 채굴자 " + str(채굴자주소) + " 
lang	needmorecoin-sentence.ko.nme	108	글 안	블록하나시도	출력	셈한값/숫자	①값	블록 하나 작업 횟수는 블록하나시도 입니다 말해줘	print("블록 하나 작업 횟수는 " + str(블록하나시도) + " 입니다")
lang	needmorecoin-sentence.ko.nme	109	글 안	블록하나해시	출력	그밖/숫자	①값	블록 하나 해시는 블록하나해시 입니다 말해줘	print("블록 하나 해시는 " + str(블록하나해시) + " 입니다")
lang	needmorecoin-sentence.ko.nme	118	글 안	지수주소	대입	그밖	①값	거래둘내용은 지수주소 에서 민수주소 에게 거래둘금액 코인 전송 수수료 거래둘수수료 거래번호 거래둘번호	거래둘내용 = str(지수주소) + " 에서 " + str(민수주소) + " 에게 " + str(거래둘금액) + " 코인 전송 수수료 " + str(거래둘수수료) + " 거래번호 " + str(거래둘번호)
lang	needmorecoin-sentence.ko.nme	118	글 안	민수주소	대입	그밖	①값	거래둘내용은 지수주소 에서 민수주소 에게 거래둘금액 코인 전송 수수료 거래둘수수료 거래번호 거래둘번호	거래둘내용 = str(지수주소) + " 에서 " + str(민수주소) + " 에게 " + str(거래둘금액) + " 코인 전송 수수료 " + str(거래둘수수료) + " 거래번호 " + str(거래둘번호)
lang	needmorecoin-sentence.ko.nme	118	글 안	거래둘금액	대입	숫자	①값	거래둘내용은 지수주소 에서 민수주소 에게 거래둘금액 코인 전송 수수료 거래둘수수료 거래번호 거래둘번호	거래둘내용 = str(지수주소) + " 에서 " + str(민수주소) + " 에게 " + str(거래둘금액) + " 코인 전송 수수료 " + str(거래둘수수료) + " 거래번호 " + str(거래둘번호)
lang	needmorecoin-sentence.ko.nme	118	글 안	거래둘수수료	대입	그밖	①값	거래둘내용은 지수주소 에서 민수주소 에게 거래둘금액 코인 전송 수수료 거래둘수수료 거래번호 거래둘번호	거래둘내용 = str(지수주소) + " 에서 " + str(민수주소) + " 에게 " + str(거래둘금액) + " 코인 전송 수수료 " + str(거래둘수수료) + " 거래번호 " + str(거래둘번호)
lang	needmorecoin-sentence.ko.nme	118	글 안	거래둘번호	대입	숫자	①값	거래둘내용은 지수주소 에서 민수주소 에게 거래둘금액 코인 전송 수수료 거래둘수수료 거래번호 거래둘번호	거래둘내용 = str(지수주소) + " 에서 " + str(민수주소) + " 에게 " + str(거래둘금액) + " 코인 전송 수수료 " + str(거래둘수수료) + " 거래번호 " + str(거래둘번호)
lang	needmorecoin-sentence.ko.nme	125	비교의 오른쪽	거래둘예상번호	조건	그밖/셈한값	①값	만약에 거래둘번호가 거래둘예상번호와 같으면	if (거래둘번호 == 거래둘예상번호):
lang	needmorecoin-sentence.ko.nme	139	글 안	코인이름	대입	글자	①값	블록둘문맥은 코인이름 블록 둘 이전 블록하나해시 거래 거래둘내용 서명 거래둘서명 채굴자 채굴자주소 보상 채굴보상	블록둘문맥 = str(코인이름) + " 블록 둘 이전 " + str(블록하나해시) + " 거래 " + str(거래둘내용) + " 서명 " + str(거래둘서명) + " 채굴자 " + str(채굴자주소) + " 보상 
lang	needmorecoin-sentence.ko.nme	139	글 안	블록하나해시	대입	그밖/숫자	①값	블록둘문맥은 코인이름 블록 둘 이전 블록하나해시 거래 거래둘내용 서명 거래둘서명 채굴자 채굴자주소 보상 채굴보상	블록둘문맥 = str(코인이름) + " 블록 둘 이전 " + str(블록하나해시) + " 거래 " + str(거래둘내용) + " 서명 " + str(거래둘서명) + " 채굴자 " + str(채굴자주소) + " 보상 
lang	needmorecoin-sentence.ko.nme	139	글 안	거래둘내용	대입	바꾼값	①값	블록둘문맥은 코인이름 블록 둘 이전 블록하나해시 거래 거래둘내용 서명 거래둘서명 채굴자 채굴자주소 보상 채굴보상	블록둘문맥 = str(코인이름) + " 블록 둘 이전 " + str(블록하나해시) + " 거래 " + str(거래둘내용) + " 서명 " + str(거래둘서명) + " 채굴자 " + str(채굴자주소) + " 보상 
lang	needmorecoin-sentence.ko.nme	139	글 안	거래둘서명	대입	그밖	①값	블록둘문맥은 코인이름 블록 둘 이전 블록하나해시 거래 거래둘내용 서명 거래둘서명 채굴자 채굴자주소 보상 채굴보상	블록둘문맥 = str(코인이름) + " 블록 둘 이전 " + str(블록하나해시) + " 거래 " + str(거래둘내용) + " 서명 " + str(거래둘서명) + " 채굴자 " + str(채굴자주소) + " 보상 
lang	needmorecoin-sentence.ko.nme	139	글 안	채굴자주소	대입	그밖	①값	블록둘문맥은 코인이름 블록 둘 이전 블록하나해시 거래 거래둘내용 서명 거래둘서명 채굴자 채굴자주소 보상 채굴보상	블록둘문맥 = str(코인이름) + " 블록 둘 이전 " + str(블록하나해시) + " 거래 " + str(거래둘내용) + " 서명 " + str(거래둘서명) + " 채굴자 " + str(채굴자주소) + " 보상 
lang	needmorecoin-sentence.ko.nme	139	글 안	채굴보상	대입	숫자	①값	블록둘문맥은 코인이름 블록 둘 이전 블록하나해시 거래 거래둘내용 서명 거래둘서명 채굴자 채굴자주소 보상 채굴보상	블록둘문맥 = str(코인이름) + " 블록 둘 이전 " + str(블록하나해시) + " 거래 " + str(거래둘내용) + " 서명 " + str(거래둘서명) + " 채굴자 " + str(채굴자주소) + " 보상 
lang	needmorecoin-sentence.ko.nme	166	글 안	블록둘시도	출력	셈한값/숫자	①값	블록 둘 작업 횟수는 블록둘시도 입니다 말해줘	print("블록 둘 작업 횟수는 " + str(블록둘시도) + " 입니다")
lang	needmorecoin-sentence.ko.nme	167	글 안	블록둘해시	출력	그밖/숫자	①값	블록 둘 해시는 블록둘해시 입니다 말해줘	print("블록 둘 해시는 " + str(블록둘해시) + " 입니다")
lang	needmorecoin-sentence.ko.nme	176	글 안	민수주소	대입	그밖	①값	검증거래하나내용은 민수주소 에서 지수주소 에게 거래하나금액 코인 전송 수수료 거래하나수수료 거래번호 거래하나번호	검증거래하나내용 = str(민수주소) + " 에서 " + str(지수주소) + " 에게 " + str(거래하나금액) + " 코인 전송 수수료 " + str(거래하나수수료) + " 거래번호 " + str(거래하나번호)
lang	needmorecoin-sentence.ko.nme	176	글 안	지수주소	대입	그밖	①값	검증거래하나내용은 민수주소 에서 지수주소 에게 거래하나금액 코인 전송 수수료 거래하나수수료 거래번호 거래하나번호	검증거래하나내용 = str(민수주소) + " 에서 " + str(지수주소) + " 에게 " + str(거래하나금액) + " 코인 전송 수수료 " + str(거래하나수수료) + " 거래번호 " + str(거래하나번호)
lang	needmorecoin-sentence.ko.nme	176	글 안	거래하나금액	대입	숫자	①값	검증거래하나내용은 민수주소 에서 지수주소 에게 거래하나금액 코인 전송 수수료 거래하나수수료 거래번호 거래하나번호	검증거래하나내용 = str(민수주소) + " 에서 " + str(지수주소) + " 에게 " + str(거래하나금액) + " 코인 전송 수수료 " + str(거래하나수수료) + " 거래번호 " + str(거래하나번호)
lang	needmorecoin-sentence.ko.nme	176	글 안	거래하나수수료	대입	그밖	①값	검증거래하나내용은 민수주소 에서 지수주소 에게 거래하나금액 코인 전송 수수료 거래하나수수료 거래번호 거래하나번호	검증거래하나내용 = str(민수주소) + " 에서 " + str(지수주소) + " 에게 " + str(거래하나금액) + " 코인 전송 수수료 " + str(거래하나수수료) + " 거래번호 " + str(거래하나번호)
lang	needmorecoin-sentence.ko.nme	176	글 안	거래하나번호	대입	숫자	①값	검증거래하나내용은 민수주소 에서 지수주소 에게 거래하나금액 코인 전송 수수료 거래하나수수료 거래번호 거래하나번호	검증거래하나내용 = str(민수주소) + " 에서 " + str(지수주소) + " 에게 " + str(거래하나금액) + " 코인 전송 수수료 " + str(거래하나수수료) + " 거래번호 " + str(거래하나번호)
lang	needmorecoin-sentence.ko.nme	186	비교의 오른쪽	검증거래하나예상번호	조건	그밖/셈한값	①값	만약에 거래하나번호가 검증거래하나예상번호와 같으면	if (거래하나번호 == 검증거래하나예상번호):
lang	needmorecoin-sentence.ko.nme	203	글 안	코인이름	대입	글자	①값	검증블록영문맥은 코인이름 창세 블록 민수주소 에게 100 코인 발행	검증블록영문맥 = str(코인이름) + " 창세 블록 " + str(민수주소) + " 에게 100 코인 발행"
lang	needmorecoin-sentence.ko.nme	203	글 안	민수주소	대입	그밖	①값	검증블록영문맥은 코인이름 창세 블록 민수주소 에게 100 코인 발행	검증블록영문맥 = str(코인이름) + " 창세 블록 " + str(민수주소) + " 에게 100 코인 발행"
lang	needmorecoin-sentence.ko.nme	204	글 안	코인이름	대입	글자	①값	검증블록하나문맥은 코인이름 블록 하나 이전 블록영해시 거래 검증거래하나내용 서명 거래하나서명 채굴자 채굴자주소 보상 채굴보상	검증블록하나문맥 = str(코인이름) + " 블록 하나 이전 " + str(블록영해시) + " 거래 " + str(검증거래하나내용) + " 서명 " + str(거래하나서명) + " 채굴자 " + str(채굴자주소) 
lang	needmorecoin-sentence.ko.nme	204	글 안	블록영해시	대입	그밖/숫자	①값	검증블록하나문맥은 코인이름 블록 하나 이전 블록영해시 거래 검증거래하나내용 서명 거래하나서명 채굴자 채굴자주소 보상 채굴보상	검증블록하나문맥 = str(코인이름) + " 블록 하나 이전 " + str(블록영해시) + " 거래 " + str(검증거래하나내용) + " 서명 " + str(거래하나서명) + " 채굴자 " + str(채굴자주소) 
lang	needmorecoin-sentence.ko.nme	204	글 안	검증거래하나내용	대입	바꾼값	①값	검증블록하나문맥은 코인이름 블록 하나 이전 블록영해시 거래 검증거래하나내용 서명 거래하나서명 채굴자 채굴자주소 보상 채굴보상	검증블록하나문맥 = str(코인이름) + " 블록 하나 이전 " + str(블록영해시) + " 거래 " + str(검증거래하나내용) + " 서명 " + str(거래하나서명) + " 채굴자 " + str(채굴자주소) 
lang	needmorecoin-sentence.ko.nme	204	글 안	거래하나서명	대입	그밖	①값	검증블록하나문맥은 코인이름 블록 하나 이전 블록영해시 거래 검증거래하나내용 서명 거래하나서명 채굴자 채굴자주소 보상 채굴보상	검증블록하나문맥 = str(코인이름) + " 블록 하나 이전 " + str(블록영해시) + " 거래 " + str(검증거래하나내용) + " 서명 " + str(거래하나서명) + " 채굴자 " + str(채굴자주소) 
lang	needmorecoin-sentence.ko.nme	204	글 안	채굴자주소	대입	그밖	①값	검증블록하나문맥은 코인이름 블록 하나 이전 블록영해시 거래 검증거래하나내용 서명 거래하나서명 채굴자 채굴자주소 보상 채굴보상	검증블록하나문맥 = str(코인이름) + " 블록 하나 이전 " + str(블록영해시) + " 거래 " + str(검증거래하나내용) + " 서명 " + str(거래하나서명) + " 채굴자 " + str(채굴자주소) 
lang	needmorecoin-sentence.ko.nme	204	글 안	채굴보상	대입	숫자	①값	검증블록하나문맥은 코인이름 블록 하나 이전 블록영해시 거래 검증거래하나내용 서명 거래하나서명 채굴자 채굴자주소 보상 채굴보상	검증블록하나문맥 = str(코인이름) + " 블록 하나 이전 " + str(블록영해시) + " 거래 " + str(검증거래하나내용) + " 서명 " + str(거래하나서명) + " 채굴자 " + str(채굴자주소) 
lang	needmorecoin-sentence.ko.nme	208	글 안	지수주소	대입	그밖	①값	검증거래둘내용은 지수주소 에서 민수주소 에게 거래둘금액 코인 전송 수수료 거래둘수수료 거래번호 거래둘번호	검증거래둘내용 = str(지수주소) + " 에서 " + str(민수주소) + " 에게 " + str(거래둘금액) + " 코인 전송 수수료 " + str(거래둘수수료) + " 거래번호 " + str(거래둘번호)
lang	needmorecoin-sentence.ko.nme	208	글 안	민수주소	대입	그밖	①값	검증거래둘내용은 지수주소 에서 민수주소 에게 거래둘금액 코인 전송 수수료 거래둘수수료 거래번호 거래둘번호	검증거래둘내용 = str(지수주소) + " 에서 " + str(민수주소) + " 에게 " + str(거래둘금액) + " 코인 전송 수수료 " + str(거래둘수수료) + " 거래번호 " + str(거래둘번호)
lang	needmorecoin-sentence.ko.nme	208	글 안	거래둘금액	대입	숫자	①값	검증거래둘내용은 지수주소 에서 민수주소 에게 거래둘금액 코인 전송 수수료 거래둘수수료 거래번호 거래둘번호	검증거래둘내용 = str(지수주소) + " 에서 " + str(민수주소) + " 에게 " + str(거래둘금액) + " 코인 전송 수수료 " + str(거래둘수수료) + " 거래번호 " + str(거래둘번호)
lang	needmorecoin-sentence.ko.nme	208	글 안	거래둘수수료	대입	그밖	①값	검증거래둘내용은 지수주소 에서 민수주소 에게 거래둘금액 코인 전송 수수료 거래둘수수료 거래번호 거래둘번호	검증거래둘내용 = str(지수주소) + " 에서 " + str(민수주소) + " 에게 " + str(거래둘금액) + " 코인 전송 수수료 " + str(거래둘수수료) + " 거래번호 " + str(거래둘번호)
lang	needmorecoin-sentence.ko.nme	208	글 안	거래둘번호	대입	숫자	①값	검증거래둘내용은 지수주소 에서 민수주소 에게 거래둘금액 코인 전송 수수료 거래둘수수료 거래번호 거래둘번호	검증거래둘내용 = str(지수주소) + " 에서 " + str(민수주소) + " 에게 " + str(거래둘금액) + " 코인 전송 수수료 " + str(거래둘수수료) + " 거래번호 " + str(거래둘번호)
lang	needmorecoin-sentence.ko.nme	218	비교의 오른쪽	검증거래둘예상번호	조건	그밖/셈한값	①값	만약에 거래둘번호가 검증거래둘예상번호와 같으면	if (거래둘번호 == 검증거래둘예상번호):
lang	needmorecoin-sentence.ko.nme	235	글 안	코인이름	대입	글자	①값	검증블록둘문맥은 코인이름 블록 둘 이전 블록하나해시 거래 검증거래둘내용 서명 거래둘서명 채굴자 채굴자주소 보상 채굴보상	검증블록둘문맥 = str(코인이름) + " 블록 둘 이전 " + str(블록하나해시) + " 거래 " + str(검증거래둘내용) + " 서명 " + str(거래둘서명) + " 채굴자 " + str(채굴자주소) + "
lang	needmorecoin-sentence.ko.nme	235	글 안	블록하나해시	대입	그밖/숫자	①값	검증블록둘문맥은 코인이름 블록 둘 이전 블록하나해시 거래 검증거래둘내용 서명 거래둘서명 채굴자 채굴자주소 보상 채굴보상	검증블록둘문맥 = str(코인이름) + " 블록 둘 이전 " + str(블록하나해시) + " 거래 " + str(검증거래둘내용) + " 서명 " + str(거래둘서명) + " 채굴자 " + str(채굴자주소) + "
lang	needmorecoin-sentence.ko.nme	235	글 안	검증거래둘내용	대입	바꾼값	①값	검증블록둘문맥은 코인이름 블록 둘 이전 블록하나해시 거래 검증거래둘내용 서명 거래둘서명 채굴자 채굴자주소 보상 채굴보상	검증블록둘문맥 = str(코인이름) + " 블록 둘 이전 " + str(블록하나해시) + " 거래 " + str(검증거래둘내용) + " 서명 " + str(거래둘서명) + " 채굴자 " + str(채굴자주소) + "
lang	needmorecoin-sentence.ko.nme	235	글 안	거래둘서명	대입	그밖	①값	검증블록둘문맥은 코인이름 블록 둘 이전 블록하나해시 거래 검증거래둘내용 서명 거래둘서명 채굴자 채굴자주소 보상 채굴보상	검증블록둘문맥 = str(코인이름) + " 블록 둘 이전 " + str(블록하나해시) + " 거래 " + str(검증거래둘내용) + " 서명 " + str(거래둘서명) + " 채굴자 " + str(채굴자주소) + "
lang	needmorecoin-sentence.ko.nme	235	글 안	채굴자주소	대입	그밖	①값	검증블록둘문맥은 코인이름 블록 둘 이전 블록하나해시 거래 검증거래둘내용 서명 거래둘서명 채굴자 채굴자주소 보상 채굴보상	검증블록둘문맥 = str(코인이름) + " 블록 둘 이전 " + str(블록하나해시) + " 거래 " + str(검증거래둘내용) + " 서명 " + str(거래둘서명) + " 채굴자 " + str(채굴자주소) + "
lang	needmorecoin-sentence.ko.nme	235	글 안	채굴보상	대입	숫자	①값	검증블록둘문맥은 코인이름 블록 둘 이전 블록하나해시 거래 검증거래둘내용 서명 거래둘서명 채굴자 채굴자주소 보상 채굴보상	검증블록둘문맥 = str(코인이름) + " 블록 둘 이전 " + str(블록하나해시) + " 거래 " + str(검증거래둘내용) + " 서명 " + str(거래둘서명) + " 채굴자 " + str(채굴자주소) + "
lang	needmorecoin-sentence.ko.nme	244	비교의 오른쪽	블록영해시	조건	그밖/숫자	①값	만약에 검증블록영해시가 블록영해시와 같으면	if (검증블록영해시 == 블록영해시):
lang	needmorecoin-sentence.ko.nme	246	비교의 오른쪽	블록하나해시	조건	그밖/숫자	①값	만약에 검증블록하나해시가 블록하나해시와 같으면	if (검증블록하나해시 == 블록하나해시):
lang	needmorecoin-sentence.ko.nme	248	비교의 오른쪽	블록둘해시	조건	그밖/숫자	①값	만약에 검증블록둘해시가 블록둘해시와 같으면	if (검증블록둘해시 == 블록둘해시):
lang	needmorecoin-sentence.ko.nme	250	비교의 오른쪽	검증발행량	조건	셈한값/숫자	①값	만약에 검증최종합계가 검증발행량과 같으면	if (검증최종합계 == 검증발행량):
lang	needmorecoin-sentence.ko.nme	267	글 안	민수주소	대입	그밖	①값	변조거래내용은 민수주소 에서 지수주소 에게 변조금액 코인 전송 수수료 거래하나수수료 거래번호 거래하나번호	변조거래내용 = str(민수주소) + " 에서 " + str(지수주소) + " 에게 " + str(변조금액) + " 코인 전송 수수료 " + str(거래하나수수료) + " 거래번호 " + str(거래하나번호)
lang	needmorecoin-sentence.ko.nme	267	글 안	지수주소	대입	그밖	①값	변조거래내용은 민수주소 에서 지수주소 에게 변조금액 코인 전송 수수료 거래하나수수료 거래번호 거래하나번호	변조거래내용 = str(민수주소) + " 에서 " + str(지수주소) + " 에게 " + str(변조금액) + " 코인 전송 수수료 " + str(거래하나수수료) + " 거래번호 " + str(거래하나번호)
lang	needmorecoin-sentence.ko.nme	267	글 안	변조금액	대입	숫자	①값	변조거래내용은 민수주소 에서 지수주소 에게 변조금액 코인 전송 수수료 거래하나수수료 거래번호 거래하나번호	변조거래내용 = str(민수주소) + " 에서 " + str(지수주소) + " 에게 " + str(변조금액) + " 코인 전송 수수료 " + str(거래하나수수료) + " 거래번호 " + str(거래하나번호)
lang	needmorecoin-sentence.ko.nme	267	글 안	거래하나수수료	대입	그밖	①값	변조거래내용은 민수주소 에서 지수주소 에게 변조금액 코인 전송 수수료 거래하나수수료 거래번호 거래하나번호	변조거래내용 = str(민수주소) + " 에서 " + str(지수주소) + " 에게 " + str(변조금액) + " 코인 전송 수수료 " + str(거래하나수수료) + " 거래번호 " + str(거래하나번호)
lang	needmorecoin-sentence.ko.nme	267	글 안	거래하나번호	대입	숫자	①값	변조거래내용은 민수주소 에서 지수주소 에게 변조금액 코인 전송 수수료 거래하나수수료 거래번호 거래하나번호	변조거래내용 = str(민수주소) + " 에서 " + str(지수주소) + " 에게 " + str(변조금액) + " 코인 전송 수수료 " + str(거래하나수수료) + " 거래번호 " + str(거래하나번호)
lang	needmorecoin-sentence.ko.nme	269	글 안	코인이름	대입	글자	①값	변조블록하나문맥은 코인이름 블록 하나 이전 블록영해시 거래 변조거래내용 서명 거래하나서명 채굴자 채굴자주소 보상 채굴보상	변조블록하나문맥 = str(코인이름) + " 블록 하나 이전 " + str(블록영해시) + " 거래 " + str(변조거래내용) + " 서명 " + str(거래하나서명) + " 채굴자 " + str(채굴자주소) + 
lang	needmorecoin-sentence.ko.nme	269	글 안	블록영해시	대입	그밖/숫자	①값	변조블록하나문맥은 코인이름 블록 하나 이전 블록영해시 거래 변조거래내용 서명 거래하나서명 채굴자 채굴자주소 보상 채굴보상	변조블록하나문맥 = str(코인이름) + " 블록 하나 이전 " + str(블록영해시) + " 거래 " + str(변조거래내용) + " 서명 " + str(거래하나서명) + " 채굴자 " + str(채굴자주소) + 
lang	needmorecoin-sentence.ko.nme	269	글 안	변조거래내용	대입	바꾼값	①값	변조블록하나문맥은 코인이름 블록 하나 이전 블록영해시 거래 변조거래내용 서명 거래하나서명 채굴자 채굴자주소 보상 채굴보상	변조블록하나문맥 = str(코인이름) + " 블록 하나 이전 " + str(블록영해시) + " 거래 " + str(변조거래내용) + " 서명 " + str(거래하나서명) + " 채굴자 " + str(채굴자주소) + 
lang	needmorecoin-sentence.ko.nme	269	글 안	거래하나서명	대입	그밖	①값	변조블록하나문맥은 코인이름 블록 하나 이전 블록영해시 거래 변조거래내용 서명 거래하나서명 채굴자 채굴자주소 보상 채굴보상	변조블록하나문맥 = str(코인이름) + " 블록 하나 이전 " + str(블록영해시) + " 거래 " + str(변조거래내용) + " 서명 " + str(거래하나서명) + " 채굴자 " + str(채굴자주소) + 
lang	needmorecoin-sentence.ko.nme	269	글 안	채굴자주소	대입	그밖	①값	변조블록하나문맥은 코인이름 블록 하나 이전 블록영해시 거래 변조거래내용 서명 거래하나서명 채굴자 채굴자주소 보상 채굴보상	변조블록하나문맥 = str(코인이름) + " 블록 하나 이전 " + str(블록영해시) + " 거래 " + str(변조거래내용) + " 서명 " + str(거래하나서명) + " 채굴자 " + str(채굴자주소) + 
lang	needmorecoin-sentence.ko.nme	269	글 안	채굴보상	대입	숫자	①값	변조블록하나문맥은 코인이름 블록 하나 이전 블록영해시 거래 변조거래내용 서명 거래하나서명 채굴자 채굴자주소 보상 채굴보상	변조블록하나문맥 = str(코인이름) + " 블록 하나 이전 " + str(블록영해시) + " 거래 " + str(변조거래내용) + " 서명 " + str(거래하나서명) + " 채굴자 " + str(채굴자주소) + 
lang	needmorecoin-sentence.ko.nme	275	비교의 오른쪽	블록하나해시	조건	그밖/숫자	①값	만약에 변조블록하나해시가 블록하나해시와 같지않으면	if (변조블록하나해시 != 블록하나해시):
lang	needmorecoin-sentence.ko.nme	281	비교의 오른쪽	재전송예상번호	조건	그밖/셈한값	①값	만약에 거래하나번호가 재전송예상번호와 같지않으면	if (거래하나번호 != 재전송예상번호):
lang	needmorecoin-sentence.ko.nme	289	글 안	민수잔액	출력	셈한값/숫자	①값	민수 최종 잔액은 민수잔액 코인입니다 말해줘	print("민수 최종 잔액은 " + str(민수잔액) + " 코인입니다")
lang	needmorecoin-sentence.ko.nme	290	글 안	지수잔액	출력	셈한값/숫자	①값	지수 최종 잔액은 지수잔액 코인입니다 말해줘	print("지수 최종 잔액은 " + str(지수잔액) + " 코인입니다")
lang	needmorecoin-sentence.ko.nme	291	글 안	채굴자잔액	출력	셈한값/숫자	①값	채굴자 최종 잔액은 채굴자잔액 코인입니다 말해줘	print("채굴자 최종 잔액은 " + str(채굴자잔액) + " 코인입니다")
lang	needmorecoin-sentence.ko.nme	292	글 안	총발행량	출력	셈한값/숫자	①값	총 발행량은 총발행량 코인입니다 말해줘	print("총 발행량은 " + str(총발행량) + " 코인입니다")
lang	needmorecoin-sentence.ko.nme	293	글 안	최종합계	출력	그밖/셈한값	①값	전체 잔액 합계는 최종합계 코인입니다 말해줘	print("전체 잔액 합계는 " + str(최종합계) + " 코인입니다")
lang	needmorecoin-sentence.ko.nme	295	비교의 오른쪽	총발행량	조건	셈한값/숫자	①값	만약에 최종합계가 총발행량과 같으면	if (최종합계 == 총발행량):
lang	needmorecoin.ko.nme	1	글 안	문맥값	그밖	모름	①값	영지식 사용 최신	import secrets as 영지식비밀난수; zk_prime = 영지식큰소수 = 0xFFFFFFFFFFFFFFFFC90FDAA22168C234C4C6628B80DC1CD129024E088A67CC74020BBEA
lang	needmorecoin.ko.nme	23	글 안	코인이름	출력	글자	①값	코인이름 시작합니다 말해줘	print(str(코인이름) + " 시작합니다")
lang	needmorecoin.ko.nme	24	글 안	작업난이도	출력	숫자	①값	작업증명 난이도는 작업난이도 비트입니다 말해줘	print("작업증명 난이도는 " + str(작업난이도) + " 비트입니다")
lang	needmorecoin.ko.nme	25	글 안	민수주소	출력	그밖	①값	민수 지갑 주소는 민수주소 입니다 말해줘	print("민수 지갑 주소는 " + str(민수주소) + " 입니다")
lang	needmorecoin.ko.nme	26	글 안	지수주소	출력	그밖	①값	지수 지갑 주소는 지수주소 입니다 말해줘	print("지수 지갑 주소는 " + str(지수주소) + " 입니다")
lang	needmorecoin.ko.nme	27	글 안	채굴자주소	출력	그밖	①값	채굴자 지갑 주소는 채굴자주소 입니다 말해줘	print("채굴자 지갑 주소는 " + str(채굴자주소) + " 입니다")
lang	needmorecoin.ko.nme	29	글 안	코인이름	대입	글자	①값	블록영문맥은 코인이름 창세 블록 민수주소 에게 민수잔액 코인 발행	블록영문맥 = str(코인이름) + " 창세 블록 " + str(민수주소) + " 에게 " + str(민수잔액) + " 코인 발행"
lang	needmorecoin.ko.nme	29	글 안	민수주소	대입	그밖	①값	블록영문맥은 코인이름 창세 블록 민수주소 에게 민수잔액 코인 발행	블록영문맥 = str(코인이름) + " 창세 블록 " + str(민수주소) + " 에게 " + str(민수잔액) + " 코인 발행"
lang	needmorecoin.ko.nme	29	글 안	민수잔액	대입	셈한값/숫자	①값	블록영문맥은 코인이름 창세 블록 민수주소 에게 민수잔액 코인 발행	블록영문맥 = str(코인이름) + " 창세 블록 " + str(민수주소) + " 에게 " + str(민수잔액) + " 코인 발행"
lang	needmorecoin.ko.nme	50	글 안	블록영시도	출력	셈한값/숫자	①값	창세 블록 작업 횟수는 블록영시도 입니다 말해줘	print("창세 블록 작업 횟수는 " + str(블록영시도) + " 입니다")
lang	needmorecoin.ko.nme	51	글 안	블록영해시	출력	그밖/숫자	①값	창세 블록 해시는 블록영해시 입니다 말해줘	print("창세 블록 해시는 " + str(블록영해시) + " 입니다")
lang	needmorecoin.ko.nme	60	글 안	민수주소	대입	그밖	①값	거래하나내용은 민수주소 에서 지수주소 에게 거래하나금액 코인 전송 수수료 거래하나수수료 거래번호 거래하나번호	거래하나내용 = str(민수주소) + " 에서 " + str(지수주소) + " 에게 " + str(거래하나금액) + " 코인 전송 수수료 " + str(거래하나수수료) + " 거래번호 " + str(거래하나번호)
lang	needmorecoin.ko.nme	60	글 안	지수주소	대입	그밖	①값	거래하나내용은 민수주소 에서 지수주소 에게 거래하나금액 코인 전송 수수료 거래하나수수료 거래번호 거래하나번호	거래하나내용 = str(민수주소) + " 에서 " + str(지수주소) + " 에게 " + str(거래하나금액) + " 코인 전송 수수료 " + str(거래하나수수료) + " 거래번호 " + str(거래하나번호)
lang	needmorecoin.ko.nme	60	글 안	거래하나금액	대입	숫자	①값	거래하나내용은 민수주소 에서 지수주소 에게 거래하나금액 코인 전송 수수료 거래하나수수료 거래번호 거래하나번호	거래하나내용 = str(민수주소) + " 에서 " + str(지수주소) + " 에게 " + str(거래하나금액) + " 코인 전송 수수료 " + str(거래하나수수료) + " 거래번호 " + str(거래하나번호)
lang	needmorecoin.ko.nme	60	글 안	거래하나수수료	대입	그밖	①값	거래하나내용은 민수주소 에서 지수주소 에게 거래하나금액 코인 전송 수수료 거래하나수수료 거래번호 거래하나번호	거래하나내용 = str(민수주소) + " 에서 " + str(지수주소) + " 에게 " + str(거래하나금액) + " 코인 전송 수수료 " + str(거래하나수수료) + " 거래번호 " + str(거래하나번호)
lang	needmorecoin.ko.nme	60	글 안	거래하나번호	대입	숫자	①값	거래하나내용은 민수주소 에서 지수주소 에게 거래하나금액 코인 전송 수수료 거래하나수수료 거래번호 거래하나번호	거래하나내용 = str(민수주소) + " 에서 " + str(지수주소) + " 에게 " + str(거래하나금액) + " 코인 전송 수수료 " + str(거래하나수수료) + " 거래번호 " + str(거래하나번호)
lang	needmorecoin.ko.nme	67	비교의 오른쪽	거래하나예상번호	조건	그밖/셈한값	①값	만약에 거래하나번호가 거래하나예상번호와 같으면	if (거래하나번호 == 거래하나예상번호):
lang	needmorecoin.ko.nme	81	글 안	코인이름	대입	글자	①값	블록하나문맥은 코인이름 블록 하나 이전 블록영해시 거래 거래하나내용 서명 거래하나서명 채굴자 채굴자주소 보상 채굴보상	블록하나문맥 = str(코인이름) + " 블록 하나 이전 " + str(블록영해시) + " 거래 " + str(거래하나내용) + " 서명 " + str(거래하나서명) + " 채굴자 " + str(채굴자주소) + " 
lang	needmorecoin.ko.nme	81	글 안	블록영해시	대입	그밖/숫자	①값	블록하나문맥은 코인이름 블록 하나 이전 블록영해시 거래 거래하나내용 서명 거래하나서명 채굴자 채굴자주소 보상 채굴보상	블록하나문맥 = str(코인이름) + " 블록 하나 이전 " + str(블록영해시) + " 거래 " + str(거래하나내용) + " 서명 " + str(거래하나서명) + " 채굴자 " + str(채굴자주소) + " 
lang	needmorecoin.ko.nme	81	글 안	거래하나내용	대입	바꾼값	①값	블록하나문맥은 코인이름 블록 하나 이전 블록영해시 거래 거래하나내용 서명 거래하나서명 채굴자 채굴자주소 보상 채굴보상	블록하나문맥 = str(코인이름) + " 블록 하나 이전 " + str(블록영해시) + " 거래 " + str(거래하나내용) + " 서명 " + str(거래하나서명) + " 채굴자 " + str(채굴자주소) + " 
lang	needmorecoin.ko.nme	81	글 안	거래하나서명	대입	그밖	①값	블록하나문맥은 코인이름 블록 하나 이전 블록영해시 거래 거래하나내용 서명 거래하나서명 채굴자 채굴자주소 보상 채굴보상	블록하나문맥 = str(코인이름) + " 블록 하나 이전 " + str(블록영해시) + " 거래 " + str(거래하나내용) + " 서명 " + str(거래하나서명) + " 채굴자 " + str(채굴자주소) + " 
lang	needmorecoin.ko.nme	81	글 안	채굴자주소	대입	그밖	①값	블록하나문맥은 코인이름 블록 하나 이전 블록영해시 거래 거래하나내용 서명 거래하나서명 채굴자 채굴자주소 보상 채굴보상	블록하나문맥 = str(코인이름) + " 블록 하나 이전 " + str(블록영해시) + " 거래 " + str(거래하나내용) + " 서명 " + str(거래하나서명) + " 채굴자 " + str(채굴자주소) + " 
lang	needmorecoin.ko.nme	81	글 안	채굴보상	대입	숫자	①값	블록하나문맥은 코인이름 블록 하나 이전 블록영해시 거래 거래하나내용 서명 거래하나서명 채굴자 채굴자주소 보상 채굴보상	블록하나문맥 = str(코인이름) + " 블록 하나 이전 " + str(블록영해시) + " 거래 " + str(거래하나내용) + " 서명 " + str(거래하나서명) + " 채굴자 " + str(채굴자주소) + " 
lang	needmorecoin.ko.nme	108	글 안	블록하나시도	출력	셈한값/숫자	①값	블록 하나 작업 횟수는 블록하나시도 입니다 말해줘	print("블록 하나 작업 횟수는 " + str(블록하나시도) + " 입니다")
lang	needmorecoin.ko.nme	109	글 안	블록하나해시	출력	그밖/숫자	①값	블록 하나 해시는 블록하나해시 입니다 말해줘	print("블록 하나 해시는 " + str(블록하나해시) + " 입니다")
lang	needmorecoin.ko.nme	118	글 안	지수주소	대입	그밖	①값	거래둘내용은 지수주소 에서 민수주소 에게 거래둘금액 코인 전송 수수료 거래둘수수료 거래번호 거래둘번호	거래둘내용 = str(지수주소) + " 에서 " + str(민수주소) + " 에게 " + str(거래둘금액) + " 코인 전송 수수료 " + str(거래둘수수료) + " 거래번호 " + str(거래둘번호)
lang	needmorecoin.ko.nme	118	글 안	민수주소	대입	그밖	①값	거래둘내용은 지수주소 에서 민수주소 에게 거래둘금액 코인 전송 수수료 거래둘수수료 거래번호 거래둘번호	거래둘내용 = str(지수주소) + " 에서 " + str(민수주소) + " 에게 " + str(거래둘금액) + " 코인 전송 수수료 " + str(거래둘수수료) + " 거래번호 " + str(거래둘번호)
lang	needmorecoin.ko.nme	118	글 안	거래둘금액	대입	숫자	①값	거래둘내용은 지수주소 에서 민수주소 에게 거래둘금액 코인 전송 수수료 거래둘수수료 거래번호 거래둘번호	거래둘내용 = str(지수주소) + " 에서 " + str(민수주소) + " 에게 " + str(거래둘금액) + " 코인 전송 수수료 " + str(거래둘수수료) + " 거래번호 " + str(거래둘번호)
lang	needmorecoin.ko.nme	118	글 안	거래둘수수료	대입	그밖	①값	거래둘내용은 지수주소 에서 민수주소 에게 거래둘금액 코인 전송 수수료 거래둘수수료 거래번호 거래둘번호	거래둘내용 = str(지수주소) + " 에서 " + str(민수주소) + " 에게 " + str(거래둘금액) + " 코인 전송 수수료 " + str(거래둘수수료) + " 거래번호 " + str(거래둘번호)
lang	needmorecoin.ko.nme	118	글 안	거래둘번호	대입	숫자	①값	거래둘내용은 지수주소 에서 민수주소 에게 거래둘금액 코인 전송 수수료 거래둘수수료 거래번호 거래둘번호	거래둘내용 = str(지수주소) + " 에서 " + str(민수주소) + " 에게 " + str(거래둘금액) + " 코인 전송 수수료 " + str(거래둘수수료) + " 거래번호 " + str(거래둘번호)
lang	needmorecoin.ko.nme	125	비교의 오른쪽	거래둘예상번호	조건	그밖/셈한값	①값	만약에 거래둘번호가 거래둘예상번호와 같으면	if (거래둘번호 == 거래둘예상번호):
lang	needmorecoin.ko.nme	139	글 안	코인이름	대입	글자	①값	블록둘문맥은 코인이름 블록 둘 이전 블록하나해시 거래 거래둘내용 서명 거래둘서명 채굴자 채굴자주소 보상 채굴보상	블록둘문맥 = str(코인이름) + " 블록 둘 이전 " + str(블록하나해시) + " 거래 " + str(거래둘내용) + " 서명 " + str(거래둘서명) + " 채굴자 " + str(채굴자주소) + " 보상 
lang	needmorecoin.ko.nme	139	글 안	블록하나해시	대입	그밖/숫자	①값	블록둘문맥은 코인이름 블록 둘 이전 블록하나해시 거래 거래둘내용 서명 거래둘서명 채굴자 채굴자주소 보상 채굴보상	블록둘문맥 = str(코인이름) + " 블록 둘 이전 " + str(블록하나해시) + " 거래 " + str(거래둘내용) + " 서명 " + str(거래둘서명) + " 채굴자 " + str(채굴자주소) + " 보상 
lang	needmorecoin.ko.nme	139	글 안	거래둘내용	대입	바꾼값	①값	블록둘문맥은 코인이름 블록 둘 이전 블록하나해시 거래 거래둘내용 서명 거래둘서명 채굴자 채굴자주소 보상 채굴보상	블록둘문맥 = str(코인이름) + " 블록 둘 이전 " + str(블록하나해시) + " 거래 " + str(거래둘내용) + " 서명 " + str(거래둘서명) + " 채굴자 " + str(채굴자주소) + " 보상 
lang	needmorecoin.ko.nme	139	글 안	거래둘서명	대입	그밖	①값	블록둘문맥은 코인이름 블록 둘 이전 블록하나해시 거래 거래둘내용 서명 거래둘서명 채굴자 채굴자주소 보상 채굴보상	블록둘문맥 = str(코인이름) + " 블록 둘 이전 " + str(블록하나해시) + " 거래 " + str(거래둘내용) + " 서명 " + str(거래둘서명) + " 채굴자 " + str(채굴자주소) + " 보상 
lang	needmorecoin.ko.nme	139	글 안	채굴자주소	대입	그밖	①값	블록둘문맥은 코인이름 블록 둘 이전 블록하나해시 거래 거래둘내용 서명 거래둘서명 채굴자 채굴자주소 보상 채굴보상	블록둘문맥 = str(코인이름) + " 블록 둘 이전 " + str(블록하나해시) + " 거래 " + str(거래둘내용) + " 서명 " + str(거래둘서명) + " 채굴자 " + str(채굴자주소) + " 보상 
lang	needmorecoin.ko.nme	139	글 안	채굴보상	대입	숫자	①값	블록둘문맥은 코인이름 블록 둘 이전 블록하나해시 거래 거래둘내용 서명 거래둘서명 채굴자 채굴자주소 보상 채굴보상	블록둘문맥 = str(코인이름) + " 블록 둘 이전 " + str(블록하나해시) + " 거래 " + str(거래둘내용) + " 서명 " + str(거래둘서명) + " 채굴자 " + str(채굴자주소) + " 보상 
lang	needmorecoin.ko.nme	166	글 안	블록둘시도	출력	셈한값/숫자	①값	블록 둘 작업 횟수는 블록둘시도 입니다 말해줘	print("블록 둘 작업 횟수는 " + str(블록둘시도) + " 입니다")
lang	needmorecoin.ko.nme	167	글 안	블록둘해시	출력	그밖/숫자	①값	블록 둘 해시는 블록둘해시 입니다 말해줘	print("블록 둘 해시는 " + str(블록둘해시) + " 입니다")
lang	needmorecoin.ko.nme	176	글 안	민수주소	대입	그밖	①값	검증거래하나내용은 민수주소 에서 지수주소 에게 거래하나금액 코인 전송 수수료 거래하나수수료 거래번호 거래하나번호	검증거래하나내용 = str(민수주소) + " 에서 " + str(지수주소) + " 에게 " + str(거래하나금액) + " 코인 전송 수수료 " + str(거래하나수수료) + " 거래번호 " + str(거래하나번호)
lang	needmorecoin.ko.nme	176	글 안	지수주소	대입	그밖	①값	검증거래하나내용은 민수주소 에서 지수주소 에게 거래하나금액 코인 전송 수수료 거래하나수수료 거래번호 거래하나번호	검증거래하나내용 = str(민수주소) + " 에서 " + str(지수주소) + " 에게 " + str(거래하나금액) + " 코인 전송 수수료 " + str(거래하나수수료) + " 거래번호 " + str(거래하나번호)
lang	needmorecoin.ko.nme	176	글 안	거래하나금액	대입	숫자	①값	검증거래하나내용은 민수주소 에서 지수주소 에게 거래하나금액 코인 전송 수수료 거래하나수수료 거래번호 거래하나번호	검증거래하나내용 = str(민수주소) + " 에서 " + str(지수주소) + " 에게 " + str(거래하나금액) + " 코인 전송 수수료 " + str(거래하나수수료) + " 거래번호 " + str(거래하나번호)
lang	needmorecoin.ko.nme	176	글 안	거래하나수수료	대입	그밖	①값	검증거래하나내용은 민수주소 에서 지수주소 에게 거래하나금액 코인 전송 수수료 거래하나수수료 거래번호 거래하나번호	검증거래하나내용 = str(민수주소) + " 에서 " + str(지수주소) + " 에게 " + str(거래하나금액) + " 코인 전송 수수료 " + str(거래하나수수료) + " 거래번호 " + str(거래하나번호)
lang	needmorecoin.ko.nme	176	글 안	거래하나번호	대입	숫자	①값	검증거래하나내용은 민수주소 에서 지수주소 에게 거래하나금액 코인 전송 수수료 거래하나수수료 거래번호 거래하나번호	검증거래하나내용 = str(민수주소) + " 에서 " + str(지수주소) + " 에게 " + str(거래하나금액) + " 코인 전송 수수료 " + str(거래하나수수료) + " 거래번호 " + str(거래하나번호)
lang	needmorecoin.ko.nme	186	비교의 오른쪽	검증거래하나예상번호	조건	그밖/셈한값	①값	만약에 거래하나번호가 검증거래하나예상번호와 같으면	if (거래하나번호 == 검증거래하나예상번호):
lang	needmorecoin.ko.nme	203	글 안	코인이름	대입	글자	①값	검증블록영문맥은 코인이름 창세 블록 민수주소 에게 100 코인 발행	검증블록영문맥 = str(코인이름) + " 창세 블록 " + str(민수주소) + " 에게 100 코인 발행"
lang	needmorecoin.ko.nme	203	글 안	민수주소	대입	그밖	①값	검증블록영문맥은 코인이름 창세 블록 민수주소 에게 100 코인 발행	검증블록영문맥 = str(코인이름) + " 창세 블록 " + str(민수주소) + " 에게 100 코인 발행"
lang	needmorecoin.ko.nme	204	글 안	코인이름	대입	글자	①값	검증블록하나문맥은 코인이름 블록 하나 이전 블록영해시 거래 검증거래하나내용 서명 거래하나서명 채굴자 채굴자주소 보상 채굴보상	검증블록하나문맥 = str(코인이름) + " 블록 하나 이전 " + str(블록영해시) + " 거래 " + str(검증거래하나내용) + " 서명 " + str(거래하나서명) + " 채굴자 " + str(채굴자주소) 
lang	needmorecoin.ko.nme	204	글 안	블록영해시	대입	그밖/숫자	①값	검증블록하나문맥은 코인이름 블록 하나 이전 블록영해시 거래 검증거래하나내용 서명 거래하나서명 채굴자 채굴자주소 보상 채굴보상	검증블록하나문맥 = str(코인이름) + " 블록 하나 이전 " + str(블록영해시) + " 거래 " + str(검증거래하나내용) + " 서명 " + str(거래하나서명) + " 채굴자 " + str(채굴자주소) 
lang	needmorecoin.ko.nme	204	글 안	검증거래하나내용	대입	바꾼값	①값	검증블록하나문맥은 코인이름 블록 하나 이전 블록영해시 거래 검증거래하나내용 서명 거래하나서명 채굴자 채굴자주소 보상 채굴보상	검증블록하나문맥 = str(코인이름) + " 블록 하나 이전 " + str(블록영해시) + " 거래 " + str(검증거래하나내용) + " 서명 " + str(거래하나서명) + " 채굴자 " + str(채굴자주소) 
lang	needmorecoin.ko.nme	204	글 안	거래하나서명	대입	그밖	①값	검증블록하나문맥은 코인이름 블록 하나 이전 블록영해시 거래 검증거래하나내용 서명 거래하나서명 채굴자 채굴자주소 보상 채굴보상	검증블록하나문맥 = str(코인이름) + " 블록 하나 이전 " + str(블록영해시) + " 거래 " + str(검증거래하나내용) + " 서명 " + str(거래하나서명) + " 채굴자 " + str(채굴자주소) 
lang	needmorecoin.ko.nme	204	글 안	채굴자주소	대입	그밖	①값	검증블록하나문맥은 코인이름 블록 하나 이전 블록영해시 거래 검증거래하나내용 서명 거래하나서명 채굴자 채굴자주소 보상 채굴보상	검증블록하나문맥 = str(코인이름) + " 블록 하나 이전 " + str(블록영해시) + " 거래 " + str(검증거래하나내용) + " 서명 " + str(거래하나서명) + " 채굴자 " + str(채굴자주소) 
lang	needmorecoin.ko.nme	204	글 안	채굴보상	대입	숫자	①값	검증블록하나문맥은 코인이름 블록 하나 이전 블록영해시 거래 검증거래하나내용 서명 거래하나서명 채굴자 채굴자주소 보상 채굴보상	검증블록하나문맥 = str(코인이름) + " 블록 하나 이전 " + str(블록영해시) + " 거래 " + str(검증거래하나내용) + " 서명 " + str(거래하나서명) + " 채굴자 " + str(채굴자주소) 
lang	needmorecoin.ko.nme	208	글 안	지수주소	대입	그밖	①값	검증거래둘내용은 지수주소 에서 민수주소 에게 거래둘금액 코인 전송 수수료 거래둘수수료 거래번호 거래둘번호	검증거래둘내용 = str(지수주소) + " 에서 " + str(민수주소) + " 에게 " + str(거래둘금액) + " 코인 전송 수수료 " + str(거래둘수수료) + " 거래번호 " + str(거래둘번호)
lang	needmorecoin.ko.nme	208	글 안	민수주소	대입	그밖	①값	검증거래둘내용은 지수주소 에서 민수주소 에게 거래둘금액 코인 전송 수수료 거래둘수수료 거래번호 거래둘번호	검증거래둘내용 = str(지수주소) + " 에서 " + str(민수주소) + " 에게 " + str(거래둘금액) + " 코인 전송 수수료 " + str(거래둘수수료) + " 거래번호 " + str(거래둘번호)
lang	needmorecoin.ko.nme	208	글 안	거래둘금액	대입	숫자	①값	검증거래둘내용은 지수주소 에서 민수주소 에게 거래둘금액 코인 전송 수수료 거래둘수수료 거래번호 거래둘번호	검증거래둘내용 = str(지수주소) + " 에서 " + str(민수주소) + " 에게 " + str(거래둘금액) + " 코인 전송 수수료 " + str(거래둘수수료) + " 거래번호 " + str(거래둘번호)
lang	needmorecoin.ko.nme	208	글 안	거래둘수수료	대입	그밖	①값	검증거래둘내용은 지수주소 에서 민수주소 에게 거래둘금액 코인 전송 수수료 거래둘수수료 거래번호 거래둘번호	검증거래둘내용 = str(지수주소) + " 에서 " + str(민수주소) + " 에게 " + str(거래둘금액) + " 코인 전송 수수료 " + str(거래둘수수료) + " 거래번호 " + str(거래둘번호)
lang	needmorecoin.ko.nme	208	글 안	거래둘번호	대입	숫자	①값	검증거래둘내용은 지수주소 에서 민수주소 에게 거래둘금액 코인 전송 수수료 거래둘수수료 거래번호 거래둘번호	검증거래둘내용 = str(지수주소) + " 에서 " + str(민수주소) + " 에게 " + str(거래둘금액) + " 코인 전송 수수료 " + str(거래둘수수료) + " 거래번호 " + str(거래둘번호)
lang	needmorecoin.ko.nme	218	비교의 오른쪽	검증거래둘예상번호	조건	그밖/셈한값	①값	만약에 거래둘번호가 검증거래둘예상번호와 같으면	if (거래둘번호 == 검증거래둘예상번호):
lang	needmorecoin.ko.nme	235	글 안	코인이름	대입	글자	①값	검증블록둘문맥은 코인이름 블록 둘 이전 블록하나해시 거래 검증거래둘내용 서명 거래둘서명 채굴자 채굴자주소 보상 채굴보상	검증블록둘문맥 = str(코인이름) + " 블록 둘 이전 " + str(블록하나해시) + " 거래 " + str(검증거래둘내용) + " 서명 " + str(거래둘서명) + " 채굴자 " + str(채굴자주소) + "
lang	needmorecoin.ko.nme	235	글 안	블록하나해시	대입	그밖/숫자	①값	검증블록둘문맥은 코인이름 블록 둘 이전 블록하나해시 거래 검증거래둘내용 서명 거래둘서명 채굴자 채굴자주소 보상 채굴보상	검증블록둘문맥 = str(코인이름) + " 블록 둘 이전 " + str(블록하나해시) + " 거래 " + str(검증거래둘내용) + " 서명 " + str(거래둘서명) + " 채굴자 " + str(채굴자주소) + "
lang	needmorecoin.ko.nme	235	글 안	검증거래둘내용	대입	바꾼값	①값	검증블록둘문맥은 코인이름 블록 둘 이전 블록하나해시 거래 검증거래둘내용 서명 거래둘서명 채굴자 채굴자주소 보상 채굴보상	검증블록둘문맥 = str(코인이름) + " 블록 둘 이전 " + str(블록하나해시) + " 거래 " + str(검증거래둘내용) + " 서명 " + str(거래둘서명) + " 채굴자 " + str(채굴자주소) + "
lang	needmorecoin.ko.nme	235	글 안	거래둘서명	대입	그밖	①값	검증블록둘문맥은 코인이름 블록 둘 이전 블록하나해시 거래 검증거래둘내용 서명 거래둘서명 채굴자 채굴자주소 보상 채굴보상	검증블록둘문맥 = str(코인이름) + " 블록 둘 이전 " + str(블록하나해시) + " 거래 " + str(검증거래둘내용) + " 서명 " + str(거래둘서명) + " 채굴자 " + str(채굴자주소) + "
lang	needmorecoin.ko.nme	235	글 안	채굴자주소	대입	그밖	①값	검증블록둘문맥은 코인이름 블록 둘 이전 블록하나해시 거래 검증거래둘내용 서명 거래둘서명 채굴자 채굴자주소 보상 채굴보상	검증블록둘문맥 = str(코인이름) + " 블록 둘 이전 " + str(블록하나해시) + " 거래 " + str(검증거래둘내용) + " 서명 " + str(거래둘서명) + " 채굴자 " + str(채굴자주소) + "
lang	needmorecoin.ko.nme	235	글 안	채굴보상	대입	숫자	①값	검증블록둘문맥은 코인이름 블록 둘 이전 블록하나해시 거래 검증거래둘내용 서명 거래둘서명 채굴자 채굴자주소 보상 채굴보상	검증블록둘문맥 = str(코인이름) + " 블록 둘 이전 " + str(블록하나해시) + " 거래 " + str(검증거래둘내용) + " 서명 " + str(거래둘서명) + " 채굴자 " + str(채굴자주소) + "
lang	needmorecoin.ko.nme	244	비교의 오른쪽	블록영해시	조건	그밖/숫자	①값	만약에 검증블록영해시가 블록영해시와 같으면	if (검증블록영해시 == 블록영해시):
lang	needmorecoin.ko.nme	246	비교의 오른쪽	블록하나해시	조건	그밖/숫자	①값	만약에 검증블록하나해시가 블록하나해시와 같으면	if (검증블록하나해시 == 블록하나해시):
lang	needmorecoin.ko.nme	248	비교의 오른쪽	블록둘해시	조건	그밖/숫자	①값	만약에 검증블록둘해시가 블록둘해시와 같으면	if (검증블록둘해시 == 블록둘해시):
lang	needmorecoin.ko.nme	250	비교의 오른쪽	검증발행량	조건	셈한값/숫자	①값	만약에 검증최종합계가 검증발행량과 같으면	if (검증최종합계 == 검증발행량):
lang	needmorecoin.ko.nme	267	글 안	민수주소	대입	그밖	①값	변조거래내용은 민수주소 에서 지수주소 에게 변조금액 코인 전송 수수료 거래하나수수료 거래번호 거래하나번호	변조거래내용 = str(민수주소) + " 에서 " + str(지수주소) + " 에게 " + str(변조금액) + " 코인 전송 수수료 " + str(거래하나수수료) + " 거래번호 " + str(거래하나번호)
lang	needmorecoin.ko.nme	267	글 안	지수주소	대입	그밖	①값	변조거래내용은 민수주소 에서 지수주소 에게 변조금액 코인 전송 수수료 거래하나수수료 거래번호 거래하나번호	변조거래내용 = str(민수주소) + " 에서 " + str(지수주소) + " 에게 " + str(변조금액) + " 코인 전송 수수료 " + str(거래하나수수료) + " 거래번호 " + str(거래하나번호)
lang	needmorecoin.ko.nme	267	글 안	변조금액	대입	숫자	①값	변조거래내용은 민수주소 에서 지수주소 에게 변조금액 코인 전송 수수료 거래하나수수료 거래번호 거래하나번호	변조거래내용 = str(민수주소) + " 에서 " + str(지수주소) + " 에게 " + str(변조금액) + " 코인 전송 수수료 " + str(거래하나수수료) + " 거래번호 " + str(거래하나번호)
lang	needmorecoin.ko.nme	267	글 안	거래하나수수료	대입	그밖	①값	변조거래내용은 민수주소 에서 지수주소 에게 변조금액 코인 전송 수수료 거래하나수수료 거래번호 거래하나번호	변조거래내용 = str(민수주소) + " 에서 " + str(지수주소) + " 에게 " + str(변조금액) + " 코인 전송 수수료 " + str(거래하나수수료) + " 거래번호 " + str(거래하나번호)
lang	needmorecoin.ko.nme	267	글 안	거래하나번호	대입	숫자	①값	변조거래내용은 민수주소 에서 지수주소 에게 변조금액 코인 전송 수수료 거래하나수수료 거래번호 거래하나번호	변조거래내용 = str(민수주소) + " 에서 " + str(지수주소) + " 에게 " + str(변조금액) + " 코인 전송 수수료 " + str(거래하나수수료) + " 거래번호 " + str(거래하나번호)
lang	needmorecoin.ko.nme	269	글 안	코인이름	대입	글자	①값	변조블록하나문맥은 코인이름 블록 하나 이전 블록영해시 거래 변조거래내용 서명 거래하나서명 채굴자 채굴자주소 보상 채굴보상	변조블록하나문맥 = str(코인이름) + " 블록 하나 이전 " + str(블록영해시) + " 거래 " + str(변조거래내용) + " 서명 " + str(거래하나서명) + " 채굴자 " + str(채굴자주소) + 
lang	needmorecoin.ko.nme	269	글 안	블록영해시	대입	그밖/숫자	①값	변조블록하나문맥은 코인이름 블록 하나 이전 블록영해시 거래 변조거래내용 서명 거래하나서명 채굴자 채굴자주소 보상 채굴보상	변조블록하나문맥 = str(코인이름) + " 블록 하나 이전 " + str(블록영해시) + " 거래 " + str(변조거래내용) + " 서명 " + str(거래하나서명) + " 채굴자 " + str(채굴자주소) + 
lang	needmorecoin.ko.nme	269	글 안	변조거래내용	대입	바꾼값	①값	변조블록하나문맥은 코인이름 블록 하나 이전 블록영해시 거래 변조거래내용 서명 거래하나서명 채굴자 채굴자주소 보상 채굴보상	변조블록하나문맥 = str(코인이름) + " 블록 하나 이전 " + str(블록영해시) + " 거래 " + str(변조거래내용) + " 서명 " + str(거래하나서명) + " 채굴자 " + str(채굴자주소) + 
lang	needmorecoin.ko.nme	269	글 안	거래하나서명	대입	그밖	①값	변조블록하나문맥은 코인이름 블록 하나 이전 블록영해시 거래 변조거래내용 서명 거래하나서명 채굴자 채굴자주소 보상 채굴보상	변조블록하나문맥 = str(코인이름) + " 블록 하나 이전 " + str(블록영해시) + " 거래 " + str(변조거래내용) + " 서명 " + str(거래하나서명) + " 채굴자 " + str(채굴자주소) + 
lang	needmorecoin.ko.nme	269	글 안	채굴자주소	대입	그밖	①값	변조블록하나문맥은 코인이름 블록 하나 이전 블록영해시 거래 변조거래내용 서명 거래하나서명 채굴자 채굴자주소 보상 채굴보상	변조블록하나문맥 = str(코인이름) + " 블록 하나 이전 " + str(블록영해시) + " 거래 " + str(변조거래내용) + " 서명 " + str(거래하나서명) + " 채굴자 " + str(채굴자주소) + 
lang	needmorecoin.ko.nme	269	글 안	채굴보상	대입	숫자	①값	변조블록하나문맥은 코인이름 블록 하나 이전 블록영해시 거래 변조거래내용 서명 거래하나서명 채굴자 채굴자주소 보상 채굴보상	변조블록하나문맥 = str(코인이름) + " 블록 하나 이전 " + str(블록영해시) + " 거래 " + str(변조거래내용) + " 서명 " + str(거래하나서명) + " 채굴자 " + str(채굴자주소) + 
lang	needmorecoin.ko.nme	275	비교의 오른쪽	블록하나해시	조건	그밖/숫자	①값	만약에 변조블록하나해시가 블록하나해시와 같지않으면	if (변조블록하나해시 != 블록하나해시):
lang	needmorecoin.ko.nme	281	비교의 오른쪽	재전송예상번호	조건	그밖/셈한값	①값	만약에 거래하나번호가 재전송예상번호와 같지않으면	if (거래하나번호 != 재전송예상번호):
lang	needmorecoin.ko.nme	289	글 안	민수잔액	출력	셈한값/숫자	①값	민수 최종 잔액은 민수잔액 코인입니다 말해줘	print("민수 최종 잔액은 " + str(민수잔액) + " 코인입니다")
lang	needmorecoin.ko.nme	290	글 안	지수잔액	출력	셈한값/숫자	①값	지수 최종 잔액은 지수잔액 코인입니다 말해줘	print("지수 최종 잔액은 " + str(지수잔액) + " 코인입니다")
lang	needmorecoin.ko.nme	291	글 안	채굴자잔액	출력	셈한값/숫자	①값	채굴자 최종 잔액은 채굴자잔액 코인입니다 말해줘	print("채굴자 최종 잔액은 " + str(채굴자잔액) + " 코인입니다")
lang	needmorecoin.ko.nme	292	글 안	총발행량	출력	셈한값/숫자	①값	총 발행량은 총발행량 코인입니다 말해줘	print("총 발행량은 " + str(총발행량) + " 코인입니다")
lang	needmorecoin.ko.nme	293	글 안	최종합계	출력	그밖/셈한값	①값	전체 잔액 합계는 최종합계 코인입니다 말해줘	print("전체 잔액 합계는 " + str(최종합계) + " 코인입니다")
lang	needmorecoin.ko.nme	295	비교의 오른쪽	총발행량	조건	셈한값/숫자	①값	만약에 최종합계가 총발행량과 같으면	if (최종합계 == 총발행량):
lang	peace.ko.nme	99	글 안	글귀	출력	모름	①값	가운데 말해줘 글귀	print((lambda _t: " " * max(0, (40 - sum(2 if __import__("unicodedata").east_asian_width(_c) in "WF" else 1 for _c in _t
lang	peace.ko.nme	105	글 안	글귀	출력	모름	①값	가운데 말해줘 글귀	print((lambda _t: " " * max(0, (40 - sum(2 if __import__("unicodedata").east_asian_width(_c) in "WF" else 1 for _c in _t
lang	peace.ko.nme	112	글 안	찬칸	대입	글자	①값	막대글은 찬칸 0개 붙인 것	막대글 = str(찬칸) * 0
lang	peace.ko.nme	144	글 안	표시골드	출력	셈한값/숫자	①값	골드 표시골드 · 실버 표시실버 · 브론즈 표시브론즈 말해줘	print("골드 " + str(표시골드) + " · 실버 " + str(표시실버) + " · 브론즈 " + str(표시브론즈))
lang	peace.ko.nme	144	글 안	표시실버	출력	셈한값/숫자	①값	골드 표시골드 · 실버 표시실버 · 브론즈 표시브론즈 말해줘	print("골드 " + str(표시골드) + " · 실버 " + str(표시실버) + " · 브론즈 " + str(표시브론즈))
lang	peace.ko.nme	144	글 안	표시브론즈	출력	그밖/셈한값	①값	골드 표시골드 · 실버 표시실버 · 브론즈 표시브론즈 말해줘	print("골드 " + str(표시골드) + " · 실버 " + str(표시실버) + " · 브론즈 " + str(표시브론즈))
lang	peace.ko.nme	194	글 안	빈바탕	대입	글자	①값	완성코드칸은 빈바탕을 0개 붙인 것	완성코드칸 = str(빈바탕) * 0
lang	peace.ko.nme	326	글 안	용사이름	대입	그밖/글자/물어본글	①값	이름검사조각들은 용사이름을 쉼표로 나눈 것	이름검사조각들 = str(용사이름).split(",")
lang	peace.ko.nme	743	글 안	저장문	대입	물어본글	①값	저장조각들은 저장문을 쉼표로 나눈 것	저장조각들 = str(저장문).split(",")
lang	peace.ko.nme	751	글 안	이름칸	대입	그밖	①값	정리한이름은 이름칸을 0개 붙인 것	정리한이름 = str(이름칸) * 0
lang	peace.ko.nme	883	비교의 오른쪽	받은검사값	조건	그밖	①값	만약에 계산검사값이 받은검사값과 같지 않으면	if (계산검사값 != 받은검사값):
lang	peace.ko.nme	910	글 안	용사이름	출력	그밖/글자/물어본글	①값	불러오기가 끝났습니다. 용사이름의 모험을 지역번호 번째 길에서 이어 갑니다. 말해줘	print("불러오기가 끝났습니다. " + str(용사이름) + "의 모험을 " + str(지역번호) + " 번째 길에서 이어 갑니다.")
lang	peace.ko.nme	910	글 안	지역번호	출력	그밖/셈한값/숫자	①값	불러오기가 끝났습니다. 용사이름의 모험을 지역번호 번째 길에서 이어 갑니다. 말해줘	print("불러오기가 끝났습니다. " + str(용사이름) + "의 모험을 " + str(지역번호) + " 번째 길에서 이어 갑니다.")
lang	peace.ko.nme	1299	글 안	용사이름	출력	그밖/글자/물어본글	①값	용사이름 · 직업이름 · 난도이름 난이도 말해줘	print(str(용사이름) + " · " + str(직업이름) + " · " + str(난도이름) + " 난이도")
lang	peace.ko.nme	1299	글 안	직업이름	출력	글자	①값	용사이름 · 직업이름 · 난도이름 난이도 말해줘	print(str(용사이름) + " · " + str(직업이름) + " · " + str(난도이름) + " 난이도")
lang	peace.ko.nme	1299	글 안	난도이름	출력	글자	①값	용사이름 · 직업이름 · 난도이름 난이도 말해줘	print(str(용사이름) + " · " + str(직업이름) + " · " + str(난도이름) + " 난이도")
lang	peace.ko.nme	1300	글 안	직업특성	출력	글자	①값	직업 특성 · 직업특성 말해줘	print("직업 특성 · " + str(직업특성))
lang	peace.ko.nme	1301	글 안	무기이름	출력	글자	①값	무기 무기이름 · 갑옷 갑옷이름 · 장신구 장신구이름 말해줘	print("무기 " + str(무기이름) + " · 갑옷 " + str(갑옷이름) + " · 장신구 " + str(장신구이름))
lang	peace.ko.nme	1301	글 안	갑옷이름	출력	글자	①값	무기 무기이름 · 갑옷 갑옷이름 · 장신구 장신구이름 말해줘	print("무기 " + str(무기이름) + " · 갑옷 " + str(갑옷이름) + " · 장신구 " + str(장신구이름))
lang	peace.ko.nme	1301	글 안	장신구이름	출력	글자	①값	무기 무기이름 · 갑옷 갑옷이름 · 장신구 장신구이름 말해줘	print("무기 " + str(무기이름) + " · 갑옷 " + str(갑옷이름) + " · 장신구 " + str(장신구이름))
lang	peace.ko.nme	1302	글 안	기술이름	출력	글자	①값	기술 기술이름 · 필요한 기운 기술비용 · 속성 기술속성 말해줘	print("기술 " + str(기술이름) + " · 필요한 기운 " + str(기술비용) + " · 속성 " + str(기술속성))
lang	peace.ko.nme	1302	글 안	기술비용	출력	숫자	①값	기술 기술이름 · 필요한 기운 기술비용 · 속성 기술속성 말해줘	print("기술 " + str(기술이름) + " · 필요한 기운 " + str(기술비용) + " · 속성 " + str(기술속성))
lang	peace.ko.nme	1302	글 안	기술속성	출력	글자	①값	기술 기술이름 · 필요한 기운 기술비용 · 속성 기술속성 말해줘	print("기술 " + str(기술이름) + " · 필요한 기운 " + str(기술비용) + " · 속성 " + str(기술속성))
lang	peace.ko.nme	1303	글 안	궁극기이름	출력	글자	①값	궁극기 궁극기이름 · 공격과 방어로 충전됩니다 말해줘	print("궁극기 " + str(궁극기이름) + " · 공격과 방어로 충전됩니다")
lang	peace.ko.nme	1994	글 안	지역번호	출력	그밖/셈한값/숫자	①값	지역번호 번째 길 말해줘	print(str(지역번호) + " 번째 길")
lang	peace.ko.nme	1995	글 안	적이름	출력	글자	①값	적이름 앞을 가로막습니다 말해줘	print(str(적이름) + " 앞을 가로막습니다")
lang	peace.ko.nme	1997	글 안	전장효과	출력	글자	①값	전장 효과 · 전장효과 말해줘	print("전장 효과 · " + str(전장효과))
lang	peace.ko.nme	2045	글 안	지역이름	출력	글자	①값	⚔ 지역이름 · 지역번호 번째 길 말해줘	print("⚔ " + str(지역이름) + " · " + str(지역번호) + " 번째 길")
lang	peace.ko.nme	2045	글 안	지역번호	출력	그밖/셈한값/숫자	①값	⚔ 지역이름 · 지역번호 번째 길 말해줘	print("⚔ " + str(지역이름) + " · " + str(지역번호) + " 번째 길")
lang	peace.ko.nme	2046	글 안	적이름	출력	글자	①값	🟥 적 · 적이름 · 생명 적생명 / 적최대생명 말해줘	print("🟥 적 · " + str(적이름) + " · 생명 " + str(적생명) + " / " + str(적최대생명))
lang	peace.ko.nme	2046	글 안	적생명	출력	그밖/셈한값	①값	🟥 적 · 적이름 · 생명 적생명 / 적최대생명 말해줘	print("🟥 적 · " + str(적이름) + " · 생명 " + str(적생명) + " / " + str(적최대생명))
lang	peace.ko.nme	2046	글 안	적최대생명	출력	셈한값/숫자	①값	🟥 적 · 적이름 · 생명 적생명 / 적최대생명 말해줘	print("🟥 적 · " + str(적이름) + " · 생명 " + str(적생명) + " / " + str(적최대생명))
lang	peace.ko.nme	2049	글 안	용사이름	출력	그밖/글자/물어본글	①값	🟩 용사 · 용사이름 · 생명 용사생명 / 최대생명 · 기운 용사기운 / 최대기운 말해줘	print("🟩 용사 · " + str(용사이름) + " · 생명 " + str(용사생명) + " / " + str(최대생명) + " · 기운 " + str(용사기운) + " / " + str(최대기운))
lang	peace.ko.nme	2049	글 안	용사생명	출력	그밖/셈한값/숫자	①값	🟩 용사 · 용사이름 · 생명 용사생명 / 최대생명 · 기운 용사기운 / 최대기운 말해줘	print("🟩 용사 · " + str(용사이름) + " · 생명 " + str(용사생명) + " / " + str(최대생명) + " · 기운 " + str(용사기운) + " / " + str(최대기운))
lang	peace.ko.nme	2049	글 안	최대생명	출력	그밖/셈한값/숫자	①값	🟩 용사 · 용사이름 · 생명 용사생명 / 최대생명 · 기운 용사기운 / 최대기운 말해줘	print("🟩 용사 · " + str(용사이름) + " · 생명 " + str(용사생명) + " / " + str(최대생명) + " · 기운 " + str(용사기운) + " / " + str(최대기운))
lang	peace.ko.nme	2049	글 안	용사기운	출력	그밖/셈한값/숫자	①값	🟩 용사 · 용사이름 · 생명 용사생명 / 최대생명 · 기운 용사기운 / 최대기운 말해줘	print("🟩 용사 · " + str(용사이름) + " · 생명 " + str(용사생명) + " / " + str(최대생명) + " · 기운 " + str(용사기운) + " / " + str(최대기운))
lang	peace.ko.nme	2049	글 안	최대기운	출력	그밖/셈한값/숫자	①값	🟩 용사 · 용사이름 · 생명 용사생명 / 최대생명 · 기운 용사기운 / 최대기운 말해줘	print("🟩 용사 · " + str(용사이름) + " · 생명 " + str(용사생명) + " / " + str(최대생명) + " · 기운 " + str(용사기운) + " / " + str(최대기운))
lang	peace.ko.nme	2052	글 안	용사단계	출력	그밖/셈한값/숫자	①값	단계 용사단계 · 공격 용사공격 · 방어 용사방어 · 속도 용사속도 말해줘	print("단계 " + str(용사단계) + " · 공격 " + str(용사공격) + " · 방어 " + str(용사방어) + " · 속도 " + str(용사속도))
lang	peace.ko.nme	2052	글 안	용사공격	출력	그밖/셈한값/숫자	①값	단계 용사단계 · 공격 용사공격 · 방어 용사방어 · 속도 용사속도 말해줘	print("단계 " + str(용사단계) + " · 공격 " + str(용사공격) + " · 방어 " + str(용사방어) + " · 속도 " + str(용사속도))
lang	peace.ko.nme	2052	글 안	용사방어	출력	그밖/셈한값/숫자	①값	단계 용사단계 · 공격 용사공격 · 방어 용사방어 · 속도 용사속도 말해줘	print("단계 " + str(용사단계) + " · 공격 " + str(용사공격) + " · 방어 " + str(용사방어) + " · 속도 " + str(용사속도))
lang	peace.ko.nme	2052	글 안	용사속도	출력	그밖/셈한값/숫자	①값	단계 용사단계 · 공격 용사공격 · 방어 용사방어 · 속도 용사속도 말해줘	print("단계 " + str(용사단계) + " · 공격 " + str(용사공격) + " · 방어 " + str(용사방어) + " · 속도 " + str(용사속도))
lang	peace.ko.nme	2053	글 안	적균형	출력	그밖/셈한값	①값	🟥 적 균형 적균형 / 적최대균형 · 예고 적의도 말해줘	print("🟥 적 균형 " + str(적균형) + " / " + str(적최대균형) + " · 예고 " + str(적의도))
lang	peace.ko.nme	2053	글 안	적최대균형	출력	셈한값/숫자	①값	🟥 적 균형 적균형 / 적최대균형 · 예고 적의도 말해줘	print("🟥 적 균형 " + str(적균형) + " / " + str(적최대균형) + " · 예고 " + str(적의도))
lang	peace.ko.nme	2053	글 안	적의도	출력	글자	①값	🟥 적 균형 적균형 / 적최대균형 · 예고 적의도 말해줘	print("🟥 적 균형 " + str(적균형) + " / " + str(적최대균형) + " · 예고 " + str(적의도))
lang	peace.ko.nme	2057	글 안	전투속도	출력	그밖/셈한값/숫자	①값	🟦 회피 전투속도 퍼센트 · 치명 치명확률 퍼센트 · 동료 지원 동료지원확률 퍼센트 말해줘	print("🟦 회피 " + str(전투속도) + " 퍼센트 · 치명 " + str(치명확률) + " 퍼센트 · 동료 지원 " + str(동료지원확률) + " 퍼센트")
lang	peace.ko.nme	2057	글 안	치명확률	출력	그밖	①값	🟦 회피 전투속도 퍼센트 · 치명 치명확률 퍼센트 · 동료 지원 동료지원확률 퍼센트 말해줘	print("🟦 회피 " + str(전투속도) + " 퍼센트 · 치명 " + str(치명확률) + " 퍼센트 · 동료 지원 " + str(동료지원확률) + " 퍼센트")
lang	peace.ko.nme	2057	글 안	동료지원확률	출력	숫자	①값	🟦 회피 전투속도 퍼센트 · 치명 치명확률 퍼센트 · 동료 지원 동료지원확률 퍼센트 말해줘	print("🟦 회피 " + str(전투속도) + " 퍼센트 · 치명 " + str(치명확률) + " 퍼센트 · 동료 지원 " + str(동료지원확률) + " 퍼센트")
lang	peace.ko.nme	2058	글 안	궁극기이름	출력	글자	①값	🟨 궁극기 궁극기이름 · 충전 궁극기충전 / 궁극기최대 말해줘	print("🟨 궁극기 " + str(궁극기이름) + " · 충전 " + str(궁극기충전) + " / " + str(궁극기최대))
lang	peace.ko.nme	2058	글 안	궁극기충전	출력	그밖/셈한값/숫자	①값	🟨 궁극기 궁극기이름 · 충전 궁극기충전 / 궁극기최대 말해줘	print("🟨 궁극기 " + str(궁극기이름) + " · 충전 " + str(궁극기충전) + " / " + str(궁극기최대))
lang	peace.ko.nme	2058	글 안	궁극기최대	출력	숫자	①값	🟨 궁극기 궁극기이름 · 충전 궁극기충전 / 궁극기최대 말해줘	print("🟨 궁극기 " + str(궁극기이름) + " · 충전 " + str(궁극기충전) + " / " + str(궁극기최대))
lang	peace.ko.nme	2059	글 안	무기내구	출력	그밖/셈한값/숫자	①값	무기 내구 무기내구 / 무기최대내구 · 갑옷 내구 갑옷내구 / 갑옷최대내구 말해줘	print("무기 내구 " + str(무기내구) + " / " + str(무기최대내구) + " · 갑옷 내구 " + str(갑옷내구) + " / " + str(갑옷최대내구))
lang	peace.ko.nme	2059	글 안	무기최대내구	출력	그밖/셈한값/숫자	①값	무기 내구 무기내구 / 무기최대내구 · 갑옷 내구 갑옷내구 / 갑옷최대내구 말해줘	print("무기 내구 " + str(무기내구) + " / " + str(무기최대내구) + " · 갑옷 내구 " + str(갑옷내구) + " / " + str(갑옷최대내구))
lang	peace.ko.nme	2059	글 안	갑옷내구	출력	그밖/셈한값/숫자	①값	무기 내구 무기내구 / 무기최대내구 · 갑옷 내구 갑옷내구 / 갑옷최대내구 말해줘	print("무기 내구 " + str(무기내구) + " / " + str(무기최대내구) + " · 갑옷 내구 " + str(갑옷내구) + " / " + str(갑옷최대내구))
lang	peace.ko.nme	2059	글 안	갑옷최대내구	출력	그밖/셈한값/숫자	①값	무기 내구 무기내구 / 무기최대내구 · 갑옷 내구 갑옷내구 / 갑옷최대내구 말해줘	print("무기 내구 " + str(무기내구) + " / " + str(무기최대내구) + " · 갑옷 내구 " + str(갑옷내구) + " / " + str(갑옷최대내구))
lang	peace.ko.nme	2060	글 안	회복약수	출력	그밖/셈한값/숫자	①값	회복약 회복약수 · 고급회복약 고급회복약수 · 기운약 기운약수 · 해독제 해독제수 말해줘	print("회복약 " + str(회복약수) + " · 고급회복약 " + str(고급회복약수) + " · 기운약 " + str(기운약수) + " · 해독제 " + str(해독제수))
lang	peace.ko.nme	2060	글 안	고급회복약수	출력	그밖/셈한값/숫자	①값	회복약 회복약수 · 고급회복약 고급회복약수 · 기운약 기운약수 · 해독제 해독제수 말해줘	print("회복약 " + str(회복약수) + " · 고급회복약 " + str(고급회복약수) + " · 기운약 " + str(기운약수) + " · 해독제 " + str(해독제수))
lang	peace.ko.nme	2060	글 안	기운약수	출력	그밖/셈한값/숫자	①값	회복약 회복약수 · 고급회복약 고급회복약수 · 기운약 기운약수 · 해독제 해독제수 말해줘	print("회복약 " + str(회복약수) + " · 고급회복약 " + str(고급회복약수) + " · 기운약 " + str(기운약수) + " · 해독제 " + str(해독제수))
lang	peace.ko.nme	2060	글 안	해독제수	출력	그밖/셈한값/숫자	①값	회복약 회복약수 · 고급회복약 고급회복약수 · 기운약 기운약수 · 해독제 해독제수 말해줘	print("회복약 " + str(회복약수) + " · 고급회복약 " + str(고급회복약수) + " · 기운약 " + str(기운약수) + " · 해독제 " + str(해독제수))
lang	peace.ko.nme	2061	글 안	폭탄수	출력	그밖/셈한값/숫자	①값	폭탄 폭탄수 · 성수 성수수 · 연막탄 연막탄수 · 숫돌 숫돌수 말해줘	print("폭탄 " + str(폭탄수) + " · 성수 " + str(성수수) + " · 연막탄 " + str(연막탄수) + " · 숫돌 " + str(숫돌수))
lang	peace.ko.nme	2061	글 안	성수수	출력	그밖/셈한값/숫자	①값	폭탄 폭탄수 · 성수 성수수 · 연막탄 연막탄수 · 숫돌 숫돌수 말해줘	print("폭탄 " + str(폭탄수) + " · 성수 " + str(성수수) + " · 연막탄 " + str(연막탄수) + " · 숫돌 " + str(숫돌수))
lang	peace.ko.nme	2061	글 안	연막탄수	출력	그밖/셈한값/숫자	①값	폭탄 폭탄수 · 성수 성수수 · 연막탄 연막탄수 · 숫돌 숫돌수 말해줘	print("폭탄 " + str(폭탄수) + " · 성수 " + str(성수수) + " · 연막탄 " + str(연막탄수) + " · 숫돌 " + str(숫돌수))
lang	peace.ko.nme	2061	글 안	숫돌수	출력	그밖/셈한값/숫자	①값	폭탄 폭탄수 · 성수 성수수 · 연막탄 연막탄수 · 숫돌 숫돌수 말해줘	print("폭탄 " + str(폭탄수) + " · 성수 " + str(성수수) + " · 연막탄 " + str(연막탄수) + " · 숫돌 " + str(숫돌수))
lang	peace.ko.nme	2062	글 안	행운동전수	출력	그밖/셈한값/숫자	①값	행운동전 행운동전수 · 혼돈주사위 혼돈주사위수 말해줘	print("행운동전 " + str(행운동전수) + " · 혼돈주사위 " + str(혼돈주사위수))
lang	peace.ko.nme	2062	글 안	혼돈주사위수	출력	그밖/셈한값/숫자	①값	행운동전 행운동전수 · 혼돈주사위 혼돈주사위수 말해줘	print("행운동전 " + str(행운동전수) + " · 혼돈주사위 " + str(혼돈주사위수))
lang	peace.ko.nme	2200	글 안	첫운명패	출력	그밖	①값	상자로 말해줘 🎲 공개한 운명패 · 첫운명패 / 둘째운명패 / 셋째운명패	print((lambda _t: (lambda _w: "┌" + "─" * (_w + 2) + "┐\n│ " + _t + " │\n└" + "─" * (_w + 2) + "┘")(sum(2 if __import__(
lang	peace.ko.nme	2200	글 안	둘째운명패	출력	그밖	①값	상자로 말해줘 🎲 공개한 운명패 · 첫운명패 / 둘째운명패 / 셋째운명패	print((lambda _t: (lambda _w: "┌" + "─" * (_w + 2) + "┐\n│ " + _t + " │\n└" + "─" * (_w + 2) + "┘")(sum(2 if __import__(
lang	peace.ko.nme	2200	글 안	셋째운명패	출력	그밖	①값	상자로 말해줘 🎲 공개한 운명패 · 첫운명패 / 둘째운명패 / 셋째운명패	print((lambda _t: (lambda _w: "┌" + "─" * (_w + 2) + "┐\n│ " + _t + " │\n└" + "─" * (_w + 2) + "┘")(sum(2 if __import__(
lang	peace.ko.nme	2243	비교의 오른쪽	적약점	조건	글자	①값	만약에 기술속성이 적약점과 같으면	if (기술속성 == 적약점):
lang	peace.ko.nme	2250	글 안	궁극기이름	출력	글자	①값	궁극기이름 · 피해 준피해 말해줘	print(str(궁극기이름) + " · 피해 " + str(준피해))
lang	peace.ko.nme	2250	글 안	준피해	출력	그밖/셈한값/숫자	①값	궁극기이름 · 피해 준피해 말해줘	print(str(궁극기이름) + " · 피해 " + str(준피해))
lang	peace.ko.nme	2281	비교의 오른쪽	적약점	조건	글자	①값	만약에 기술속성이 적약점과 같으면	if (기술속성 == 적약점):
lang	peace.ko.nme	2290	글 안	준피해	출력	그밖/셈한값/숫자	①값	화염구가 준피해 만큼 폭발하고 적에게 불길이 남습니다. 말해줘	print("화염구가 " + str(준피해) + " 만큼 폭발하고 적에게 불길이 남습니다.")
lang	peace.ko.nme	2299	비교의 오른쪽	적약점	조건	글자	①값	만약에 기술속성이 적약점과 같으면	if (기술속성 == 적약점):
lang	peace.ko.nme	2307	글 안	준피해	출력	그밖/셈한값/숫자	①값	첫 화살이 준피해 만큼 파고듭니다. 말해줘	print("첫 화살이 " + str(준피해) + " 만큼 파고듭니다.")
lang	peace.ko.nme	2314	비교의 오른쪽	적약점	조건	글자	①값	만약에 기술속성이 적약점과 같으면	if (기술속성 == 적약점):
lang	peace.ko.nme	2319	글 안	준피해	출력	그밖/셈한값/숫자	①값	연속사격의 두 번째 화살이 준피해 만큼 베고 상처를 남깁니다. 말해줘	print("연속사격의 두 번째 화살이 " + str(준피해) + " 만큼 베고 상처를 남깁니다.")
lang	peace.ko.nme	2332	비교의 오른쪽	적약점	조건	글자	①값	만약에 기술속성이 적약점과 같으면	if (기술속성 == 적약점):
lang	peace.ko.nme	2345	글 안	준피해	출력	그밖/셈한값/숫자	①값	성광 · 피해 준피해 · 몸의 독을 씻었습니다 말해줘	print("성광 · 피해 " + str(준피해) + " · 몸의 독을 씻었습니다")
lang	peace.ko.nme	2352	비교의 오른쪽	적약점	조건	글자	①값	만약에 기술속성이 적약점과 같으면	if (기술속성 == 적약점):
lang	peace.ko.nme	2360	글 안	준피해	출력	그밖/셈한값/숫자	①값	맹독비수가 준피해 만큼 파고들고 독을 남깁니다. 말해줘	print("맹독비수가 " + str(준피해) + " 만큼 파고들고 독을 남깁니다.")
lang	peace.ko.nme	2373	비교의 오른쪽	적약점	조건	글자	①값	만약에 기술속성이 적약점과 같으면	if (기술속성 == 적약점):
lang	peace.ko.nme	2380	글 안	준피해	출력	그밖/셈한값/숫자	①값	광전도끼가 준피해 만큼 갑옷과 살을 함께 가릅니다. 말해줘	print("광전도끼가 " + str(준피해) + " 만큼 갑옷과 살을 함께 가릅니다.")
lang	peace.ko.nme	2388	비교의 오른쪽	적약점	조건	글자	①값	만약에 기술속성이 적약점과 같으면	if (기술속성 == 적약점):
lang	peace.ko.nme	2399	글 안	준피해	출력	그밖/셈한값/숫자	①값	룬망치가 준피해 만큼 때리고 무기와 적 갑옷을 동시에 손봅니다. 말해줘	print("룬망치가 " + str(준피해) + " 만큼 때리고 무기와 적 갑옷을 동시에 손봅니다.")
lang	peace.ko.nme	2407	비교의 오른쪽	적약점	조건	글자	①값	만약에 기술속성이 적약점과 같으면	if (기술속성 == 적약점):
lang	peace.ko.nme	2417	글 안	준피해	출력	그밖/셈한값/숫자	①값	파열음이 준피해 만큼 울리고 적의 균형을 흔듭니다. 말해줘	print("파열음이 " + str(준피해) + " 만큼 울리고 적의 균형을 흔듭니다.")
lang	peace.ko.nme	2424	비교의 오른쪽	적약점	조건	글자	①값	만약에 기술속성이 적약점과 같으면	if (기술속성 == 적약점):
lang	peace.ko.nme	2434	글 안	준피해	출력	그밖/셈한값/숫자	①값	덩굴속박이 준피해 만큼 조이고 약초의 기운으로 생명을 회복합니다. 말해줘	print("덩굴속박이 " + str(준피해) + " 만큼 조이고 약초의 기운으로 생명을 회복합니다.")
lang	peace.ko.nme	2441	비교의 오른쪽	적약점	조건	글자	①값	만약에 기술속성이 적약점과 같으면	if (기술속성 == 적약점):
lang	peace.ko.nme	2450	글 안	준피해	출력	그밖/셈한값/숫자	①값	생명착취가 준피해 만큼 빼앗고 생명 9를 되돌립니다. 말해줘	print("생명착취가 " + str(준피해) + " 만큼 빼앗고 생명 9를 되돌립니다.")
lang	peace.ko.nme	2455	비교의 오른쪽	적약점	조건	글자	①값	만약에 기술속성이 적약점과 같으면	if (기술속성 == 적약점):
lang	peace.ko.nme	2463	글 안	준피해	출력	그밖/셈한값/숫자	①값	용염창이 방어를 무시하고 준피해 만큼 꿰뚫습니다. 말해줘	print("용염창이 방어를 무시하고 " + str(준피해) + " 만큼 꿰뚫습니다.")
lang	peace.ko.nme	2471	비교의 오른쪽	적약점	조건	글자	①값	만약에 기술속성이 적약점과 같으면	if (기술속성 == 적약점):
lang	peace.ko.nme	2483	글 안	준피해	출력	그밖/셈한값/숫자	①값	시간균열이 준피해 만큼 과거와 현재를 함께 벱니다. 말해줘	print("시간균열이 " + str(준피해) + " 만큼 과거와 현재를 함께 벱니다.")
lang	peace.ko.nme	2496	글 안	운명눈	출력	그밖/숫자	①값	🎲 기울어진 동전 · 운명눈과 추가운명눈 가운데 높은 눈을 씁니다 말해줘	print("🎲 기울어진 동전 · " + str(운명눈) + "과 " + str(추가운명눈) + " 가운데 높은 눈을 씁니다")
lang	peace.ko.nme	2496	글 안	추가운명눈	출력	그밖	①값	🎲 기울어진 동전 · 운명눈과 추가운명눈 가운데 높은 눈을 씁니다 말해줘	print("🎲 기울어진 동전 · " + str(운명눈) + "과 " + str(추가운명눈) + " 가운데 높은 눈을 씁니다")
lang	peace.ko.nme	2500	글 안	운명눈	출력	그밖/숫자	①값	🎲 운명의 주사위 · 나온 눈 운명눈 / 6 · 각 눈 확률 16.7 퍼센트 말해줘	print("🎲 운명의 주사위 · 나온 눈 " + str(운명눈) + " / 6 · 각 눈 확률 16.7 퍼센트")
lang	peace.ko.nme	2514	글 안	준피해	출력	그밖/셈한값/숫자	①값	🟥 낮은 수 · 약한 피해 준피해 말해줘	print("🟥 낮은 수 · 약한 피해 " + str(준피해))
lang	peace.ko.nme	2520	글 안	준피해	출력	그밖/셈한값/숫자	①값	🟦 평범한 수 · 피해 준피해 말해줘	print("🟦 평범한 수 · 피해 " + str(준피해))
lang	peace.ko.nme	2527	글 안	준피해	출력	그밖/셈한값/숫자	①값	🟩 높은 수 · 피해 준피해 · 균형 추가 피해 말해줘	print("🟩 높은 수 · 피해 " + str(준피해) + " · 균형 추가 피해")
lang	peace.ko.nme	2536	글 안	준피해	출력	그밖/셈한값/숫자	①값	🟨 큰 성공 · 피해 준피해 · 생명 7 회복 말해줘	print("🟨 큰 성공 · 피해 " + str(준피해) + " · 생명 7 회복")
lang	peace.ko.nme	2545	글 안	준피해	출력	그밖/셈한값/숫자	①값	상자로 말해줘 🟨 대성공 · 피해 준피해 · 균형 4 · 6 브론즈	print((lambda _t: (lambda _w: "┌" + "─" * (_w + 2) + "┐\n│ " + _t + " │\n└" + "─" * (_w + 2) + "┘")(sum(2 if __import__(
lang	peace.ko.nme	2560	비교의 오른쪽	적약점	조건	글자	①값	만약에 기술속성이 적약점과 같으면	if (기술속성 == 적약점):
lang	peace.ko.nme	2573	글 안	준피해	출력	그밖/셈한값/숫자	①값	방패강타가 준피해 만큼 밀어내고 다시 앞을 지킵니다. 말해줘	print("방패강타가 " + str(준피해) + " 만큼 밀어내고 다시 앞을 지킵니다.")
lang	peace.ko.nme	2643	글 안	준피해	출력	그밖/셈한값/숫자	①값	폭탄이 적의 방어를 뚫고 준피해 만큼 터집니다. 말해줘	print("폭탄이 적의 방어를 뚫고 " + str(준피해) + " 만큼 터집니다.")
lang	peace.ko.nme	2668	글 안	준피해	출력	그밖/셈한값/숫자	①값	축복받은 성수가 방어를 무시하고 준피해 만큼 태웁니다. 말해줘	print("축복받은 성수가 방어를 무시하고 " + str(준피해) + " 만큼 태웁니다.")
lang	peace.ko.nme	2721	글 안	혼돈눈	출력	그밖	①값	🎲 혼돈 주사위 · 각 결과 확률 16.7 퍼센트 · 나온 눈 혼돈눈 말해줘	print("🎲 혼돈 주사위 · 각 결과 확률 16.7 퍼센트 · 나온 눈 " + str(혼돈눈))
lang	peace.ko.nme	2732	글 안	잃은기운	출력	숫자	①값	🟥 주사위가 기운 잃은기운 만큼 삼켰습니다. 말해줘	print("🟥 주사위가 기운 " + str(잃은기운) + " 만큼 삼켰습니다.")
lang	peace.ko.nme	2770	글 안	적이름	출력	글자	①값	적이름의 특징은 적특징 입니다 말해줘	print(str(적이름) + "의 특징은 " + str(적특징) + " 입니다")
lang	peace.ko.nme	2770	글 안	적특징	출력	글자	①값	적이름의 특징은 적특징 입니다 말해줘	print(str(적이름) + "의 특징은 " + str(적특징) + " 입니다")
lang	peace.ko.nme	2771	글 안	적약점	출력	글자	①값	적의 약점은 적약점 · 균형은 적균형 입니다 말해줘	print("적의 약점은 " + str(적약점) + " · 균형은 " + str(적균형) + " 입니다")
lang	peace.ko.nme	2771	글 안	적균형	출력	그밖/셈한값	①값	적의 약점은 적약점 · 균형은 적균형 입니다 말해줘	print("적의 약점은 " + str(적약점) + " · 균형은 " + str(적균형) + " 입니다")
lang	peace.ko.nme	2786	글 안	전투속도	출력	그밖/셈한값/숫자	①값	🎲 공개 확률 · 치명 14 퍼센트 · 회피 전투속도 퍼센트 · 동료 지원 동료지원확률 퍼센트 말해줘	print("🎲 공개 확률 · 치명 14 퍼센트 · 회피 " + str(전투속도) + " 퍼센트 · 동료 지원 " + str(동료지원확률) + " 퍼센트")
lang	peace.ko.nme	2786	글 안	동료지원확률	출력	숫자	①값	🎲 공개 확률 · 치명 14 퍼센트 · 회피 전투속도 퍼센트 · 동료 지원 동료지원확률 퍼센트 말해줘	print("🎲 공개 확률 · 치명 14 퍼센트 · 회피 " + str(전투속도) + " 퍼센트 · 동료 지원 " + str(동료지원확률) + " 퍼센트")
lang	peace.ko.nme	2848	글 안	무기이름	출력	글자	①값	무기이름이 준피해 만큼 상처를 냅니다. 말해줘	print(str(무기이름) + "이 " + str(준피해) + " 만큼 상처를 냅니다.")
lang	peace.ko.nme	2848	글 안	준피해	출력	그밖/셈한값/숫자	①값	무기이름이 준피해 만큼 상처를 냅니다. 말해줘	print(str(무기이름) + "이 " + str(준피해) + " 만큼 상처를 냅니다.")
lang	peace.ko.nme	2904	글 안	지원피해	출력	셈한값/숫자	①값	리아넬의 엄호 사격 · 피해 지원피해 말해줘	print("리아넬의 엄호 사격 · 피해 " + str(지원피해))
lang	peace.ko.nme	2923	글 안	지원피해	출력	셈한값/숫자	①값	아우렐의 황금 불꽃 · 피해 지원피해 말해줘	print("아우렐의 황금 불꽃 · 피해 " + str(지원피해))
lang	peace.ko.nme	2954	글 안	적이름	출력	글자	①값	적이름의 균형이 무너졌습니다. 이번 반격을 건너뜁니다. 말해줘	print(str(적이름) + "의 균형이 무너졌습니다. 이번 반격을 건너뜁니다.")
lang	peace.ko.nme	2969	글 안	화상피해	출력	숫자	①값	남은 불씨가 화상피해 만큼 더 태웁니다. 말해줘	print("남은 불씨가 " + str(화상피해) + " 만큼 더 태웁니다.")
lang	peace.ko.nme	2975	글 안	출혈피해	출력	숫자	①값	깊은 상처가 출혈피해 만큼 더 벌어집니다. 말해줘	print("깊은 상처가 " + str(출혈피해) + " 만큼 더 벌어집니다.")
lang	peace.ko.nme	2981	글 안	독피해	출력	숫자	①값	맹독이 적의 생명을 독피해 만큼 안에서부터 깎습니다. 말해줘	print("맹독이 적의 생명을 " + str(독피해) + " 만큼 안에서부터 깎습니다.")
lang	peace.ko.nme	2991	글 안	반사피해	출력	숫자	①값	에드릭의 거울 방패가 기술을 비추어 반사피해 만큼 돌려줍니다. 말해줘	print("에드릭의 거울 방패가 기술을 비추어 " + str(반사피해) + " 만큼 돌려줍니다.")
lang	peace.ko.nme	3020	글 안	적이름	출력	글자	①값	적이름 쓰러졌습니다 말해줘	print(str(적이름) + " 쓰러졌습니다")
lang	peace.ko.nme	3084	글 안	적이름	출력	글자	①값	적이름 균형을 잃어 아무 행동도 하지 못합니다 말해줘	print(str(적이름) + " 균형을 잃어 아무 행동도 하지 못합니다")
lang	peace.ko.nme	3099	글 안	적이름	출력	글자	①값	적이름 · 반격으로 받은피해 만큼 생명을 깎습니다 말해줘	print(str(적이름) + " · 반격으로 " + str(받은피해) + " 만큼 생명을 깎습니다")
lang	peace.ko.nme	3099	글 안	받은피해	출력	그밖/셈한값/숫자	①값	적이름 · 반격으로 받은피해 만큼 생명을 깎습니다 말해줘	print(str(적이름) + " · 반격으로 " + str(받은피해) + " 만큼 생명을 깎습니다")
lang	peace.ko.nme	3110	글 안	훔친돈	출력	그밖/숫자	①값	적이 훔친돈 브론즈를 빼앗았습니다. 승리한 뒤 되찾습니다. 말해줘	print("적이 " + str(훔친돈) + " 브론즈를 빼앗았습니다. 승리한 뒤 되찾습니다.")
lang	peace.ko.nme	3144	글 안	빼앗은기운	출력	그밖/숫자	①값	마계의 불꽃이 기운 빼앗은기운 만큼 태웁니다. 말해줘	print("마계의 불꽃이 기운 " + str(빼앗은기운) + " 만큼 태웁니다.")
lang	peace.ko.nme	3148	글 안	추가피해	출력	숫자	①값	대악마의 꼬리가 갑옷을 꿰뚫어 추가피해 만큼 더 깎습니다. 말해줘	print("대악마의 꼬리가 갑옷을 꿰뚫어 " + str(추가피해) + " 만큼 더 깎습니다.")
lang	peace.ko.nme	3161	글 안	빼앗은충전	출력	그밖/숫자	①값	녹스의 심연 숨결이 궁극기 충전 빼앗은충전 만큼 삼킵니다. 말해줘	print("녹스의 심연 숨결이 궁극기 충전 " + str(빼앗은충전) + " 만큼 삼킵니다.")
lang	peace.ko.nme	3186	글 안	적이름	출력	글자	①값	적이름의 깨진 갑옷 위로 새 보호층이 자라 방어가 다시 오릅니다. 말해줘	print(str(적이름) + "의 깨진 갑옷 위로 새 보호층이 자라 방어가 다시 오릅니다.")
lang	peace.ko.nme	3192	글 안	레마르눈	출력	그밖	①값	🎲 레마르의 황금 주사위 · 나온 눈 레마르눈 / 6 말해줘	print("🎲 레마르의 황금 주사위 · 나온 눈 " + str(레마르눈) + " / 6")
lang	peace.ko.nme	3223	글 안	독피해	출력	숫자	①값	몸에 남은 독이 독피해 만큼 생명을 깎습니다. 말해줘	print("몸에 남은 독이 " + str(독피해) + " 만큼 생명을 깎습니다.")
lang	peace.ko.nme	3338	글 안	적보상브론즈	출력	셈한값/숫자	①값	적보상브론즈 브론즈 가치의 전리품과 경험치 적경험 점을 얻었습니다 말해줘	print(str(적보상브론즈) + " 브론즈 가치의 전리품과 경험치 " + str(적경험) + " 점을 얻었습니다")
lang	peace.ko.nme	3338	글 안	적경험	출력	숫자	①값	적보상브론즈 브론즈 가치의 전리품과 경험치 적경험 점을 얻었습니다 말해줘	print(str(적보상브론즈) + " 브론즈 가치의 전리품과 경험치 " + str(적경험) + " 점을 얻었습니다")
lang	peace.ko.nme	3339	글 안	평화불씨	출력	그밖/셈한값/숫자	①값	평화의 불씨가 평화불씨 만큼 밝아졌습니다 말해줘	print("평화의 불씨가 " + str(평화불씨) + " 만큼 밝아졌습니다")
lang	peace.ko.nme	3340	글 안	운명인장수	출력	그밖/셈한값/숫자	①값	🟨 지역 우두머리의 운명 인장 1개를 얻었습니다. 현재 운명인장수 개 말해줘	print("🟨 지역 우두머리의 운명 인장 1개를 얻었습니다. 현재 " + str(운명인장수) + " 개")
lang	peace.ko.nme	3358	글 안	재료수	출력	그밖	①값	약초 재료수 개와 질긴천 1개를 찾았습니다 말해줘	print("약초 " + str(재료수) + " 개와 질긴천 1개를 찾았습니다")
lang	peace.ko.nme	3362	글 안	재료수	출력	그밖	①값	철광석 재료수 개와 마력가루 1개를 얻었습니다 말해줘	print("철광석 " + str(재료수) + " 개와 마력가루 1개를 얻었습니다")
lang	peace.ko.nme	3366	글 안	재료수	출력	그밖	①값	마력가루 재료수 개와 마력수정 1개를 모았습니다 말해줘	print("마력가루 " + str(재료수) + " 개와 마력수정 1개를 모았습니다")
lang	peace.ko.nme	3370	글 안	재료수	출력	그밖	①값	가죽 재료수 개와 질긴천 1개를 얻었습니다 말해줘	print("가죽 " + str(재료수) + " 개와 질긴천 1개를 얻었습니다")
lang	peace.ko.nme	3374	글 안	재료수	출력	그밖	①값	약초 재료수 개와 가죽 1개를 얻었습니다 말해줘	print("약초 " + str(재료수) + " 개와 가죽 1개를 얻었습니다")
lang	peace.ko.nme	3398	글 안	용사이름	출력	그밖/글자/물어본글	①값	용사이름 이제 용사단계 단계입니다 말해줘	print(str(용사이름) + " 이제 " + str(용사단계) + " 단계입니다")
lang	peace.ko.nme	3398	글 안	용사단계	출력	그밖/셈한값/숫자	①값	용사이름 이제 용사단계 단계입니다 말해줘	print(str(용사이름) + " 이제 " + str(용사단계) + " 단계입니다")
lang	peace.ko.nme	3504	글 안	전쟁위험	출력	그밖/셈한값/숫자	①값	전쟁 위험 전쟁위험 · 운송비 운송비 · 상인 평판 상인평판 · 할인 상인할인 말해줘	print("전쟁 위험 " + str(전쟁위험) + " · 운송비 " + str(운송비) + " · 상인 평판 " + str(상인평판) + " · 할인 " + str(상인할인))
lang	peace.ko.nme	3504	글 안	운송비	출력	그밖/셈한값	①값	전쟁 위험 전쟁위험 · 운송비 운송비 · 상인 평판 상인평판 · 할인 상인할인 말해줘	print("전쟁 위험 " + str(전쟁위험) + " · 운송비 " + str(운송비) + " · 상인 평판 " + str(상인평판) + " · 할인 " + str(상인할인))
lang	peace.ko.nme	3504	글 안	상인평판	출력	그밖/셈한값/숫자	①값	전쟁 위험 전쟁위험 · 운송비 운송비 · 상인 평판 상인평판 · 할인 상인할인 말해줘	print("전쟁 위험 " + str(전쟁위험) + " · 운송비 " + str(운송비) + " · 상인 평판 " + str(상인평판) + " · 할인 " + str(상인할인))
lang	peace.ko.nme	3504	글 안	상인할인	출력	그밖	①값	전쟁 위험 전쟁위험 · 운송비 운송비 · 상인 평판 상인평판 · 할인 상인할인 말해줘	print("전쟁 위험 " + str(전쟁위험) + " · 운송비 " + str(운송비) + " · 상인 평판 " + str(상인평판) + " · 할인 " + str(상인할인))
lang	peace.ko.nme	3505	글 안	회복약값	출력	그밖/셈한값	①값	회복약 회복약값 · 고급회복약 고급회복약값 · 기운약 기운약값 · 해독제 해독제값 말해줘	print("회복약 " + str(회복약값) + " · 고급회복약 " + str(고급회복약값) + " · 기운약 " + str(기운약값) + " · 해독제 " + str(해독제값))
lang	peace.ko.nme	3505	글 안	고급회복약값	출력	그밖/셈한값	①값	회복약 회복약값 · 고급회복약 고급회복약값 · 기운약 기운약값 · 해독제 해독제값 말해줘	print("회복약 " + str(회복약값) + " · 고급회복약 " + str(고급회복약값) + " · 기운약 " + str(기운약값) + " · 해독제 " + str(해독제값))
lang	peace.ko.nme	3505	글 안	기운약값	출력	그밖/셈한값	①값	회복약 회복약값 · 고급회복약 고급회복약값 · 기운약 기운약값 · 해독제 해독제값 말해줘	print("회복약 " + str(회복약값) + " · 고급회복약 " + str(고급회복약값) + " · 기운약 " + str(기운약값) + " · 해독제 " + str(해독제값))
lang	peace.ko.nme	3505	글 안	해독제값	출력	그밖/셈한값	①값	회복약 회복약값 · 고급회복약 고급회복약값 · 기운약 기운약값 · 해독제 해독제값 말해줘	print("회복약 " + str(회복약값) + " · 고급회복약 " + str(고급회복약값) + " · 기운약 " + str(기운약값) + " · 해독제 " + str(해독제값))
lang	peace.ko.nme	3506	글 안	폭탄값	출력	그밖/셈한값	①값	폭탄 폭탄값 · 성수 성수값 · 연막탄 연막탄값 · 숫돌 숫돌값 · 식량 야영식량값 말해줘	print("폭탄 " + str(폭탄값) + " · 성수 " + str(성수값) + " · 연막탄 " + str(연막탄값) + " · 숫돌 " + str(숫돌값) + " · 식량 " + str(야영식량값))
lang	peace.ko.nme	3506	글 안	성수값	출력	그밖/셈한값	①값	폭탄 폭탄값 · 성수 성수값 · 연막탄 연막탄값 · 숫돌 숫돌값 · 식량 야영식량값 말해줘	print("폭탄 " + str(폭탄값) + " · 성수 " + str(성수값) + " · 연막탄 " + str(연막탄값) + " · 숫돌 " + str(숫돌값) + " · 식량 " + str(야영식량값))
lang	peace.ko.nme	3506	글 안	연막탄값	출력	그밖/셈한값	①값	폭탄 폭탄값 · 성수 성수값 · 연막탄 연막탄값 · 숫돌 숫돌값 · 식량 야영식량값 말해줘	print("폭탄 " + str(폭탄값) + " · 성수 " + str(성수값) + " · 연막탄 " + str(연막탄값) + " · 숫돌 " + str(숫돌값) + " · 식량 " + str(야영식량값))
lang	peace.ko.nme	3506	글 안	숫돌값	출력	그밖/셈한값	①값	폭탄 폭탄값 · 성수 성수값 · 연막탄 연막탄값 · 숫돌 숫돌값 · 식량 야영식량값 말해줘	print("폭탄 " + str(폭탄값) + " · 성수 " + str(성수값) + " · 연막탄 " + str(연막탄값) + " · 숫돌 " + str(숫돌값) + " · 식량 " + str(야영식량값))
lang	peace.ko.nme	3506	글 안	야영식량값	출력	그밖/셈한값	①값	폭탄 폭탄값 · 성수 성수값 · 연막탄 연막탄값 · 숫돌 숫돌값 · 식량 야영식량값 말해줘	print("폭탄 " + str(폭탄값) + " · 성수 " + str(성수값) + " · 연막탄 " + str(연막탄값) + " · 숫돌 " + str(숫돌값) + " · 식량 " + str(야영식량값))
lang	peace.ko.nme	3516	글 안	운명인장수	출력	그밖/셈한값/숫자	①값	🎲 운명 · 운명뽑기 / 운명교환 · 인장 운명인장수 · 조각 운명조각수 말해줘	print("🎲 운명 · 운명뽑기 / 운명교환 · 인장 " + str(운명인장수) + " · 조각 " + str(운명조각수))
lang	peace.ko.nme	3516	글 안	운명조각수	출력	그밖/셈한값/숫자	①값	🎲 운명 · 운명뽑기 / 운명교환 · 인장 운명인장수 · 조각 운명조각수 말해줘	print("🎲 운명 · 운명뽑기 / 운명교환 · 인장 " + str(운명인장수) + " · 조각 " + str(운명조각수))
lang	peace.ko.nme	3529	글 안	시장회복재고	출력	그밖/셈한값/숫자	①값	회복약을 샀습니다. 남은 재고 시장회복재고 말해줘	print("회복약을 샀습니다. 남은 재고 " + str(시장회복재고))
lang	peace.ko.nme	3544	글 안	시장고급재고	출력	그밖/셈한값	①값	고급 회복약을 샀습니다. 남은 재고 시장고급재고 말해줘	print("고급 회복약을 샀습니다. 남은 재고 " + str(시장고급재고))
lang	peace.ko.nme	3559	글 안	시장기운재고	출력	그밖/셈한값/숫자	①값	기운약을 샀습니다. 남은 재고 시장기운재고 말해줘	print("기운약을 샀습니다. 남은 재고 " + str(시장기운재고))
lang	peace.ko.nme	3704	글 안	판매값	출력	셈한값/숫자	①값	전쟁 중 필요한 재료라 판매값 브론즈를 받았습니다. 말해줘	print("전쟁 중 필요한 재료라 " + str(판매값) + " 브론즈를 받았습니다.")
lang	peace.ko.nme	3720	글 안	수리값	출력	그밖/셈한값	①값	수리값 브론즈를 내면 두 장비를 완전히 수리합니다 말해줘	print(str(수리값) + " 브론즈를 내면 두 장비를 완전히 수리합니다")
lang	peace.ko.nme	3743	글 안	무기강화값	출력	셈한값/숫자	①값	다음 무기 제작비 무기강화값 브론즈 말해줘	print("다음 무기 제작비 " + str(무기강화값) + " 브론즈")
lang	peace.ko.nme	3768	글 안	무기이름	출력	글자	①값	새 무기 무기이름을 완성했습니다. 공격과 최대 내구가 올랐습니다. 말해줘	print("새 무기 " + str(무기이름) + "을 완성했습니다. 공격과 최대 내구가 올랐습니다.")
lang	peace.ko.nme	3779	글 안	갑옷강화값	출력	셈한값/숫자	①값	다음 갑옷 제작비 갑옷강화값 브론즈 말해줘	print("다음 갑옷 제작비 " + str(갑옷강화값) + " 브론즈")
lang	peace.ko.nme	3800	글 안	갑옷이름	출력	글자	①값	새 갑옷 갑옷이름을 완성했습니다. 방어와 최대 내구가 올랐습니다. 말해줘	print("새 갑옷 " + str(갑옷이름) + "을 완성했습니다. 방어와 최대 내구가 올랐습니다.")
lang	peace.ko.nme	3836	글 안	장신구이름	조건	글자	①값	만약에 거래성공이 있으면 장신구이름을 착용했습니다 말해줘	if (거래성공): print(str(장신구이름) + "을 착용했습니다")
lang	peace.ko.nme	3843	글 안	운명인장수	출력	그밖/셈한값/숫자	①값	현재 인장 운명인장수 · 희귀 천장 누적 운명천장누적 / 5 말해줘	print("현재 인장 " + str(운명인장수) + " · 희귀 천장 누적 " + str(운명천장누적) + " / 5")
lang	peace.ko.nme	3843	글 안	운명천장누적	출력	그밖/셈한값/숫자	①값	현재 인장 운명인장수 · 희귀 천장 누적 운명천장누적 / 5 말해줘	print("현재 인장 " + str(운명인장수) + " · 희귀 천장 누적 " + str(운명천장누적) + " / 5")
lang	peace.ko.nme	3958	글 안	모험일	출력	그밖/셈한값/숫자	①값	모험일 일째 · 다음 지역 지역번호 · 포만 포만 · 피로 피로 · 사기 사기 말해줘	print(str(모험일) + " 일째 · 다음 지역 " + str(지역번호) + " · 포만 " + str(포만) + " · 피로 " + str(피로) + " · 사기 " + str(사기))
lang	peace.ko.nme	3958	글 안	지역번호	출력	그밖/셈한값/숫자	①값	모험일 일째 · 다음 지역 지역번호 · 포만 포만 · 피로 피로 · 사기 사기 말해줘	print(str(모험일) + " 일째 · 다음 지역 " + str(지역번호) + " · 포만 " + str(포만) + " · 피로 " + str(피로) + " · 사기 " + str(사기))
lang	peace.ko.nme	3958	글 안	포만	출력	그밖/셈한값/숫자	①값	모험일 일째 · 다음 지역 지역번호 · 포만 포만 · 피로 피로 · 사기 사기 말해줘	print(str(모험일) + " 일째 · 다음 지역 " + str(지역번호) + " · 포만 " + str(포만) + " · 피로 " + str(피로) + " · 사기 " + str(사기))
lang	peace.ko.nme	3958	글 안	피로	출력	그밖/셈한값/숫자	①값	모험일 일째 · 다음 지역 지역번호 · 포만 포만 · 피로 피로 · 사기 사기 말해줘	print(str(모험일) + " 일째 · 다음 지역 " + str(지역번호) + " · 포만 " + str(포만) + " · 피로 " + str(피로) + " · 사기 " + str(사기))
lang	peace.ko.nme	3958	글 안	사기	출력	그밖/셈한값/숫자	①값	모험일 일째 · 다음 지역 지역번호 · 포만 포만 · 피로 피로 · 사기 사기 말해줘	print(str(모험일) + " 일째 · 다음 지역 " + str(지역번호) + " · 포만 " + str(포만) + " · 피로 " + str(피로) + " · 사기 " + str(사기))
lang	peace.ko.nme	3974	글 안	약초수	출력	그밖/셈한값/숫자	①값	약초 약초수 · 철광석 철광석수 · 마력가루 마력가루수 · 용비늘 용비늘수 말해줘	print("약초 " + str(약초수) + " · 철광석 " + str(철광석수) + " · 마력가루 " + str(마력가루수) + " · 용비늘 " + str(용비늘수))
lang	peace.ko.nme	3974	글 안	철광석수	출력	그밖/셈한값/숫자	①값	약초 약초수 · 철광석 철광석수 · 마력가루 마력가루수 · 용비늘 용비늘수 말해줘	print("약초 " + str(약초수) + " · 철광석 " + str(철광석수) + " · 마력가루 " + str(마력가루수) + " · 용비늘 " + str(용비늘수))
lang	peace.ko.nme	3974	글 안	마력가루수	출력	그밖/셈한값/숫자	①값	약초 약초수 · 철광석 철광석수 · 마력가루 마력가루수 · 용비늘 용비늘수 말해줘	print("약초 " + str(약초수) + " · 철광석 " + str(철광석수) + " · 마력가루 " + str(마력가루수) + " · 용비늘 " + str(용비늘수))
lang	peace.ko.nme	3974	글 안	용비늘수	출력	그밖/셈한값/숫자	①값	약초 약초수 · 철광석 철광석수 · 마력가루 마력가루수 · 용비늘 용비늘수 말해줘	print("약초 " + str(약초수) + " · 철광석 " + str(철광석수) + " · 마력가루 " + str(마력가루수) + " · 용비늘 " + str(용비늘수))
lang	peace.ko.nme	3975	글 안	질긴천수	출력	그밖/셈한값/숫자	①값	질긴천 질긴천수 · 마력수정 마력수정수 · 가죽 가죽수 말해줘	print("질긴천 " + str(질긴천수) + " · 마력수정 " + str(마력수정수) + " · 가죽 " + str(가죽수))
lang	peace.ko.nme	3975	글 안	마력수정수	출력	그밖/셈한값/숫자	①값	질긴천 질긴천수 · 마력수정 마력수정수 · 가죽 가죽수 말해줘	print("질긴천 " + str(질긴천수) + " · 마력수정 " + str(마력수정수) + " · 가죽 " + str(가죽수))
lang	peace.ko.nme	3975	글 안	가죽수	출력	그밖/셈한값/숫자	①값	질긴천 질긴천수 · 마력수정 마력수정수 · 가죽 가죽수 말해줘	print("질긴천 " + str(질긴천수) + " · 마력수정 " + str(마력수정수) + " · 가죽 " + str(가죽수))
lang	peace.ko.nme	4068	글 안	제작선택	출력	물어본글	①값	제작선택 제작에 성공했습니다 말해줘	print(str(제작선택) + " 제작에 성공했습니다")
lang	peace.ko.nme	4126	글 안	희망점수	출력	그밖/셈한값/숫자	①값	희망 희망점수 · 불씨 평화불씨 · 명성 명성 말해줘	print("희망 " + str(희망점수) + " · 불씨 " + str(평화불씨) + " · 명성 " + str(명성))
lang	peace.ko.nme	4126	글 안	평화불씨	출력	그밖/셈한값/숫자	①값	희망 희망점수 · 불씨 평화불씨 · 명성 명성 말해줘	print("희망 " + str(희망점수) + " · 불씨 " + str(평화불씨) + " · 명성 " + str(명성))
lang	peace.ko.nme	4126	글 안	명성	출력	그밖/셈한값/숫자	①값	희망 희망점수 · 불씨 평화불씨 · 명성 명성 말해줘	print("희망 " + str(희망점수) + " · 불씨 " + str(평화불씨) + " · 명성 " + str(명성))
lang	peace.ko.nme	4127	글 안	왕실평판	출력	그밖/셈한값/숫자	①값	왕실 왕실평판 · 엘프 엘프평판 · 드워프 드워프평판 · 교단 교단평판 · 길드 길드평판 · 상인 상인평판 말해줘	print("왕실 " + str(왕실평판) + " · 엘프 " + str(엘프평판) + " · 드워프 " + str(드워프평판) + " · 교단 " + str(교단평판) + " · 길드 " + str(길드평판) + 
lang	peace.ko.nme	4127	글 안	엘프평판	출력	그밖/셈한값/숫자	①값	왕실 왕실평판 · 엘프 엘프평판 · 드워프 드워프평판 · 교단 교단평판 · 길드 길드평판 · 상인 상인평판 말해줘	print("왕실 " + str(왕실평판) + " · 엘프 " + str(엘프평판) + " · 드워프 " + str(드워프평판) + " · 교단 " + str(교단평판) + " · 길드 " + str(길드평판) + 
lang	peace.ko.nme	4127	글 안	드워프평판	출력	그밖/셈한값/숫자	①값	왕실 왕실평판 · 엘프 엘프평판 · 드워프 드워프평판 · 교단 교단평판 · 길드 길드평판 · 상인 상인평판 말해줘	print("왕실 " + str(왕실평판) + " · 엘프 " + str(엘프평판) + " · 드워프 " + str(드워프평판) + " · 교단 " + str(교단평판) + " · 길드 " + str(길드평판) + 
lang	peace.ko.nme	4127	글 안	교단평판	출력	그밖/셈한값/숫자	①값	왕실 왕실평판 · 엘프 엘프평판 · 드워프 드워프평판 · 교단 교단평판 · 길드 길드평판 · 상인 상인평판 말해줘	print("왕실 " + str(왕실평판) + " · 엘프 " + str(엘프평판) + " · 드워프 " + str(드워프평판) + " · 교단 " + str(교단평판) + " · 길드 " + str(길드평판) + 
lang	peace.ko.nme	4127	글 안	길드평판	출력	그밖/셈한값/숫자	①값	왕실 왕실평판 · 엘프 엘프평판 · 드워프 드워프평판 · 교단 교단평판 · 길드 길드평판 · 상인 상인평판 말해줘	print("왕실 " + str(왕실평판) + " · 엘프 " + str(엘프평판) + " · 드워프 " + str(드워프평판) + " · 교단 " + str(교단평판) + " · 길드 " + str(길드평판) + 
lang	peace.ko.nme	4127	글 안	상인평판	출력	그밖/셈한값/숫자	①값	왕실 왕실평판 · 엘프 엘프평판 · 드워프 드워프평판 · 교단 교단평판 · 길드 길드평판 · 상인 상인평판 말해줘	print("왕실 " + str(왕실평판) + " · 엘프 " + str(엘프평판) + " · 드워프 " + str(드워프평판) + " · 교단 " + str(교단평판) + " · 길드 " + str(길드평판) + 
lang	peace.ko.nme	4128	글 안	전쟁위험	출력	그밖/셈한값/숫자	①값	전쟁 위험 전쟁위험 · 거래 거래횟수 · 제작 제작횟수 · 수리 수리횟수 말해줘	print("전쟁 위험 " + str(전쟁위험) + " · 거래 " + str(거래횟수) + " · 제작 " + str(제작횟수) + " · 수리 " + str(수리횟수))
lang	peace.ko.nme	4128	글 안	거래횟수	출력	그밖/셈한값/숫자	①값	전쟁 위험 전쟁위험 · 거래 거래횟수 · 제작 제작횟수 · 수리 수리횟수 말해줘	print("전쟁 위험 " + str(전쟁위험) + " · 거래 " + str(거래횟수) + " · 제작 " + str(제작횟수) + " · 수리 " + str(수리횟수))
lang	peace.ko.nme	4128	글 안	제작횟수	출력	그밖/셈한값/숫자	①값	전쟁 위험 전쟁위험 · 거래 거래횟수 · 제작 제작횟수 · 수리 수리횟수 말해줘	print("전쟁 위험 " + str(전쟁위험) + " · 거래 " + str(거래횟수) + " · 제작 " + str(제작횟수) + " · 수리 " + str(수리횟수))
lang	peace.ko.nme	4128	글 안	수리횟수	출력	그밖/셈한값/숫자	①값	전쟁 위험 전쟁위험 · 거래 거래횟수 · 제작 제작횟수 · 수리 수리횟수 말해줘	print("전쟁 위험 " + str(전쟁위험) + " · 거래 " + str(거래횟수) + " · 제작 " + str(제작횟수) + " · 수리 " + str(수리횟수))
lang	peace.ko.nme	4130	글 안	운명인장수	출력	그밖/셈한값/숫자	①값	🎲 운명 인장 운명인장수 · 조각 운명조각수 · 뽑기 운명뽑기횟수 · 도박 승 도박승리수 / 패 도박패배수 말해줘	print("🎲 운명 인장 " + str(운명인장수) + " · 조각 " + str(운명조각수) + " · 뽑기 " + str(운명뽑기횟수) + " · 도박 승 " + str(도박승리수) + " / 패 " + str
lang	peace.ko.nme	4130	글 안	운명조각수	출력	그밖/셈한값/숫자	①값	🎲 운명 인장 운명인장수 · 조각 운명조각수 · 뽑기 운명뽑기횟수 · 도박 승 도박승리수 / 패 도박패배수 말해줘	print("🎲 운명 인장 " + str(운명인장수) + " · 조각 " + str(운명조각수) + " · 뽑기 " + str(운명뽑기횟수) + " · 도박 승 " + str(도박승리수) + " / 패 " + str
lang	peace.ko.nme	4130	글 안	운명뽑기횟수	출력	그밖/셈한값/숫자	①값	🎲 운명 인장 운명인장수 · 조각 운명조각수 · 뽑기 운명뽑기횟수 · 도박 승 도박승리수 / 패 도박패배수 말해줘	print("🎲 운명 인장 " + str(운명인장수) + " · 조각 " + str(운명조각수) + " · 뽑기 " + str(운명뽑기횟수) + " · 도박 승 " + str(도박승리수) + " / 패 " + str
lang	peace.ko.nme	4130	글 안	도박승리수	출력	그밖/셈한값/숫자	①값	🎲 운명 인장 운명인장수 · 조각 운명조각수 · 뽑기 운명뽑기횟수 · 도박 승 도박승리수 / 패 도박패배수 말해줘	print("🎲 운명 인장 " + str(운명인장수) + " · 조각 " + str(운명조각수) + " · 뽑기 " + str(운명뽑기횟수) + " · 도박 승 " + str(도박승리수) + " / 패 " + str
lang	peace.ko.nme	4130	글 안	도박패배수	출력	그밖/셈한값/숫자	①값	🎲 운명 인장 운명인장수 · 조각 운명조각수 · 뽑기 운명뽑기횟수 · 도박 승 도박승리수 / 패 도박패배수 말해줘	print("🎲 운명 인장 " + str(운명인장수) + " · 조각 " + str(운명조각수) + " · 뽑기 " + str(운명뽑기횟수) + " · 도박 승 " + str(도박승리수) + " / 패 " + str
lang	peace.ko.nme	4216	글 안	용사이름	출력	그밖/글자/물어본글	①값	용사이름이 무기이름을 들어 모르가르의 심장을 꿰뚫었습니다.	print(str(용사이름) + "이 " + str(무기이름) + "을 들어 모르가르의 심장을 꿰뚫었습니다.")
lang	peace.ko.nme	4216	글 안	무기이름	출력	글자	①값	용사이름이 무기이름을 들어 모르가르의 심장을 꿰뚫었습니다.	print(str(용사이름) + "이 " + str(무기이름) + "을 들어 모르가르의 심장을 꿰뚫었습니다.")
lang	peace.ko.nme	4237	글 안	용사이름	출력	그밖/글자/물어본글	①값	사람들은 용사이름이 지나간 선택을 이야기하며 작은 약속부터 지켰습니다.	print("사람들은 " + str(용사이름) + "이 지나간 선택을 이야기하며 작은 약속부터 지켰습니다.")
lang	peace.ko.nme	4247	글 안	용사이름	출력	그밖/글자/물어본글	①값	용사이름은 무기를 내려놓고 이제 싸움보다 어려운 일을 시작했습니다.	print(str(용사이름) + "은 무기를 내려놓고 이제 싸움보다 어려운 일을 시작했습니다.")
lang	peace.ko.nme	4267	글 안	용사이름	출력	그밖/글자/물어본글	①값	세계의 균열은 닫혔지만 용사이름은 동료들과 함께 돌아오지 못했습니다.	print("세계의 균열은 닫혔지만 " + str(용사이름) + "은 동료들과 함께 돌아오지 못했습니다.")
lang	peace.ko.nme	4291	글 안	용사이름	출력	그밖/글자/물어본글	①값	용사이름 · 직업이름 · 용사단계 단계 말해줘	print(str(용사이름) + " · " + str(직업이름) + " · " + str(용사단계) + " 단계")
lang	peace.ko.nme	4291	글 안	직업이름	출력	글자	①값	용사이름 · 직업이름 · 용사단계 단계 말해줘	print(str(용사이름) + " · " + str(직업이름) + " · " + str(용사단계) + " 단계")
lang	peace.ko.nme	4291	글 안	용사단계	출력	그밖/셈한값/숫자	①값	용사이름 · 직업이름 · 용사단계 단계 말해줘	print(str(용사이름) + " · " + str(직업이름) + " · " + str(용사단계) + " 단계")
lang	peace.ko.nme	4292	글 안	무기이름	출력	글자	①값	무기 무기이름 · 갑옷 갑옷이름 · 장신구 장신구이름 말해줘	print("무기 " + str(무기이름) + " · 갑옷 " + str(갑옷이름) + " · 장신구 " + str(장신구이름))
lang	peace.ko.nme	4292	글 안	갑옷이름	출력	글자	①값	무기 무기이름 · 갑옷 갑옷이름 · 장신구 장신구이름 말해줘	print("무기 " + str(무기이름) + " · 갑옷 " + str(갑옷이름) + " · 장신구 " + str(장신구이름))
lang	peace.ko.nme	4292	글 안	장신구이름	출력	글자	①값	무기 무기이름 · 갑옷 갑옷이름 · 장신구 장신구이름 말해줘	print("무기 " + str(무기이름) + " · 갑옷 " + str(갑옷이름) + " · 장신구 " + str(장신구이름))
lang	peace.ko.nme	4293	글 안	최고지역	출력	그밖/숫자	①값	가장 멀리 최고지역 번째 길 · 주고받은 전체턴수 차례 말해줘	print("가장 멀리 " + str(최고지역) + " 번째 길 · 주고받은 " + str(전체턴수) + " 차례")
lang	peace.ko.nme	4293	글 안	전체턴수	출력	그밖/셈한값/숫자	①값	가장 멀리 최고지역 번째 길 · 주고받은 전체턴수 차례 말해줘	print("가장 멀리 " + str(최고지역) + " 번째 길 · 주고받은 " + str(전체턴수) + " 차례")
lang	peace.ko.nme	4296	글 안	평화불씨	출력	그밖/셈한값/숫자	①값	평화의 불씨 평화불씨 · 희망 희망점수 · 명성 명성 말해줘	print("평화의 불씨 " + str(평화불씨) + " · 희망 " + str(희망점수) + " · 명성 " + str(명성))
lang	peace.ko.nme	4296	글 안	희망점수	출력	그밖/셈한값/숫자	①값	평화의 불씨 평화불씨 · 희망 희망점수 · 명성 명성 말해줘	print("평화의 불씨 " + str(평화불씨) + " · 희망 " + str(희망점수) + " · 명성 " + str(명성))
lang	peace.ko.nme	4296	글 안	명성	출력	그밖/셈한값/숫자	①값	평화의 불씨 평화불씨 · 희망 희망점수 · 명성 명성 말해줘	print("평화의 불씨 " + str(평화불씨) + " · 희망 " + str(희망점수) + " · 명성 " + str(명성))
lang	peace.ko.nme	4298	글 안	걸린시간	출력	셈한값	①값	플레이 시간 걸린시간 초 · 균형 파괴 균형파괴수 · 약점 공격 약점공격수 · 제작 제작횟수 · 저장 저장횟수 말해줘	print("플레이 시간 " + str(걸린시간) + " 초 · 균형 파괴 " + str(균형파괴수) + " · 약점 공격 " + str(약점공격수) + " · 제작 " + str(제작횟수) + " · 저장 " + 
lang	peace.ko.nme	4298	글 안	균형파괴수	출력	그밖/셈한값/숫자	①값	플레이 시간 걸린시간 초 · 균형 파괴 균형파괴수 · 약점 공격 약점공격수 · 제작 제작횟수 · 저장 저장횟수 말해줘	print("플레이 시간 " + str(걸린시간) + " 초 · 균형 파괴 " + str(균형파괴수) + " · 약점 공격 " + str(약점공격수) + " · 제작 " + str(제작횟수) + " · 저장 " + 
lang	peace.ko.nme	4298	글 안	약점공격수	출력	그밖/셈한값/숫자	①값	플레이 시간 걸린시간 초 · 균형 파괴 균형파괴수 · 약점 공격 약점공격수 · 제작 제작횟수 · 저장 저장횟수 말해줘	print("플레이 시간 " + str(걸린시간) + " 초 · 균형 파괴 " + str(균형파괴수) + " · 약점 공격 " + str(약점공격수) + " · 제작 " + str(제작횟수) + " · 저장 " + 
lang	peace.ko.nme	4298	글 안	제작횟수	출력	그밖/셈한값/숫자	①값	플레이 시간 걸린시간 초 · 균형 파괴 균형파괴수 · 약점 공격 약점공격수 · 제작 제작횟수 · 저장 저장횟수 말해줘	print("플레이 시간 " + str(걸린시간) + " 초 · 균형 파괴 " + str(균형파괴수) + " · 약점 공격 " + str(약점공격수) + " · 제작 " + str(제작횟수) + " · 저장 " + 
lang	peace.ko.nme	4298	글 안	저장횟수	출력	그밖/셈한값/숫자	①값	플레이 시간 걸린시간 초 · 균형 파괴 균형파괴수 · 약점 공격 약점공격수 · 제작 제작횟수 · 저장 저장횟수 말해줘	print("플레이 시간 " + str(걸린시간) + " 초 · 균형 파괴 " + str(균형파괴수) + " · 약점 공격 " + str(약점공격수) + " · 제작 " + str(제작횟수) + " · 저장 " + 
lang	peace.ko.nme	4299	글 안	모험일	출력	그밖/셈한값/숫자	①값	생존 기록 · 모험일 모험일 · 포만 포만 · 피로 피로 · 사기 사기 말해줘	print("생존 기록 · 모험일 " + str(모험일) + " · 포만 " + str(포만) + " · 피로 " + str(피로) + " · 사기 " + str(사기))
lang	peace.ko.nme	4299	글 안	포만	출력	그밖/셈한값/숫자	①값	생존 기록 · 모험일 모험일 · 포만 포만 · 피로 피로 · 사기 사기 말해줘	print("생존 기록 · 모험일 " + str(모험일) + " · 포만 " + str(포만) + " · 피로 " + str(피로) + " · 사기 " + str(사기))
lang	peace.ko.nme	4299	글 안	피로	출력	그밖/셈한값/숫자	①값	생존 기록 · 모험일 모험일 · 포만 포만 · 피로 피로 · 사기 사기 말해줘	print("생존 기록 · 모험일 " + str(모험일) + " · 포만 " + str(포만) + " · 피로 " + str(피로) + " · 사기 " + str(사기))
lang	peace.ko.nme	4299	글 안	사기	출력	그밖/셈한값/숫자	①값	생존 기록 · 모험일 모험일 · 포만 포만 · 피로 피로 · 사기 사기 말해줘	print("생존 기록 · 모험일 " + str(모험일) + " · 포만 " + str(포만) + " · 피로 " + str(피로) + " · 사기 " + str(사기))
lang	peace.ko.nme	4300	글 안	전쟁위험	출력	그밖/셈한값/숫자	①값	경제 기록 · 전쟁 위험 전쟁위험 · 거래 거래횟수 · 수리 수리횟수 · 상인 평판 상인평판 말해줘	print("경제 기록 · 전쟁 위험 " + str(전쟁위험) + " · 거래 " + str(거래횟수) + " · 수리 " + str(수리횟수) + " · 상인 평판 " + str(상인평판))
lang	peace.ko.nme	4300	글 안	거래횟수	출력	그밖/셈한값/숫자	①값	경제 기록 · 전쟁 위험 전쟁위험 · 거래 거래횟수 · 수리 수리횟수 · 상인 평판 상인평판 말해줘	print("경제 기록 · 전쟁 위험 " + str(전쟁위험) + " · 거래 " + str(거래횟수) + " · 수리 " + str(수리횟수) + " · 상인 평판 " + str(상인평판))
lang	peace.ko.nme	4300	글 안	수리횟수	출력	그밖/셈한값/숫자	①값	경제 기록 · 전쟁 위험 전쟁위험 · 거래 거래횟수 · 수리 수리횟수 · 상인 평판 상인평판 말해줘	print("경제 기록 · 전쟁 위험 " + str(전쟁위험) + " · 거래 " + str(거래횟수) + " · 수리 " + str(수리횟수) + " · 상인 평판 " + str(상인평판))
lang	peace.ko.nme	4300	글 안	상인평판	출력	그밖/셈한값/숫자	①값	경제 기록 · 전쟁 위험 전쟁위험 · 거래 거래횟수 · 수리 수리횟수 · 상인 평판 상인평판 말해줘	print("경제 기록 · 전쟁 위험 " + str(전쟁위험) + " · 거래 " + str(거래횟수) + " · 수리 " + str(수리횟수) + " · 상인 평판 " + str(상인평판))
lang	peace.ko.nme	4301	글 안	운명인장수	출력	그밖/셈한값/숫자	①값	운명 기록 · 인장 운명인장수 · 조각 운명조각수 · 뽑기 운명뽑기횟수 · 도박 승 도박승리수 / 패 도박패배수 말해줘	print("운명 기록 · 인장 " + str(운명인장수) + " · 조각 " + str(운명조각수) + " · 뽑기 " + str(운명뽑기횟수) + " · 도박 승 " + str(도박승리수) + " / 패 " + 
lang	peace.ko.nme	4301	글 안	운명조각수	출력	그밖/셈한값/숫자	①값	운명 기록 · 인장 운명인장수 · 조각 운명조각수 · 뽑기 운명뽑기횟수 · 도박 승 도박승리수 / 패 도박패배수 말해줘	print("운명 기록 · 인장 " + str(운명인장수) + " · 조각 " + str(운명조각수) + " · 뽑기 " + str(운명뽑기횟수) + " · 도박 승 " + str(도박승리수) + " / 패 " + 
lang	peace.ko.nme	4301	글 안	운명뽑기횟수	출력	그밖/셈한값/숫자	①값	운명 기록 · 인장 운명인장수 · 조각 운명조각수 · 뽑기 운명뽑기횟수 · 도박 승 도박승리수 / 패 도박패배수 말해줘	print("운명 기록 · 인장 " + str(운명인장수) + " · 조각 " + str(운명조각수) + " · 뽑기 " + str(운명뽑기횟수) + " · 도박 승 " + str(도박승리수) + " / 패 " + 
lang	peace.ko.nme	4301	글 안	도박승리수	출력	그밖/셈한값/숫자	①값	운명 기록 · 인장 운명인장수 · 조각 운명조각수 · 뽑기 운명뽑기횟수 · 도박 승 도박승리수 / 패 도박패배수 말해줘	print("운명 기록 · 인장 " + str(운명인장수) + " · 조각 " + str(운명조각수) + " · 뽑기 " + str(운명뽑기횟수) + " · 도박 승 " + str(도박승리수) + " / 패 " + 
lang	peace.ko.nme	4301	글 안	도박패배수	출력	그밖/셈한값/숫자	①값	운명 기록 · 인장 운명인장수 · 조각 운명조각수 · 뽑기 운명뽑기횟수 · 도박 승 도박승리수 / 패 도박패배수 말해줘	print("운명 기록 · 인장 " + str(운명인장수) + " · 조각 " + str(운명조각수) + " · 뽑기 " + str(운명뽑기횟수) + " · 도박 승 " + str(도박승리수) + " / 패 " + 
lang	peace.ko.nme	4302	글 안	무기내구	출력	그밖/셈한값/숫자	①값	내구도 · 무기 무기내구 / 무기최대내구 · 갑옷 갑옷내구 / 갑옷최대내구 말해줘	print("내구도 · 무기 " + str(무기내구) + " / " + str(무기최대내구) + " · 갑옷 " + str(갑옷내구) + " / " + str(갑옷최대내구))
lang	peace.ko.nme	4302	글 안	무기최대내구	출력	그밖/셈한값/숫자	①값	내구도 · 무기 무기내구 / 무기최대내구 · 갑옷 갑옷내구 / 갑옷최대내구 말해줘	print("내구도 · 무기 " + str(무기내구) + " / " + str(무기최대내구) + " · 갑옷 " + str(갑옷내구) + " / " + str(갑옷최대내구))
lang	peace.ko.nme	4302	글 안	갑옷내구	출력	그밖/셈한값/숫자	①값	내구도 · 무기 무기내구 / 무기최대내구 · 갑옷 갑옷내구 / 갑옷최대내구 말해줘	print("내구도 · 무기 " + str(무기내구) + " / " + str(무기최대내구) + " · 갑옷 " + str(갑옷내구) + " / " + str(갑옷최대내구))
lang	peace.ko.nme	4302	글 안	갑옷최대내구	출력	그밖/셈한값/숫자	①값	내구도 · 무기 무기내구 / 무기최대내구 · 갑옷 갑옷내구 / 갑옷최대내구 말해줘	print("내구도 · 무기 " + str(무기내구) + " / " + str(무기최대내구) + " · 갑옷 " + str(갑옷내구) + " / " + str(갑옷최대내구))
lang	peace.ko.nme	4303	글 안	약초수	출력	그밖/셈한값/숫자	①값	남은 재료 · 약초 약초수 · 철광석 철광석수 · 마력가루 마력가루수 · 용비늘 용비늘수 · 질긴천 질긴천수 · 마력수정 마력수정수 · 가죽 가죽수 말해줘	print("남은 재료 · 약초 " + str(약초수) + " · 철광석 " + str(철광석수) + " · 마력가루 " + str(마력가루수) + " · 용비늘 " + str(용비늘수) + " · 질긴천 " + s
lang	peace.ko.nme	4303	글 안	철광석수	출력	그밖/셈한값/숫자	①값	남은 재료 · 약초 약초수 · 철광석 철광석수 · 마력가루 마력가루수 · 용비늘 용비늘수 · 질긴천 질긴천수 · 마력수정 마력수정수 · 가죽 가죽수 말해줘	print("남은 재료 · 약초 " + str(약초수) + " · 철광석 " + str(철광석수) + " · 마력가루 " + str(마력가루수) + " · 용비늘 " + str(용비늘수) + " · 질긴천 " + s
lang	peace.ko.nme	4303	글 안	마력가루수	출력	그밖/셈한값/숫자	①값	남은 재료 · 약초 약초수 · 철광석 철광석수 · 마력가루 마력가루수 · 용비늘 용비늘수 · 질긴천 질긴천수 · 마력수정 마력수정수 · 가죽 가죽수 말해줘	print("남은 재료 · 약초 " + str(약초수) + " · 철광석 " + str(철광석수) + " · 마력가루 " + str(마력가루수) + " · 용비늘 " + str(용비늘수) + " · 질긴천 " + s
lang	peace.ko.nme	4303	글 안	용비늘수	출력	그밖/셈한값/숫자	①값	남은 재료 · 약초 약초수 · 철광석 철광석수 · 마력가루 마력가루수 · 용비늘 용비늘수 · 질긴천 질긴천수 · 마력수정 마력수정수 · 가죽 가죽수 말해줘	print("남은 재료 · 약초 " + str(약초수) + " · 철광석 " + str(철광석수) + " · 마력가루 " + str(마력가루수) + " · 용비늘 " + str(용비늘수) + " · 질긴천 " + s
lang	peace.ko.nme	4303	글 안	질긴천수	출력	그밖/셈한값/숫자	①값	남은 재료 · 약초 약초수 · 철광석 철광석수 · 마력가루 마력가루수 · 용비늘 용비늘수 · 질긴천 질긴천수 · 마력수정 마력수정수 · 가죽 가죽수 말해줘	print("남은 재료 · 약초 " + str(약초수) + " · 철광석 " + str(철광석수) + " · 마력가루 " + str(마력가루수) + " · 용비늘 " + str(용비늘수) + " · 질긴천 " + s
lang	peace.ko.nme	4303	글 안	마력수정수	출력	그밖/셈한값/숫자	①값	남은 재료 · 약초 약초수 · 철광석 철광석수 · 마력가루 마력가루수 · 용비늘 용비늘수 · 질긴천 질긴천수 · 마력수정 마력수정수 · 가죽 가죽수 말해줘	print("남은 재료 · 약초 " + str(약초수) + " · 철광석 " + str(철광석수) + " · 마력가루 " + str(마력가루수) + " · 용비늘 " + str(용비늘수) + " · 질긴천 " + s
lang	peace.ko.nme	4303	글 안	가죽수	출력	그밖/셈한값/숫자	①값	남은 재료 · 약초 약초수 · 철광석 철광석수 · 마력가루 마력가루수 · 용비늘 용비늘수 · 질긴천 질긴천수 · 마력수정 마력수정수 · 가죽 가죽수 말해줘	print("남은 재료 · 약초 " + str(약초수) + " · 철광석 " + str(철광석수) + " · 마력가루 " + str(마력가루수) + " · 용비늘 " + str(용비늘수) + " · 질긴천 " + s
lang	peace.ko.nme	4318	글 안	기록이름	출력	모름	①값	기록이름 · 기록수 번 말해줘	print(str(기록이름) + " · " + str(기록수) + " 번")
lang	peace.ko.nme	4318	글 안	기록수	출력	그밖	①값	기록이름 · 기록수 번 말해줘	print(str(기록이름) + " · " + str(기록수) + " 번")
lang	peace.ko.nme	4324	글 안	퀘스트이름	출력	모름	①값	퀘스트이름 · 퀘스트상태 말해줘	print(str(퀘스트이름) + " · " + str(퀘스트상태))
lang	peace.ko.nme	4324	글 안	퀘스트상태	출력	그밖	①값	퀘스트이름 · 퀘스트상태 말해줘	print(str(퀘스트이름) + " · " + str(퀘스트상태))
lang	peace.nme	99	글 안	titleWords	출력	모름	①값	say in the middle titleWords	print((lambda _t: " " * max(0, (40 - sum(2 if __import__("unicodedata").east_asian_width(_c) in "WF" else 1 for _c in _t
lang	peace.nme	105	글 안	titleWords	출력	모름	①값	say in the middle titleWords	print((lambda _t: " " * max(0, (40 - sum(2 if __import__("unicodedata").east_asian_width(_c) in "WF" else 1 for _c in _t
lang	peace.nme	112	글 안	fullCell	대입	글자	①값	set barText to fullCell repeated 0 times	barText = str(fullCell) * 0
lang	peace.nme	144	글 안	shownGold	출력	셈한값/숫자	①값	show gold shownGold · silver shownSilver · bronze shownBronze	print("gold " + str(shownGold) + " · silver " + str(shownSilver) + " · bronze " + str(shownBronze))
lang	peace.nme	144	글 안	shownSilver	출력	셈한값/숫자	①값	show gold shownGold · silver shownSilver · bronze shownBronze	print("gold " + str(shownGold) + " · silver " + str(shownSilver) + " · bronze " + str(shownBronze))
lang	peace.nme	144	글 안	shownBronze	출력	그밖/셈한값	①값	show gold shownGold · silver shownSilver · bronze shownBronze	print("gold " + str(shownGold) + " · silver " + str(shownSilver) + " · bronze " + str(shownBronze))
lang	peace.nme	194	글 안	blankRow	대입	글자	①값	set finishedCode to blankRow repeated 0 times	finishedCode = str(blankRow) * 0
lang	peace.nme	326	글 안	heroName	대입	그밖/글자/물어본글	①값	set nameCheckPieces to heroName split by comma	nameCheckPieces = str(heroName).split(",")
lang	peace.nme	743	글 안	saveText	대입	물어본글	①값	set savePieces to saveText split by comma	savePieces = str(saveText).split(",")
lang	peace.nme	751	글 안	nameCell	대입	그밖	①값	set tidyName to nameCell repeated 0 times	tidyName = str(nameCell) * 0
lang	peace.nme	883	비교의 오른쪽	gotCheckValue	조건	그밖	①값	if madeCheckValue is not equal to gotCheckValue	if (madeCheckValue != gotCheckValue):
lang	peace.nme	910	글 안	heroName	출력	그밖/글자/물어본글	①값	show Loading is done. heroName picks the adventure up again on road regionNumber.	print("Loading is done. " + str(heroName) + " picks the adventure up again on road " + str(regionNumber) + ".")
lang	peace.nme	910	글 안	regionNumber	출력	그밖/셈한값/숫자	①값	show Loading is done. heroName picks the adventure up again on road regionNumber.	print("Loading is done. " + str(heroName) + " picks the adventure up again on road " + str(regionNumber) + ".")
lang	peace.nme	1299	글 안	heroName	출력	그밖/글자/물어본글	①값	show heroName · className · difficultyName difficulty	print(str(heroName) + " · " + str(className) + " · " + str(difficultyName) + " difficulty")
lang	peace.nme	1299	글 안	className	출력	글자	①값	show heroName · className · difficultyName difficulty	print(str(heroName) + " · " + str(className) + " · " + str(difficultyName) + " difficulty")
lang	peace.nme	1299	글 안	difficultyName	출력	글자	①값	show heroName · className · difficultyName difficulty	print(str(heroName) + " · " + str(className) + " · " + str(difficultyName) + " difficulty")
lang	peace.nme	1300	글 안	classTrait	출력	글자	①값	show class trait · classTrait	print("class trait · " + str(classTrait))
lang	peace.nme	1301	글 안	weaponName	출력	글자	①값	show weapon weaponName · armour armourName · charm charmName	print("weapon " + str(weaponName) + " · armour " + str(armourName) + " · charm " + str(charmName))
lang	peace.nme	1301	글 안	armourName	출력	글자	①값	show weapon weaponName · armour armourName · charm charmName	print("weapon " + str(weaponName) + " · armour " + str(armourName) + " · charm " + str(charmName))
lang	peace.nme	1301	글 안	charmName	출력	글자	①값	show weapon weaponName · armour armourName · charm charmName	print("weapon " + str(weaponName) + " · armour " + str(armourName) + " · charm " + str(charmName))
lang	peace.nme	1302	글 안	skillName	출력	글자	①값	show skill skillName · spirit needed skillCost · element skillElement	print("skill " + str(skillName) + " · spirit needed " + str(skillCost) + " · element " + str(skillElement))
lang	peace.nme	1302	글 안	skillCost	출력	숫자	①값	show skill skillName · spirit needed skillCost · element skillElement	print("skill " + str(skillName) + " · spirit needed " + str(skillCost) + " · element " + str(skillElement))
lang	peace.nme	1302	글 안	skillElement	출력	글자	①값	show skill skillName · spirit needed skillCost · element skillElement	print("skill " + str(skillName) + " · spirit needed " + str(skillCost) + " · element " + str(skillElement))
lang	peace.nme	1303	글 안	ultimateName	출력	글자	①값	show ultimate ultimateName · charges as you attack and guard	print("ultimate " + str(ultimateName) + " · charges as you attack and guard")
lang	peace.nme	1994	글 안	regionNumber	출력	그밖/셈한값/숫자	①값	show road regionNumber	print("road " + str(regionNumber))
lang	peace.nme	1995	글 안	enemyName	출력	글자	①값	show enemyName blocks the way	print(str(enemyName) + " blocks the way")
lang	peace.nme	1997	글 안	fieldEffect	출력	글자	①값	show field effect · fieldEffect	print("field effect · " + str(fieldEffect))
lang	peace.nme	2045	글 안	regionName	출력	글자	①값	show ⚔ regionName · road regionNumber	print("⚔ " + str(regionName) + " · road " + str(regionNumber))
lang	peace.nme	2045	글 안	regionNumber	출력	그밖/셈한값/숫자	①값	show ⚔ regionName · road regionNumber	print("⚔ " + str(regionName) + " · road " + str(regionNumber))
lang	peace.nme	2046	글 안	enemyName	출력	글자	①값	show 🟥 enemy · enemyName · life enemyLife / enemyMaxLife	print("🟥 enemy · " + str(enemyName) + " · life " + str(enemyLife) + " / " + str(enemyMaxLife))
lang	peace.nme	2046	글 안	enemyLife	출력	그밖/셈한값	①값	show 🟥 enemy · enemyName · life enemyLife / enemyMaxLife	print("🟥 enemy · " + str(enemyName) + " · life " + str(enemyLife) + " / " + str(enemyMaxLife))
lang	peace.nme	2046	글 안	enemyMaxLife	출력	셈한값/숫자	①값	show 🟥 enemy · enemyName · life enemyLife / enemyMaxLife	print("🟥 enemy · " + str(enemyName) + " · life " + str(enemyLife) + " / " + str(enemyMaxLife))
lang	peace.nme	2049	글 안	heroName	출력	그밖/글자/물어본글	①값	show 🟩 hero · heroName · life heroLife / maxLife · spirit heroSpirit / maxSpirit	print("🟩 hero · " + str(heroName) + " · life " + str(heroLife) + " / " + str(maxLife) + " · spirit " + str(heroSpirit) +
lang	peace.nme	2049	글 안	heroLife	출력	그밖/셈한값/숫자	①값	show 🟩 hero · heroName · life heroLife / maxLife · spirit heroSpirit / maxSpirit	print("🟩 hero · " + str(heroName) + " · life " + str(heroLife) + " / " + str(maxLife) + " · spirit " + str(heroSpirit) +
lang	peace.nme	2049	글 안	maxLife	출력	그밖/셈한값/숫자	①값	show 🟩 hero · heroName · life heroLife / maxLife · spirit heroSpirit / maxSpirit	print("🟩 hero · " + str(heroName) + " · life " + str(heroLife) + " / " + str(maxLife) + " · spirit " + str(heroSpirit) +
lang	peace.nme	2049	글 안	heroSpirit	출력	그밖/셈한값/숫자	①값	show 🟩 hero · heroName · life heroLife / maxLife · spirit heroSpirit / maxSpirit	print("🟩 hero · " + str(heroName) + " · life " + str(heroLife) + " / " + str(maxLife) + " · spirit " + str(heroSpirit) +
lang	peace.nme	2049	글 안	maxSpirit	출력	그밖/셈한값/숫자	①값	show 🟩 hero · heroName · life heroLife / maxLife · spirit heroSpirit / maxSpirit	print("🟩 hero · " + str(heroName) + " · life " + str(heroLife) + " / " + str(maxLife) + " · spirit " + str(heroSpirit) +
lang	peace.nme	2052	글 안	heroLevel	출력	그밖/셈한값/숫자	①값	show level heroLevel · hit heroHit · guard heroGuard · speed heroSpeed	print("level " + str(heroLevel) + " · hit " + str(heroHit) + " · guard " + str(heroGuard) + " · speed " + str(heroSpeed)
lang	peace.nme	2052	글 안	heroHit	출력	그밖/셈한값/숫자	①값	show level heroLevel · hit heroHit · guard heroGuard · speed heroSpeed	print("level " + str(heroLevel) + " · hit " + str(heroHit) + " · guard " + str(heroGuard) + " · speed " + str(heroSpeed)
lang	peace.nme	2052	글 안	heroGuard	출력	그밖/셈한값/숫자	①값	show level heroLevel · hit heroHit · guard heroGuard · speed heroSpeed	print("level " + str(heroLevel) + " · hit " + str(heroHit) + " · guard " + str(heroGuard) + " · speed " + str(heroSpeed)
lang	peace.nme	2052	글 안	heroSpeed	출력	그밖/셈한값/숫자	①값	show level heroLevel · hit heroHit · guard heroGuard · speed heroSpeed	print("level " + str(heroLevel) + " · hit " + str(heroHit) + " · guard " + str(heroGuard) + " · speed " + str(heroSpeed)
lang	peace.nme	2053	글 안	enemyPoise	출력	그밖/셈한값	①값	show 🟥 enemy poise enemyPoise / enemyMaxPoise · coming enemyIntent	print("🟥 enemy poise " + str(enemyPoise) + " / " + str(enemyMaxPoise) + " · coming " + str(enemyIntent))
lang	peace.nme	2053	글 안	enemyMaxPoise	출력	셈한값/숫자	①값	show 🟥 enemy poise enemyPoise / enemyMaxPoise · coming enemyIntent	print("🟥 enemy poise " + str(enemyPoise) + " / " + str(enemyMaxPoise) + " · coming " + str(enemyIntent))
lang	peace.nme	2053	글 안	enemyIntent	출력	글자	①값	show 🟥 enemy poise enemyPoise / enemyMaxPoise · coming enemyIntent	print("🟥 enemy poise " + str(enemyPoise) + " / " + str(enemyMaxPoise) + " · coming " + str(enemyIntent))
lang	peace.nme	2057	글 안	battleSpeed	출력	그밖/셈한값/숫자	①값	show 🟦 dodge battleSpeed percent · critical critChance percent · ally help allyHelpChance percent	print("🟦 dodge " + str(battleSpeed) + " percent · critical " + str(critChance) + " percent · ally help " + str(allyHelpC
lang	peace.nme	2057	글 안	critChance	출력	그밖	①값	show 🟦 dodge battleSpeed percent · critical critChance percent · ally help allyHelpChance percent	print("🟦 dodge " + str(battleSpeed) + " percent · critical " + str(critChance) + " percent · ally help " + str(allyHelpC
lang	peace.nme	2057	글 안	allyHelpChance	출력	숫자	①값	show 🟦 dodge battleSpeed percent · critical critChance percent · ally help allyHelpChance percent	print("🟦 dodge " + str(battleSpeed) + " percent · critical " + str(critChance) + " percent · ally help " + str(allyHelpC
lang	peace.nme	2058	글 안	ultimateName	출력	글자	①값	show 🟨 ultimate ultimateName · charge ultimateCharge / ultimateFull	print("🟨 ultimate " + str(ultimateName) + " · charge " + str(ultimateCharge) + " / " + str(ultimateFull))
lang	peace.nme	2058	글 안	ultimateCharge	출력	그밖/셈한값/숫자	①값	show 🟨 ultimate ultimateName · charge ultimateCharge / ultimateFull	print("🟨 ultimate " + str(ultimateName) + " · charge " + str(ultimateCharge) + " / " + str(ultimateFull))
lang	peace.nme	2058	글 안	ultimateFull	출력	숫자	①값	show 🟨 ultimate ultimateName · charge ultimateCharge / ultimateFull	print("🟨 ultimate " + str(ultimateName) + " · charge " + str(ultimateCharge) + " / " + str(ultimateFull))
lang	peace.nme	2059	글 안	weaponWear	출력	그밖/셈한값/숫자	①값	show weapon wear weaponWear / weaponMaxWear · armour wear armourWear / armourMaxWear	print("weapon wear " + str(weaponWear) + " / " + str(weaponMaxWear) + " · armour wear " + str(armourWear) + " / " + str(
lang	peace.nme	2059	글 안	weaponMaxWear	출력	그밖/셈한값/숫자	①값	show weapon wear weaponWear / weaponMaxWear · armour wear armourWear / armourMaxWear	print("weapon wear " + str(weaponWear) + " / " + str(weaponMaxWear) + " · armour wear " + str(armourWear) + " / " + str(
lang	peace.nme	2059	글 안	armourWear	출력	그밖/셈한값/숫자	①값	show weapon wear weaponWear / weaponMaxWear · armour wear armourWear / armourMaxWear	print("weapon wear " + str(weaponWear) + " / " + str(weaponMaxWear) + " · armour wear " + str(armourWear) + " / " + str(
lang	peace.nme	2059	글 안	armourMaxWear	출력	그밖/셈한값/숫자	①값	show weapon wear weaponWear / weaponMaxWear · armour wear armourWear / armourMaxWear	print("weapon wear " + str(weaponWear) + " / " + str(weaponMaxWear) + " · armour wear " + str(armourWear) + " / " + str(
lang	peace.nme	2060	글 안	potionCount	출력	그밖/셈한값/숫자	①값	show potion potionCount · strongpotion strongPotionCount · tonic tonicCount · antidote antidoteCount	print("potion " + str(potionCount) + " · strongpotion " + str(strongPotionCount) + " · tonic " + str(tonicCount) + " · a
lang	peace.nme	2060	글 안	strongPotionCount	출력	그밖/셈한값/숫자	①값	show potion potionCount · strongpotion strongPotionCount · tonic tonicCount · antidote antidoteCount	print("potion " + str(potionCount) + " · strongpotion " + str(strongPotionCount) + " · tonic " + str(tonicCount) + " · a
lang	peace.nme	2060	글 안	tonicCount	출력	그밖/셈한값/숫자	①값	show potion potionCount · strongpotion strongPotionCount · tonic tonicCount · antidote antidoteCount	print("potion " + str(potionCount) + " · strongpotion " + str(strongPotionCount) + " · tonic " + str(tonicCount) + " · a
lang	peace.nme	2060	글 안	antidoteCount	출력	그밖/셈한값/숫자	①값	show potion potionCount · strongpotion strongPotionCount · tonic tonicCount · antidote antidoteCount	print("potion " + str(potionCount) + " · strongpotion " + str(strongPotionCount) + " · tonic " + str(tonicCount) + " · a
lang	peace.nme	2061	글 안	bombCount	출력	그밖/셈한값/숫자	①값	show bomb bombCount · holywater holyWaterCount · smoke smokeCount · whetstone whetstoneCount	print("bomb " + str(bombCount) + " · holywater " + str(holyWaterCount) + " · smoke " + str(smokeCount) + " · whetstone "
lang	peace.nme	2061	글 안	holyWaterCount	출력	그밖/셈한값/숫자	①값	show bomb bombCount · holywater holyWaterCount · smoke smokeCount · whetstone whetstoneCount	print("bomb " + str(bombCount) + " · holywater " + str(holyWaterCount) + " · smoke " + str(smokeCount) + " · whetstone "
lang	peace.nme	2061	글 안	smokeCount	출력	그밖/셈한값/숫자	①값	show bomb bombCount · holywater holyWaterCount · smoke smokeCount · whetstone whetstoneCount	print("bomb " + str(bombCount) + " · holywater " + str(holyWaterCount) + " · smoke " + str(smokeCount) + " · whetstone "
lang	peace.nme	2061	글 안	whetstoneCount	출력	그밖/셈한값/숫자	①값	show bomb bombCount · holywater holyWaterCount · smoke smokeCount · whetstone whetstoneCount	print("bomb " + str(bombCount) + " · holywater " + str(holyWaterCount) + " · smoke " + str(smokeCount) + " · whetstone "
lang	peace.nme	2062	글 안	luckCoinCount	출력	그밖/셈한값/숫자	①값	show luckcoin luckCoinCount · chaosdie chaosRolls	print("luckcoin " + str(luckCoinCount) + " · chaosdie " + str(chaosRolls))
lang	peace.nme	2062	글 안	chaosRolls	출력	그밖/셈한값/숫자	①값	show luckcoin luckCoinCount · chaosdie chaosRolls	print("luckcoin " + str(luckCoinCount) + " · chaosdie " + str(chaosRolls))
lang	peace.nme	2200	글 안	firstFateCard	출력	그밖	①값	say in a box 🎲 The open hand of fate · firstFateCard / secondFateCard / thirdFateCard	print((lambda _t: (lambda _w: "┌" + "─" * (_w + 2) + "┐\n│ " + _t + " │\n└" + "─" * (_w + 2) + "┘")(sum(2 if __import__(
lang	peace.nme	2200	글 안	secondFateCard	출력	그밖	①값	say in a box 🎲 The open hand of fate · firstFateCard / secondFateCard / thirdFateCard	print((lambda _t: (lambda _w: "┌" + "─" * (_w + 2) + "┐\n│ " + _t + " │\n└" + "─" * (_w + 2) + "┘")(sum(2 if __import__(
lang	peace.nme	2200	글 안	thirdFateCard	출력	그밖	①값	say in a box 🎲 The open hand of fate · firstFateCard / secondFateCard / thirdFateCard	print((lambda _t: (lambda _w: "┌" + "─" * (_w + 2) + "┐\n│ " + _t + " │\n└" + "─" * (_w + 2) + "┘")(sum(2 if __import__(
lang	peace.nme	2243	비교의 오른쪽	enemyWeak	조건	글자	①값	if skillElement equals enemyWeak	if (skillElement == enemyWeak):
lang	peace.nme	2250	글 안	ultimateName	출력	글자	①값	show ultimateName · damage dealtDamage	print(str(ultimateName) + " · damage " + str(dealtDamage))
lang	peace.nme	2250	글 안	dealtDamage	출력	그밖/셈한값/숫자	①값	show ultimateName · damage dealtDamage	print(str(ultimateName) + " · damage " + str(dealtDamage))
lang	peace.nme	2281	비교의 오른쪽	enemyWeak	조건	글자	①값	if skillElement equals enemyWeak	if (skillElement == enemyWeak):
lang	peace.nme	2290	글 안	dealtDamage	출력	그밖/셈한값/숫자	①값	show A fireball bursts for dealtDamage and leaves fire on the enemy.	print("A fireball bursts for " + str(dealtDamage) + " and leaves fire on the enemy.")
lang	peace.nme	2299	비교의 오른쪽	enemyWeak	조건	글자	①값	if skillElement equals enemyWeak	if (skillElement == enemyWeak):
lang	peace.nme	2307	글 안	dealtDamage	출력	그밖/셈한값/숫자	①값	show The first arrow drives in for dealtDamage.	print("The first arrow drives in for " + str(dealtDamage) + ".")
lang	peace.nme	2314	비교의 오른쪽	enemyWeak	조건	글자	①값	if skillElement equals enemyWeak	if (skillElement == enemyWeak):
lang	peace.nme	2319	글 안	dealtDamage	출력	그밖/셈한값/숫자	①값	show The second arrow of the rapid shot cuts for dealtDamage and leaves the wound open.	print("The second arrow of the rapid shot cuts for " + str(dealtDamage) + " and leaves the wound open.")
lang	peace.nme	2332	비교의 오른쪽	enemyWeak	조건	글자	①값	if skillElement equals enemyWeak	if (skillElement == enemyWeak):
lang	peace.nme	2345	글 안	dealtDamage	출력	그밖/셈한값/숫자	①값	show Holy light · damage dealtDamage · the poison is washed out of you	print("Holy light · damage " + str(dealtDamage) + " · the poison is washed out of you")
lang	peace.nme	2352	비교의 오른쪽	enemyWeak	조건	글자	①값	if skillElement equals enemyWeak	if (skillElement == enemyWeak):
lang	peace.nme	2360	글 안	dealtDamage	출력	그밖/셈한값/숫자	①값	show The venom dagger sinks in for dealtDamage and leaves poison behind.	print("The venom dagger sinks in for " + str(dealtDamage) + " and leaves poison behind.")
lang	peace.nme	2373	비교의 오른쪽	enemyWeak	조건	글자	①값	if skillElement equals enemyWeak	if (skillElement == enemyWeak):
lang	peace.nme	2380	글 안	dealtDamage	출력	그밖/셈한값/숫자	①값	show The frenzy axe splits armour and flesh together for dealtDamage.	print("The frenzy axe splits armour and flesh together for " + str(dealtDamage) + ".")
lang	peace.nme	2388	비교의 오른쪽	enemyWeak	조건	글자	①값	if skillElement equals enemyWeak	if (skillElement == enemyWeak):
lang	peace.nme	2399	글 안	dealtDamage	출력	그밖/셈한값/숫자	①값	show The rune hammer strikes for dealtDamage and mends your weapon while it breaks the armour of the enemy.	print("The rune hammer strikes for " + str(dealtDamage) + " and mends your weapon while it breaks the armour of the enem
lang	peace.nme	2407	비교의 오른쪽	enemyWeak	조건	글자	①값	if skillElement equals enemyWeak	if (skillElement == enemyWeak):
lang	peace.nme	2417	글 안	dealtDamage	출력	그밖/셈한값/숫자	①값	show The shatter note rings for dealtDamage and shakes the poise of the enemy.	print("The shatter note rings for " + str(dealtDamage) + " and shakes the poise of the enemy.")
lang	peace.nme	2424	비교의 오른쪽	enemyWeak	조건	글자	①값	if skillElement equals enemyWeak	if (skillElement == enemyWeak):
lang	peace.nme	2434	글 안	dealtDamage	출력	그밖/셈한값/숫자	①값	show Binding vines squeeze for dealtDamage, and the strength of the herbs gives life back.	print("Binding vines squeeze for " + str(dealtDamage) + ", and the strength of the herbs gives life back.")
lang	peace.nme	2441	비교의 오른쪽	enemyWeak	조건	글자	①값	if skillElement equals enemyWeak	if (skillElement == enemyWeak):
lang	peace.nme	2450	글 안	dealtDamage	출력	그밖/셈한값/숫자	①값	show Life drain takes dealtDamage away and returns 9 life.	print("Life drain takes " + str(dealtDamage) + " away and returns 9 life.")
lang	peace.nme	2455	비교의 오른쪽	enemyWeak	조건	글자	①값	if skillElement equals enemyWeak	if (skillElement == enemyWeak):
lang	peace.nme	2463	글 안	dealtDamage	출력	그밖/셈한값/숫자	①값	show The dragonfire lance ignores guard and runs through for dealtDamage.	print("The dragonfire lance ignores guard and runs through for " + str(dealtDamage) + ".")
lang	peace.nme	2471	비교의 오른쪽	enemyWeak	조건	글자	①값	if skillElement equals enemyWeak	if (skillElement == enemyWeak):
lang	peace.nme	2483	글 안	dealtDamage	출력	그밖/셈한값/숫자	①값	show A time rift cuts past and present together for dealtDamage.	print("A time rift cuts past and present together for " + str(dealtDamage) + ".")
lang	peace.nme	2496	글 안	fateFace	출력	그밖/숫자	①값	show 🎲 A weighted coin · the higher of fateFace and extraFateFace is used	print("🎲 A weighted coin · the higher of " + str(fateFace) + " and " + str(extraFateFace) + " is used")
lang	peace.nme	2496	글 안	extraFateFace	출력	그밖	①값	show 🎲 A weighted coin · the higher of fateFace and extraFateFace is used	print("🎲 A weighted coin · the higher of " + str(fateFace) + " and " + str(extraFateFace) + " is used")
lang	peace.nme	2500	글 안	fateFace	출력	그밖/숫자	①값	show 🎲 The dice of fate · rolled fateFace / 6 · each face 16.7 percent	print("🎲 The dice of fate · rolled " + str(fateFace) + " / 6 · each face 16.7 percent")
lang	peace.nme	2514	글 안	dealtDamage	출력	그밖/셈한값/숫자	①값	show 🟥 A low roll · weak damage dealtDamage	print("🟥 A low roll · weak damage " + str(dealtDamage))
lang	peace.nme	2520	글 안	dealtDamage	출력	그밖/셈한값/숫자	①값	show 🟦 An even roll · damage dealtDamage	print("🟦 An even roll · damage " + str(dealtDamage))
lang	peace.nme	2527	글 안	dealtDamage	출력	그밖/셈한값/숫자	①값	show 🟩 A high roll · damage dealtDamage · extra poise damage	print("🟩 A high roll · damage " + str(dealtDamage) + " · extra poise damage")
lang	peace.nme	2536	글 안	dealtDamage	출력	그밖/셈한값/숫자	①값	show 🟨 A big success · damage dealtDamage · 7 life back	print("🟨 A big success · damage " + str(dealtDamage) + " · 7 life back")
lang	peace.nme	2545	글 안	dealtDamage	출력	그밖/셈한값/숫자	①값	say in a box 🟨 A great success · damage dealtDamage · poise 4 · 6 bronze	print((lambda _t: (lambda _w: "┌" + "─" * (_w + 2) + "┐\n│ " + _t + " │\n└" + "─" * (_w + 2) + "┘")(sum(2 if __import__(
lang	peace.nme	2560	비교의 오른쪽	enemyWeak	조건	글자	①값	if skillElement equals enemyWeak	if (skillElement == enemyWeak):
lang	peace.nme	2573	글 안	dealtDamage	출력	그밖/셈한값/숫자	①값	show The shield bash pushes back for dealtDamage and closes the front again.	print("The shield bash pushes back for " + str(dealtDamage) + " and closes the front again.")
lang	peace.nme	2643	글 안	dealtDamage	출력	그밖/셈한값/숫자	①값	show The bomb goes through the enemy's guard and bursts for dealtDamage.	print("The bomb goes through the enemy's guard and bursts for " + str(dealtDamage) + ".")
lang	peace.nme	2668	글 안	dealtDamage	출력	그밖/셈한값/숫자	①값	show Blessed holy water ignores guard and burns for dealtDamage.	print("Blessed holy water ignores guard and burns for " + str(dealtDamage) + ".")
lang	peace.nme	2721	글 안	chaosFace	출력	그밖	①값	show 🎲 The chaos die · each result 16.7 percent · rolled chaosFace	print("🎲 The chaos die · each result 16.7 percent · rolled " + str(chaosFace))
lang	peace.nme	2732	글 안	spiritLost	출력	숫자	①값	show 🟥 The die swallowed spiritLost of your spirit.	print("🟥 The die swallowed " + str(spiritLost) + " of your spirit.")
lang	peace.nme	2770	글 안	enemyName	출력	글자	①값	show the trait of enemyName is enemyTrait	print("the trait of " + str(enemyName) + " is " + str(enemyTrait))
lang	peace.nme	2770	글 안	enemyTrait	출력	글자	①값	show the trait of enemyName is enemyTrait	print("the trait of " + str(enemyName) + " is " + str(enemyTrait))
lang	peace.nme	2771	글 안	enemyWeak	출력	글자	①값	show the enemy's weakness is enemyWeak · poise is enemyPoise	print("the enemy's weakness is " + str(enemyWeak) + " · poise is " + str(enemyPoise))
lang	peace.nme	2771	글 안	enemyPoise	출력	그밖/셈한값	①값	show the enemy's weakness is enemyWeak · poise is enemyPoise	print("the enemy's weakness is " + str(enemyWeak) + " · poise is " + str(enemyPoise))
lang	peace.nme	2786	글 안	battleSpeed	출력	그밖/셈한값/숫자	①값	show 🎲 Open odds · critical 14 percent · dodge battleSpeed percent · ally help allyHelpChance percent	print("🎲 Open odds · critical 14 percent · dodge " + str(battleSpeed) + " percent · ally help " + str(allyHelpChance) + 
lang	peace.nme	2786	글 안	allyHelpChance	출력	숫자	①값	show 🎲 Open odds · critical 14 percent · dodge battleSpeed percent · ally help allyHelpChance percent	print("🎲 Open odds · critical 14 percent · dodge " + str(battleSpeed) + " percent · ally help " + str(allyHelpChance) + 
lang	peace.nme	2848	글 안	weaponName	출력	글자	①값	show weaponName cuts for dealtDamage.	print(str(weaponName) + " cuts for " + str(dealtDamage) + ".")
lang	peace.nme	2848	글 안	dealtDamage	출력	그밖/셈한값/숫자	①값	show weaponName cuts for dealtDamage.	print(str(weaponName) + " cuts for " + str(dealtDamage) + ".")
lang	peace.nme	2904	글 안	helpDamage	출력	셈한값/숫자	①값	show Rianel's covering fire · damage helpDamage	print("Rianel's covering fire · damage " + str(helpDamage))
lang	peace.nme	2923	글 안	helpDamage	출력	셈한값/숫자	①값	show Aurel's golden fire · damage helpDamage	print("Aurel's golden fire · damage " + str(helpDamage))
lang	peace.nme	2954	글 안	enemyName	출력	글자	①값	show The poise of enemyName has broken. It skips this strike back.	print("The poise of " + str(enemyName) + " has broken. It skips this strike back.")
lang	peace.nme	2969	글 안	burnDamage	출력	숫자	①값	show The fire still on it burns for burnDamage more.	print("The fire still on it burns for " + str(burnDamage) + " more.")
lang	peace.nme	2975	글 안	bleedDamage	출력	숫자	①값	show The deep wound opens bleedDamage further.	print("The deep wound opens " + str(bleedDamage) + " further.")
lang	peace.nme	2981	글 안	poisonDamage	출력	숫자	①값	show The venom eats poisonDamage of the enemy's life from the inside.	print("The venom eats " + str(poisonDamage) + " of the enemy's life from the inside.")
lang	peace.nme	2991	글 안	thornDamage	출력	숫자	①값	show Edric's mirror shield throws the skill back for thornDamage.	print("Edric's mirror shield throws the skill back for " + str(thornDamage) + ".")
lang	peace.nme	3020	글 안	enemyName	출력	글자	①값	show enemyName has fallen	print(str(enemyName) + " has fallen")
lang	peace.nme	3084	글 안	enemyName	출력	글자	①값	show enemyName lost its poise and cannot act at all	print(str(enemyName) + " lost its poise and cannot act at all")
lang	peace.nme	3099	글 안	enemyName	출력	글자	①값	show enemyName · strikes back and takes takenDamage of your life	print(str(enemyName) + " · strikes back and takes " + str(takenDamage) + " of your life")
lang	peace.nme	3099	글 안	takenDamage	출력	그밖/셈한값/숫자	①값	show enemyName · strikes back and takes takenDamage of your life	print(str(enemyName) + " · strikes back and takes " + str(takenDamage) + " of your life")
lang	peace.nme	3110	글 안	stolenCoin	출력	그밖/숫자	①값	show The enemy took stolenCoin bronze. You get it back when you win.	print("The enemy took " + str(stolenCoin) + " bronze. You get it back when you win.")
lang	peace.nme	3144	글 안	spiritStolen	출력	그밖/숫자	①값	show Demon fire burns spiritStolen of your spirit.	print("Demon fire burns " + str(spiritStolen) + " of your spirit.")
lang	peace.nme	3148	글 안	extraDamage	출력	숫자	①값	show The archdemon's tail runs through your armour for extraDamage more.	print("The archdemon's tail runs through your armour for " + str(extraDamage) + " more.")
lang	peace.nme	3161	글 안	chargeStolen	출력	그밖/숫자	①값	show Nox's abyssal breath swallows chargeStolen of your ultimate charge.	print("Nox's abyssal breath swallows " + str(chargeStolen) + " of your ultimate charge.")
lang	peace.nme	3186	글 안	enemyName	출력	글자	①값	show A new layer grows over the broken armour of enemyName and its guard rises again.	print("A new layer grows over the broken armour of " + str(enemyName) + " and its guard rises again.")
lang	peace.nme	3192	글 안	lemarFace	출력	그밖	①값	show 🎲 Lemar's golden dice · rolled lemarFace / 6	print("🎲 Lemar's golden dice · rolled " + str(lemarFace) + " / 6")
lang	peace.nme	3223	글 안	poisonDamage	출력	숫자	①값	show The poison left in you eats poisonDamage of your life.	print("The poison left in you eats " + str(poisonDamage) + " of your life.")
lang	peace.nme	3338	글 안	enemyRewardBronze	출력	셈한값/숫자	①값	show You took spoils worth enemyRewardBronze bronze and enemyExp experience	print("You took spoils worth " + str(enemyRewardBronze) + " bronze and " + str(enemyExp) + " experience")
lang	peace.nme	3338	글 안	enemyExp	출력	숫자	①값	show You took spoils worth enemyRewardBronze bronze and enemyExp experience	print("You took spoils worth " + str(enemyRewardBronze) + " bronze and " + str(enemyExp) + " experience")
lang	peace.nme	3339	글 안	peaceSpark	출력	그밖/셈한값/숫자	①값	show The spark of peace has brightened to peaceSpark	print("The spark of peace has brightened to " + str(peaceSpark))
lang	peace.nme	3340	글 안	fateSealCount	출력	그밖/셈한값/숫자	①값	show 🟨 You gained one fate seal from the region's master. You now have fateSealCount	print("🟨 You gained one fate seal from the region's master. You now have " + str(fateSealCount))
lang	peace.nme	3358	글 안	materialCount	출력	그밖	①값	show You found materialCount herbs and 1 tough cloth	print("You found " + str(materialCount) + " herbs and 1 tough cloth")
lang	peace.nme	3362	글 안	materialCount	출력	그밖	①값	show You gained materialCount iron ore and 1 magic dust	print("You gained " + str(materialCount) + " iron ore and 1 magic dust")
lang	peace.nme	3366	글 안	materialCount	출력	그밖	①값	show You gathered materialCount magic dust and 1 magic crystal	print("You gathered " + str(materialCount) + " magic dust and 1 magic crystal")
lang	peace.nme	3370	글 안	materialCount	출력	그밖	①값	show You gained materialCount hides and 1 tough cloth	print("You gained " + str(materialCount) + " hides and 1 tough cloth")
lang	peace.nme	3374	글 안	materialCount	출력	그밖	①값	show You gained materialCount herbs and 1 hide	print("You gained " + str(materialCount) + " herbs and 1 hide")
lang	peace.nme	3398	글 안	heroName	출력	그밖/글자/물어본글	①값	show heroName is now level heroLevel	print(str(heroName) + " is now level " + str(heroLevel))
lang	peace.nme	3398	글 안	heroLevel	출력	그밖/셈한값/숫자	①값	show heroName is now level heroLevel	print(str(heroName) + " is now level " + str(heroLevel))
lang	peace.nme	3504	글 안	warRisk	출력	그밖/셈한값/숫자	①값	show war risk warRisk · freight freightCost · trader standing traderStanding · discount traderDiscount	print("war risk " + str(warRisk) + " · freight " + str(freightCost) + " · trader standing " + str(traderStanding) + " · 
lang	peace.nme	3504	글 안	freightCost	출력	그밖/셈한값	①값	show war risk warRisk · freight freightCost · trader standing traderStanding · discount traderDiscount	print("war risk " + str(warRisk) + " · freight " + str(freightCost) + " · trader standing " + str(traderStanding) + " · 
lang	peace.nme	3504	글 안	traderStanding	출력	그밖/셈한값/숫자	①값	show war risk warRisk · freight freightCost · trader standing traderStanding · discount traderDiscount	print("war risk " + str(warRisk) + " · freight " + str(freightCost) + " · trader standing " + str(traderStanding) + " · 
lang	peace.nme	3504	글 안	traderDiscount	출력	그밖	①값	show war risk warRisk · freight freightCost · trader standing traderStanding · discount traderDiscount	print("war risk " + str(warRisk) + " · freight " + str(freightCost) + " · trader standing " + str(traderStanding) + " · 
lang	peace.nme	3505	글 안	potionPrice	출력	그밖/셈한값	①값	show potion potionPrice · strongpotion strongPotionPrice · tonic tonicPrice · antidote antidotePrice	print("potion " + str(potionPrice) + " · strongpotion " + str(strongPotionPrice) + " · tonic " + str(tonicPrice) + " · a
lang	peace.nme	3505	글 안	strongPotionPrice	출력	그밖/셈한값	①값	show potion potionPrice · strongpotion strongPotionPrice · tonic tonicPrice · antidote antidotePrice	print("potion " + str(potionPrice) + " · strongpotion " + str(strongPotionPrice) + " · tonic " + str(tonicPrice) + " · a
lang	peace.nme	3505	글 안	tonicPrice	출력	그밖/셈한값	①값	show potion potionPrice · strongpotion strongPotionPrice · tonic tonicPrice · antidote antidotePrice	print("potion " + str(potionPrice) + " · strongpotion " + str(strongPotionPrice) + " · tonic " + str(tonicPrice) + " · a
lang	peace.nme	3505	글 안	antidotePrice	출력	그밖/셈한값	①값	show potion potionPrice · strongpotion strongPotionPrice · tonic tonicPrice · antidote antidotePrice	print("potion " + str(potionPrice) + " · strongpotion " + str(strongPotionPrice) + " · tonic " + str(tonicPrice) + " · a
lang	peace.nme	3506	글 안	bombPrice	출력	그밖/셈한값	①값	show bomb bombPrice · holywater holyWaterPrice · smoke smokePrice · whetstone whetstonePrice · rations rationPrice	print("bomb " + str(bombPrice) + " · holywater " + str(holyWaterPrice) + " · smoke " + str(smokePrice) + " · whetstone "
lang	peace.nme	3506	글 안	holyWaterPrice	출력	그밖/셈한값	①값	show bomb bombPrice · holywater holyWaterPrice · smoke smokePrice · whetstone whetstonePrice · rations rationPrice	print("bomb " + str(bombPrice) + " · holywater " + str(holyWaterPrice) + " · smoke " + str(smokePrice) + " · whetstone "
lang	peace.nme	3506	글 안	smokePrice	출력	그밖/셈한값	①값	show bomb bombPrice · holywater holyWaterPrice · smoke smokePrice · whetstone whetstonePrice · rations rationPrice	print("bomb " + str(bombPrice) + " · holywater " + str(holyWaterPrice) + " · smoke " + str(smokePrice) + " · whetstone "
lang	peace.nme	3506	글 안	whetstonePrice	출력	그밖/셈한값	①값	show bomb bombPrice · holywater holyWaterPrice · smoke smokePrice · whetstone whetstonePrice · rations rationPrice	print("bomb " + str(bombPrice) + " · holywater " + str(holyWaterPrice) + " · smoke " + str(smokePrice) + " · whetstone "
lang	peace.nme	3506	글 안	rationPrice	출력	그밖/셈한값	①값	show bomb bombPrice · holywater holyWaterPrice · smoke smokePrice · whetstone whetstonePrice · rations rationPrice	print("bomb " + str(bombPrice) + " · holywater " + str(holyWaterPrice) + " · smoke " + str(smokePrice) + " · whetstone "
lang	peace.nme	3516	글 안	fateSealCount	출력	그밖/셈한값/숫자	①값	show 🎲 fate · fatedraw / fatetrade · seals fateSealCount · shards fateShardCount	print("🎲 fate · fatedraw / fatetrade · seals " + str(fateSealCount) + " · shards " + str(fateShardCount))
lang	peace.nme	3516	글 안	fateShardCount	출력	그밖/셈한값/숫자	①값	show 🎲 fate · fatedraw / fatetrade · seals fateSealCount · shards fateShardCount	print("🎲 fate · fatedraw / fatetrade · seals " + str(fateSealCount) + " · shards " + str(fateShardCount))
lang	peace.nme	3529	글 안	marketPotionStock	출력	그밖/셈한값/숫자	①값	show You bought a potion. Stock left marketPotionStock	print("You bought a potion. Stock left " + str(marketPotionStock))
lang	peace.nme	3544	글 안	marketStrongStock	출력	그밖/셈한값	①값	show You bought a strong potion. Stock left marketStrongStock	print("You bought a strong potion. Stock left " + str(marketStrongStock))
lang	peace.nme	3559	글 안	marketTonicStock	출력	그밖/셈한값/숫자	①값	show You bought a tonic. Stock left marketTonicStock	print("You bought a tonic. Stock left " + str(marketTonicStock))
lang	peace.nme	3704	글 안	saleValue	출력	셈한값/숫자	①값	show The war makes the material wanted, so you were paid saleValue bronze.	print("The war makes the material wanted, so you were paid " + str(saleValue) + " bronze.")
lang	peace.nme	3720	글 안	repairPrice	출력	그밖/셈한값	①값	show repairPrice bronze repairs both pieces of gear completely	print(str(repairPrice) + " bronze repairs both pieces of gear completely")
lang	peace.nme	3743	글 안	weaponBoostPrice	출력	셈한값/숫자	①값	show The next weapon costs weaponBoostPrice bronze	print("The next weapon costs " + str(weaponBoostPrice) + " bronze")
lang	peace.nme	3768	글 안	weaponName	출력	글자	①값	show Your new weapon weaponName is finished. Your hit and its greatest wear went up.	print("Your new weapon " + str(weaponName) + " is finished. Your hit and its greatest wear went up.")
lang	peace.nme	3779	글 안	armourBoostPrice	출력	셈한값/숫자	①값	show The next armour costs armourBoostPrice bronze	print("The next armour costs " + str(armourBoostPrice) + " bronze")
lang	peace.nme	3800	글 안	armourName	출력	글자	①값	show Your new armour armourName is finished. Your guard and its greatest wear went up.	print("Your new armour " + str(armourName) + " is finished. Your guard and its greatest wear went up.")
lang	peace.nme	3836	글 안	charmName	조건	글자	①값	if tradeWins exists then show You put charmName on	if (tradeWins): print("You put " + str(charmName) + " on")
lang	peace.nme	3843	글 안	fateSealCount	출력	그밖/셈한값/숫자	①값	show Seals now fateSealCount · rare counter fatePityCount / 5	print("Seals now " + str(fateSealCount) + " · rare counter " + str(fatePityCount) + " / 5")
lang	peace.nme	3843	글 안	fatePityCount	출력	그밖/셈한값/숫자	①값	show Seals now fateSealCount · rare counter fatePityCount / 5	print("Seals now " + str(fateSealCount) + " · rare counter " + str(fatePityCount) + " / 5")
lang	peace.nme	3958	글 안	adventureDay	출력	그밖/셈한값/숫자	①값	show day adventureDay · next region regionNumber · fullness fullnessLevel · fatigue fatigueLevel · morale moralePoints	print("day " + str(adventureDay) + " · next region " + str(regionNumber) + " · fullness " + str(fullnessLevel) + " · fat
lang	peace.nme	3958	글 안	regionNumber	출력	그밖/셈한값/숫자	①값	show day adventureDay · next region regionNumber · fullness fullnessLevel · fatigue fatigueLevel · morale moralePoints	print("day " + str(adventureDay) + " · next region " + str(regionNumber) + " · fullness " + str(fullnessLevel) + " · fat
lang	peace.nme	3958	글 안	fullnessLevel	출력	그밖/셈한값/숫자	①값	show day adventureDay · next region regionNumber · fullness fullnessLevel · fatigue fatigueLevel · morale moralePoints	print("day " + str(adventureDay) + " · next region " + str(regionNumber) + " · fullness " + str(fullnessLevel) + " · fat
lang	peace.nme	3958	글 안	fatigueLevel	출력	그밖/셈한값/숫자	①값	show day adventureDay · next region regionNumber · fullness fullnessLevel · fatigue fatigueLevel · morale moralePoints	print("day " + str(adventureDay) + " · next region " + str(regionNumber) + " · fullness " + str(fullnessLevel) + " · fat
lang	peace.nme	3958	글 안	moralePoints	출력	그밖/셈한값/숫자	①값	show day adventureDay · next region regionNumber · fullness fullnessLevel · fatigue fatigueLevel · morale moralePoints	print("day " + str(adventureDay) + " · next region " + str(regionNumber) + " · fullness " + str(fullnessLevel) + " · fat
lang	peace.nme	3974	글 안	herbCount	출력	그밖/셈한값/숫자	①값	show herb herbCount · iron ironCount · dust dustCount · scale scaleCount	print("herb " + str(herbCount) + " · iron " + str(ironCount) + " · dust " + str(dustCount) + " · scale " + str(scaleCoun
lang	peace.nme	3974	글 안	ironCount	출력	그밖/셈한값/숫자	①값	show herb herbCount · iron ironCount · dust dustCount · scale scaleCount	print("herb " + str(herbCount) + " · iron " + str(ironCount) + " · dust " + str(dustCount) + " · scale " + str(scaleCoun
lang	peace.nme	3974	글 안	dustCount	출력	그밖/셈한값/숫자	①값	show herb herbCount · iron ironCount · dust dustCount · scale scaleCount	print("herb " + str(herbCount) + " · iron " + str(ironCount) + " · dust " + str(dustCount) + " · scale " + str(scaleCoun
lang	peace.nme	3974	글 안	scaleCount	출력	그밖/셈한값/숫자	①값	show herb herbCount · iron ironCount · dust dustCount · scale scaleCount	print("herb " + str(herbCount) + " · iron " + str(ironCount) + " · dust " + str(dustCount) + " · scale " + str(scaleCoun
lang	peace.nme	3975	글 안	clothCount	출력	그밖/셈한값/숫자	①값	show cloth clothCount · crystal crystalCount · hide hideCount	print("cloth " + str(clothCount) + " · crystal " + str(crystalCount) + " · hide " + str(hideCount))
lang	peace.nme	3975	글 안	crystalCount	출력	그밖/셈한값/숫자	①값	show cloth clothCount · crystal crystalCount · hide hideCount	print("cloth " + str(clothCount) + " · crystal " + str(crystalCount) + " · hide " + str(hideCount))
lang	peace.nme	3975	글 안	hideCount	출력	그밖/셈한값/숫자	①값	show cloth clothCount · crystal crystalCount · hide hideCount	print("cloth " + str(clothCount) + " · crystal " + str(crystalCount) + " · hide " + str(hideCount))
lang	peace.nme	4068	글 안	craftChoice	출력	물어본글	①값	show You made craftChoice	print("You made " + str(craftChoice))
lang	peace.nme	4126	글 안	hopeScore	출력	그밖/셈한값/숫자	①값	show hope hopeScore · spark peaceSpark · fame fameLevel	print("hope " + str(hopeScore) + " · spark " + str(peaceSpark) + " · fame " + str(fameLevel))
lang	peace.nme	4126	글 안	peaceSpark	출력	그밖/셈한값/숫자	①값	show hope hopeScore · spark peaceSpark · fame fameLevel	print("hope " + str(hopeScore) + " · spark " + str(peaceSpark) + " · fame " + str(fameLevel))
lang	peace.nme	4126	글 안	fameLevel	출력	그밖/셈한값/숫자	①값	show hope hopeScore · spark peaceSpark · fame fameLevel	print("hope " + str(hopeScore) + " · spark " + str(peaceSpark) + " · fame " + str(fameLevel))
lang	peace.nme	4127	글 안	crownStanding	출력	그밖/셈한값/숫자	①값	show crown crownStanding · elves elfStanding · dwarves dwarfStanding · temple templeStanding · guild guildStanding · tra	print("crown " + str(crownStanding) + " · elves " + str(elfStanding) + " · dwarves " + str(dwarfStanding) + " · temple "
lang	peace.nme	4127	글 안	elfStanding	출력	그밖/셈한값/숫자	①값	show crown crownStanding · elves elfStanding · dwarves dwarfStanding · temple templeStanding · guild guildStanding · tra	print("crown " + str(crownStanding) + " · elves " + str(elfStanding) + " · dwarves " + str(dwarfStanding) + " · temple "
lang	peace.nme	4127	글 안	dwarfStanding	출력	그밖/셈한값/숫자	①값	show crown crownStanding · elves elfStanding · dwarves dwarfStanding · temple templeStanding · guild guildStanding · tra	print("crown " + str(crownStanding) + " · elves " + str(elfStanding) + " · dwarves " + str(dwarfStanding) + " · temple "
lang	peace.nme	4127	글 안	templeStanding	출력	그밖/셈한값/숫자	①값	show crown crownStanding · elves elfStanding · dwarves dwarfStanding · temple templeStanding · guild guildStanding · tra	print("crown " + str(crownStanding) + " · elves " + str(elfStanding) + " · dwarves " + str(dwarfStanding) + " · temple "
lang	peace.nme	4127	글 안	guildStanding	출력	그밖/셈한값/숫자	①값	show crown crownStanding · elves elfStanding · dwarves dwarfStanding · temple templeStanding · guild guildStanding · tra	print("crown " + str(crownStanding) + " · elves " + str(elfStanding) + " · dwarves " + str(dwarfStanding) + " · temple "
lang	peace.nme	4127	글 안	traderStanding	출력	그밖/셈한값/숫자	①값	show crown crownStanding · elves elfStanding · dwarves dwarfStanding · temple templeStanding · guild guildStanding · tra	print("crown " + str(crownStanding) + " · elves " + str(elfStanding) + " · dwarves " + str(dwarfStanding) + " · temple "
lang	peace.nme	4128	글 안	warRisk	출력	그밖/셈한값/숫자	①값	show war risk warRisk · trades tradeCount · crafts craftCount · repairs repairCount	print("war risk " + str(warRisk) + " · trades " + str(tradeCount) + " · crafts " + str(craftCount) + " · repairs " + str
lang	peace.nme	4128	글 안	tradeCount	출력	그밖/셈한값/숫자	①값	show war risk warRisk · trades tradeCount · crafts craftCount · repairs repairCount	print("war risk " + str(warRisk) + " · trades " + str(tradeCount) + " · crafts " + str(craftCount) + " · repairs " + str
lang	peace.nme	4128	글 안	craftCount	출력	그밖/셈한값/숫자	①값	show war risk warRisk · trades tradeCount · crafts craftCount · repairs repairCount	print("war risk " + str(warRisk) + " · trades " + str(tradeCount) + " · crafts " + str(craftCount) + " · repairs " + str
lang	peace.nme	4128	글 안	repairCount	출력	그밖/셈한값/숫자	①값	show war risk warRisk · trades tradeCount · crafts craftCount · repairs repairCount	print("war risk " + str(warRisk) + " · trades " + str(tradeCount) + " · crafts " + str(craftCount) + " · repairs " + str
lang	peace.nme	4130	글 안	fateSealCount	출력	그밖/셈한값/숫자	①값	show 🎲 fate seals fateSealCount · shards fateShardCount · draws fateDrawCount · gambles won gambleWins / lost gambleLoss	print("🎲 fate seals " + str(fateSealCount) + " · shards " + str(fateShardCount) + " · draws " + str(fateDrawCount) + " ·
lang	peace.nme	4130	글 안	fateShardCount	출력	그밖/셈한값/숫자	①값	show 🎲 fate seals fateSealCount · shards fateShardCount · draws fateDrawCount · gambles won gambleWins / lost gambleLoss	print("🎲 fate seals " + str(fateSealCount) + " · shards " + str(fateShardCount) + " · draws " + str(fateDrawCount) + " ·
lang	peace.nme	4130	글 안	fateDrawCount	출력	그밖/셈한값/숫자	①값	show 🎲 fate seals fateSealCount · shards fateShardCount · draws fateDrawCount · gambles won gambleWins / lost gambleLoss	print("🎲 fate seals " + str(fateSealCount) + " · shards " + str(fateShardCount) + " · draws " + str(fateDrawCount) + " ·
lang	peace.nme	4130	글 안	gambleWins	출력	그밖/셈한값/숫자	①값	show 🎲 fate seals fateSealCount · shards fateShardCount · draws fateDrawCount · gambles won gambleWins / lost gambleLoss	print("🎲 fate seals " + str(fateSealCount) + " · shards " + str(fateShardCount) + " · draws " + str(fateDrawCount) + " ·
lang	peace.nme	4130	글 안	gambleLosses	출력	그밖/셈한값/숫자	①값	show 🎲 fate seals fateSealCount · shards fateShardCount · draws fateDrawCount · gambles won gambleWins / lost gambleLoss	print("🎲 fate seals " + str(fateSealCount) + " · shards " + str(fateShardCount) + " · draws " + str(fateDrawCount) + " ·
lang	peace.nme	4216	글 안	heroName	출력	그밖/글자/물어본글	①값	heroName raised weaponName and ran it through Morgar's heart.	print(str(heroName) + " raised " + str(weaponName) + " and ran it through Morgar's heart.")
lang	peace.nme	4216	글 안	weaponName	출력	글자	①값	heroName raised weaponName and ran it through Morgar's heart.	print(str(heroName) + " raised " + str(weaponName) + " and ran it through Morgar's heart.")
lang	peace.nme	4237	글 안	heroName	출력	그밖/글자/물어본글	①값	People told each other what heroName chose along the way, and kept the small promises first.	print("People told each other what " + str(heroName) + " chose along the way, and kept the small promises first.")
lang	peace.nme	4247	글 안	heroName	출력	그밖/글자/물어본글	①값	heroName set the weapon down and began the work that is harder than fighting.	print(str(heroName) + " set the weapon down and began the work that is harder than fighting.")
lang	peace.nme	4267	글 안	heroName	출력	그밖/글자/물어본글	①값	The rift in the world closed, and heroName never came back with the others.	print("The rift in the world closed, and " + str(heroName) + " never came back with the others.")
lang	peace.nme	4291	글 안	heroName	출력	그밖/글자/물어본글	①값	show heroName · className · level heroLevel	print(str(heroName) + " · " + str(className) + " · level " + str(heroLevel))
lang	peace.nme	4291	글 안	className	출력	글자	①값	show heroName · className · level heroLevel	print(str(heroName) + " · " + str(className) + " · level " + str(heroLevel))
lang	peace.nme	4291	글 안	heroLevel	출력	그밖/셈한값/숫자	①값	show heroName · className · level heroLevel	print(str(heroName) + " · " + str(className) + " · level " + str(heroLevel))
lang	peace.nme	4292	글 안	weaponName	출력	글자	①값	show weapon weaponName · armour armourName · charm charmName	print("weapon " + str(weaponName) + " · armour " + str(armourName) + " · charm " + str(charmName))
lang	peace.nme	4292	글 안	armourName	출력	글자	①값	show weapon weaponName · armour armourName · charm charmName	print("weapon " + str(weaponName) + " · armour " + str(armourName) + " · charm " + str(charmName))
lang	peace.nme	4292	글 안	charmName	출력	글자	①값	show weapon weaponName · armour armourName · charm charmName	print("weapon " + str(weaponName) + " · armour " + str(armourName) + " · charm " + str(charmName))
lang	peace.nme	4293	글 안	deepestRegion	출력	그밖/숫자	①값	show furthest road deepestRegion · turns traded totalTurns	print("furthest road " + str(deepestRegion) + " · turns traded " + str(totalTurns))
lang	peace.nme	4293	글 안	totalTurns	출력	그밖/셈한값/숫자	①값	show furthest road deepestRegion · turns traded totalTurns	print("furthest road " + str(deepestRegion) + " · turns traded " + str(totalTurns))
lang	peace.nme	4296	글 안	peaceSpark	출력	그밖/셈한값/숫자	①값	show the spark of peace peaceSpark · hope hopeScore · fame fameLevel	print("the spark of peace " + str(peaceSpark) + " · hope " + str(hopeScore) + " · fame " + str(fameLevel))
lang	peace.nme	4296	글 안	hopeScore	출력	그밖/셈한값/숫자	①값	show the spark of peace peaceSpark · hope hopeScore · fame fameLevel	print("the spark of peace " + str(peaceSpark) + " · hope " + str(hopeScore) + " · fame " + str(fameLevel))
lang	peace.nme	4296	글 안	fameLevel	출력	그밖/셈한값/숫자	①값	show the spark of peace peaceSpark · hope hopeScore · fame fameLevel	print("the spark of peace " + str(peaceSpark) + " · hope " + str(hopeScore) + " · fame " + str(fameLevel))
lang	peace.nme	4298	글 안	elapsedTime	출력	셈한값	①값	show play time elapsedTime seconds · poise breaks poiseBreaks · weakness hits weakHits · crafts craftCount · saves saveC	print("play time " + str(elapsedTime) + " seconds · poise breaks " + str(poiseBreaks) + " · weakness hits " + str(weakHi
lang	peace.nme	4298	글 안	poiseBreaks	출력	그밖/셈한값/숫자	①값	show play time elapsedTime seconds · poise breaks poiseBreaks · weakness hits weakHits · crafts craftCount · saves saveC	print("play time " + str(elapsedTime) + " seconds · poise breaks " + str(poiseBreaks) + " · weakness hits " + str(weakHi
lang	peace.nme	4298	글 안	weakHits	출력	그밖/셈한값/숫자	①값	show play time elapsedTime seconds · poise breaks poiseBreaks · weakness hits weakHits · crafts craftCount · saves saveC	print("play time " + str(elapsedTime) + " seconds · poise breaks " + str(poiseBreaks) + " · weakness hits " + str(weakHi
lang	peace.nme	4298	글 안	craftCount	출력	그밖/셈한값/숫자	①값	show play time elapsedTime seconds · poise breaks poiseBreaks · weakness hits weakHits · crafts craftCount · saves saveC	print("play time " + str(elapsedTime) + " seconds · poise breaks " + str(poiseBreaks) + " · weakness hits " + str(weakHi
lang	peace.nme	4298	글 안	saveCount	출력	그밖/셈한값/숫자	①값	show play time elapsedTime seconds · poise breaks poiseBreaks · weakness hits weakHits · crafts craftCount · saves saveC	print("play time " + str(elapsedTime) + " seconds · poise breaks " + str(poiseBreaks) + " · weakness hits " + str(weakHi
lang	peace.nme	4299	글 안	adventureDay	출력	그밖/셈한값/숫자	①값	show survival · day adventureDay · fullness fullnessLevel · fatigue fatigueLevel · morale moralePoints	print("survival · day " + str(adventureDay) + " · fullness " + str(fullnessLevel) + " · fatigue " + str(fatigueLevel) + 
lang	peace.nme	4299	글 안	fullnessLevel	출력	그밖/셈한값/숫자	①값	show survival · day adventureDay · fullness fullnessLevel · fatigue fatigueLevel · morale moralePoints	print("survival · day " + str(adventureDay) + " · fullness " + str(fullnessLevel) + " · fatigue " + str(fatigueLevel) + 
lang	peace.nme	4299	글 안	fatigueLevel	출력	그밖/셈한값/숫자	①값	show survival · day adventureDay · fullness fullnessLevel · fatigue fatigueLevel · morale moralePoints	print("survival · day " + str(adventureDay) + " · fullness " + str(fullnessLevel) + " · fatigue " + str(fatigueLevel) + 
lang	peace.nme	4299	글 안	moralePoints	출력	그밖/셈한값/숫자	①값	show survival · day adventureDay · fullness fullnessLevel · fatigue fatigueLevel · morale moralePoints	print("survival · day " + str(adventureDay) + " · fullness " + str(fullnessLevel) + " · fatigue " + str(fatigueLevel) + 
lang	peace.nme	4300	글 안	warRisk	출력	그밖/셈한값/숫자	①값	show economy · war risk warRisk · trades tradeCount · repairs repairCount · trader standing traderStanding	print("economy · war risk " + str(warRisk) + " · trades " + str(tradeCount) + " · repairs " + str(repairCount) + " · tra
lang	peace.nme	4300	글 안	tradeCount	출력	그밖/셈한값/숫자	①값	show economy · war risk warRisk · trades tradeCount · repairs repairCount · trader standing traderStanding	print("economy · war risk " + str(warRisk) + " · trades " + str(tradeCount) + " · repairs " + str(repairCount) + " · tra
lang	peace.nme	4300	글 안	repairCount	출력	그밖/셈한값/숫자	①값	show economy · war risk warRisk · trades tradeCount · repairs repairCount · trader standing traderStanding	print("economy · war risk " + str(warRisk) + " · trades " + str(tradeCount) + " · repairs " + str(repairCount) + " · tra
lang	peace.nme	4300	글 안	traderStanding	출력	그밖/셈한값/숫자	①값	show economy · war risk warRisk · trades tradeCount · repairs repairCount · trader standing traderStanding	print("economy · war risk " + str(warRisk) + " · trades " + str(tradeCount) + " · repairs " + str(repairCount) + " · tra
lang	peace.nme	4301	글 안	fateSealCount	출력	그밖/셈한값/숫자	①값	show fate · seals fateSealCount · shards fateShardCount · draws fateDrawCount · gambles won gambleWins / lost gambleLoss	print("fate · seals " + str(fateSealCount) + " · shards " + str(fateShardCount) + " · draws " + str(fateDrawCount) + " ·
lang	peace.nme	4301	글 안	fateShardCount	출력	그밖/셈한값/숫자	①값	show fate · seals fateSealCount · shards fateShardCount · draws fateDrawCount · gambles won gambleWins / lost gambleLoss	print("fate · seals " + str(fateSealCount) + " · shards " + str(fateShardCount) + " · draws " + str(fateDrawCount) + " ·
lang	peace.nme	4301	글 안	fateDrawCount	출력	그밖/셈한값/숫자	①값	show fate · seals fateSealCount · shards fateShardCount · draws fateDrawCount · gambles won gambleWins / lost gambleLoss	print("fate · seals " + str(fateSealCount) + " · shards " + str(fateShardCount) + " · draws " + str(fateDrawCount) + " ·
lang	peace.nme	4301	글 안	gambleWins	출력	그밖/셈한값/숫자	①값	show fate · seals fateSealCount · shards fateShardCount · draws fateDrawCount · gambles won gambleWins / lost gambleLoss	print("fate · seals " + str(fateSealCount) + " · shards " + str(fateShardCount) + " · draws " + str(fateDrawCount) + " ·
lang	peace.nme	4301	글 안	gambleLosses	출력	그밖/셈한값/숫자	①값	show fate · seals fateSealCount · shards fateShardCount · draws fateDrawCount · gambles won gambleWins / lost gambleLoss	print("fate · seals " + str(fateSealCount) + " · shards " + str(fateShardCount) + " · draws " + str(fateDrawCount) + " ·
lang	peace.nme	4302	글 안	weaponWear	출력	그밖/셈한값/숫자	①값	show wear · weapon weaponWear / weaponMaxWear · armour armourWear / armourMaxWear	print("wear · weapon " + str(weaponWear) + " / " + str(weaponMaxWear) + " · armour " + str(armourWear) + " / " + str(arm
lang	peace.nme	4302	글 안	weaponMaxWear	출력	그밖/셈한값/숫자	①값	show wear · weapon weaponWear / weaponMaxWear · armour armourWear / armourMaxWear	print("wear · weapon " + str(weaponWear) + " / " + str(weaponMaxWear) + " · armour " + str(armourWear) + " / " + str(arm
lang	peace.nme	4302	글 안	armourWear	출력	그밖/셈한값/숫자	①값	show wear · weapon weaponWear / weaponMaxWear · armour armourWear / armourMaxWear	print("wear · weapon " + str(weaponWear) + " / " + str(weaponMaxWear) + " · armour " + str(armourWear) + " / " + str(arm
lang	peace.nme	4302	글 안	armourMaxWear	출력	그밖/셈한값/숫자	①값	show wear · weapon weaponWear / weaponMaxWear · armour armourWear / armourMaxWear	print("wear · weapon " + str(weaponWear) + " / " + str(weaponMaxWear) + " · armour " + str(armourWear) + " / " + str(arm
lang	peace.nme	4303	글 안	herbCount	출력	그밖/셈한값/숫자	①값	show materials left · herb herbCount · iron ironCount · dust dustCount · scale scaleCount · cloth clothCount · crystal c	print("materials left · herb " + str(herbCount) + " · iron " + str(ironCount) + " · dust " + str(dustCount) + " · scale 
lang	peace.nme	4303	글 안	ironCount	출력	그밖/셈한값/숫자	①값	show materials left · herb herbCount · iron ironCount · dust dustCount · scale scaleCount · cloth clothCount · crystal c	print("materials left · herb " + str(herbCount) + " · iron " + str(ironCount) + " · dust " + str(dustCount) + " · scale 
lang	peace.nme	4303	글 안	dustCount	출력	그밖/셈한값/숫자	①값	show materials left · herb herbCount · iron ironCount · dust dustCount · scale scaleCount · cloth clothCount · crystal c	print("materials left · herb " + str(herbCount) + " · iron " + str(ironCount) + " · dust " + str(dustCount) + " · scale 
lang	peace.nme	4303	글 안	scaleCount	출력	그밖/셈한값/숫자	①값	show materials left · herb herbCount · iron ironCount · dust dustCount · scale scaleCount · cloth clothCount · crystal c	print("materials left · herb " + str(herbCount) + " · iron " + str(ironCount) + " · dust " + str(dustCount) + " · scale 
lang	peace.nme	4303	글 안	clothCount	출력	그밖/셈한값/숫자	①값	show materials left · herb herbCount · iron ironCount · dust dustCount · scale scaleCount · cloth clothCount · crystal c	print("materials left · herb " + str(herbCount) + " · iron " + str(ironCount) + " · dust " + str(dustCount) + " · scale 
lang	peace.nme	4303	글 안	crystalCount	출력	그밖/셈한값/숫자	①값	show materials left · herb herbCount · iron ironCount · dust dustCount · scale scaleCount · cloth clothCount · crystal c	print("materials left · herb " + str(herbCount) + " · iron " + str(ironCount) + " · dust " + str(dustCount) + " · scale 
lang	peace.nme	4303	글 안	hideCount	출력	그밖/셈한값/숫자	①값	show materials left · herb herbCount · iron ironCount · dust dustCount · scale scaleCount · cloth clothCount · crystal c	print("materials left · herb " + str(herbCount) + " · iron " + str(ironCount) + " · dust " + str(dustCount) + " · scale 
lang	peace.nme	4318	글 안	recordName	출력	모름	①값	show recordName · recordCount times	print(str(recordName) + " · " + str(recordCount) + " times")
lang	peace.nme	4318	글 안	recordCount	출력	그밖	①값	show recordName · recordCount times	print(str(recordName) + " · " + str(recordCount) + " times")
lang	peace.nme	4324	글 안	questName	출력	모름	①값	show questName · questState	print(str(questName) + " · " + str(questState))
lang	peace.nme	4324	글 안	questState	출력	그밖	①값	show questName · questState	print(str(questName) + " · " + str(questState))
lang	roulette.en.nme	56	글 안	name	출력	글자/물어본글	①값	show Hello, name! Today the wheel of fortune awaits you	print("Hello, " + str(name) + "! Today the wheel of fortune awaits you")
lang	roulette.en.nme	78	글 안	credits	출력	셈한값/숫자	①값	show "Your balance is " + str(credits) + " credits"	print("Your balance is " + str(credits) + " credits")
lang	roulette.en.nme	79	글 안	totalSpins	출력	셈한값/숫자	①값	show "Today's record is " + str(totalSpins) + " spins"	print("Today's record is " + str(totalSpins) + " spins")
lang	roulette.en.nme	80	글 안	winCount	출력	셈한값/숫자	①값	show "You have won " + str(winCount) + " rounds and lost " + str(lossCount) + " rounds"	print("You have won " + str(winCount) + " rounds and lost " + str(lossCount) + " rounds")
lang	roulette.en.nme	80	글 안	lossCount	출력	셈한값/숫자	①값	show "You have won " + str(winCount) + " rounds and lost " + str(lossCount) + " rounds"	print("You have won " + str(winCount) + " rounds and lost " + str(lossCount) + " rounds")
lang	roulette.en.nme	332	글 안	ballNumber	출력	그밖/숫자	①값	show "The winning number is " + str(ballNumber) + "!"	print("The winning number is " + str(ballNumber) + "!")
lang	roulette.en.nme	334	글 안	betAmount	출력	물어본숫자/숫자	①값	show "Your bet was " + str(betAmount) + " credits"	print("Your bet was " + str(betAmount) + " credits")
lang	roulette.en.nme	341	비교의 오른쪽	betNumber	조건	물어본숫자/숫자	①값	if ballNumber equals betNumber	if (ballNumber == betNumber):
lang	roulette.en.nme	347	비교의 오른쪽	betColor	조건	글자	①값	if ballColor equals betColor	if (ballColor == betColor):
lang	roulette.en.nme	352	비교의 오른쪽	betParity	조건	글자	①값	if ballParity equals betParity	if (ballParity == betParity):
lang	roulette.en.nme	357	비교의 오른쪽	betZone	조건	글자	①값	if ballZone equals betZone	if (ballZone == betZone):
lang	roulette.en.nme	362	비교의 오른쪽	betColumn	조건	글자	①값	if ballColumn equals betColumn	if (ballColumn == betColumn):
lang	roulette.en.nme	379	글 안	winnings	출력	그밖/셈한값/숫자	①값	show "You won! The winnings are " + str(winnings) + " credits"	print("You won! The winnings are " + str(winnings) + " credits")
lang	roulette.en.nme	390	글 안	jackpot	출력	숫자	①값	show The miracle of 35x odds! The top jackpot record is renewed	print("The miracle of 35x odds! The top " + str(jackpot) + " record is renewed")
lang	roulette.en.nme	408	글 안	credits	출력	셈한값/숫자	①값	show "Your balance is " + str(credits) + " credits"	print("Your balance is " + str(credits) + " credits")
lang	roulette.en.nme	425	글 안	totalSpins	출력	셈한값/숫자	①값	show "Total bets: " + str(totalSpins)	print("Total bets: " + str(totalSpins))
lang	roulette.en.nme	426	글 안	winCount	출력	셈한값/숫자	①값	show "Rounds won: " + str(winCount)	print("Rounds won: " + str(winCount))
lang	roulette.en.nme	427	글 안	lossCount	출력	셈한값/숫자	①값	show "Rounds lost: " + str(lossCount)	print("Rounds lost: " + str(lossCount))
lang	roulette.en.nme	428	글 안	topJackpot	출력	그밖/숫자	①값	show "Top jackpot: " + str(topJackpot) + " credits"	print("Top jackpot: " + str(topJackpot) + " credits")
lang	roulette.en.nme	429	글 안	topCredits	출력	그밖/숫자	①값	show "Top balance: " + str(topCredits) + " credits"	print("Top balance: " + str(topCredits) + " credits")
lang	roulette.en.nme	445	글 안	credits	출력	셈한값/숫자	①값	show "Big win! You beat the casino today and finish with " + str(credits) + " credits"	print("Big win! You beat the casino today and finish with " + str(credits) + " credits")
lang	roulette.en.nme	450	비교의 오른쪽	startCredits	조건	그밖/숫자	①값	if credits equals startCredits	if (credits == startCredits):
lang	roulette.en.nme	453	글 안	topJackpot	출력	그밖/숫자	①값	show "The top jackpot record is " + str(topJackpot) + " credits"	print("The top jackpot record is " + str(topJackpot) + " credits")
lang	roulette.en.nme	462	글 안	name	그밖	글자/물어본글	①값	repeat 3 times and show Goodbye, name!	for _ in range(3): print("Goodbye, " + str(name) + "!")
lang	roulette.nme	53	글 안	이름	출력	글자/물어본글	①값	안녕하세요 이름님! 오늘은 행운의 수레바퀴가 당신을 기다립니다 말해줘	print("안녕하세요 " + str(이름) + "님! 오늘은 행운의 수레바퀴가 당신을 기다립니다")
lang	roulette.nme	75	글 안	보유크레딧	출력	셈한값/숫자	①값	잔고는 보유크레딧 크레딧이에요 말해줘	print("잔고는 " + str(보유크레딧) + " 크레딧이에요")
lang	roulette.nme	76	글 안	총스핀	출력	셈한값/숫자	①값	오늘 기록은 총 총스핀 번이에요 말해줘	print("오늘 기록은 총 " + str(총스핀) + " 번이에요")
lang	roulette.nme	77	글 안	승리수	출력	셈한값/숫자	①값	승리는 승리수 판 패배는 패배수 판이에요 말해줘	print("승리는 " + str(승리수) + " 판 패배는 " + str(패배수) + " 판이에요")
lang	roulette.nme	77	글 안	패배수	출력	셈한값/숫자	①값	승리는 승리수 판 패배는 패배수 판이에요 말해줘	print("승리는 " + str(승리수) + " 판 패배는 " + str(패배수) + " 판이에요")
lang	roulette.nme	329	글 안	공번호	출력	그밖/숫자	①값	당첨 번호는 공번호! 말해줘	print("당첨 번호는 " + str(공번호) + "!")
lang	roulette.nme	330	글 안	공색깔	출력	글자	①값	공의 색깔은 공색깔이에요 말해줘	print("공의 색깔은 " + str(공색깔) + "이에요")
lang	roulette.nme	331	글 안	배팅금액	출력	물어본숫자/숫자	①값	당신의 배팅은 배팅금액 크레딧이었어요 말해줘	print("당신의 배팅은 " + str(배팅금액) + " 크레딧이었어요")
lang	roulette.nme	338	비교의 오른쪽	배팅숫자	조건	물어본숫자/숫자	①값	만약에 공번호가 배팅숫자와 같으면	if (공번호 == 배팅숫자):
lang	roulette.nme	344	비교의 오른쪽	배팅색깔	조건	글자	①값	만약에 공색깔이 배팅색깔과 같으면	if (공색깔 == 배팅색깔):
lang	roulette.nme	349	비교의 오른쪽	배팅성질	조건	글자	①값	만약에 공성질이 배팅성질과 같으면	if (공성질 == 배팅성질):
lang	roulette.nme	354	비교의 오른쪽	배팅구역값	조건	글자	①값	만약에 공구역이 배팅구역값과 같으면	if (공구역 == 배팅구역값):
lang	roulette.nme	359	비교의 오른쪽	배팅줄값	조건	글자	①값	만약에 공줄이 배팅줄값과 같으면	if (공줄 == 배팅줄값):
lang	roulette.nme	376	글 안	당첨금	출력	그밖/셈한값/숫자	①값	승리하셨습니다! 상금은 당첨금 크레딧이에요 말해줘	print("승리하셨습니다! 상금은 " + str(당첨금) + " 크레딧이에요")
lang	roulette.nme	394	글 안	이름	출력	글자/물어본글	①값	3연승! 오늘 이름님은 무적입니다 말해줘	print("3연승! 오늘 " + str(이름) + "님은 무적입니다")
lang	roulette.nme	405	글 안	보유크레딧	출력	셈한값/숫자	①값	잔고는 보유크레딧 크레딧이에요 말해줘	print("잔고는 " + str(보유크레딧) + " 크레딧이에요")
lang	roulette.nme	422	글 안	총스핀	출력	셈한값/숫자	①값	총 배팅 횟수는 총스핀 번이에요 말해줘	print("총 배팅 횟수는 " + str(총스핀) + " 번이에요")
lang	roulette.nme	423	글 안	승리수	출력	셈한값/숫자	①값	이긴 판수는 승리수 판이에요 말해줘	print("이긴 판수는 " + str(승리수) + " 판이에요")
lang	roulette.nme	424	글 안	패배수	출력	셈한값/숫자	①값	진 판수는 패배수 판이에요 말해줘	print("진 판수는 " + str(패배수) + " 판이에요")
lang	roulette.nme	425	글 안	최고잭팟	출력	그밖/숫자	①값	최고 잭팟은 최고잭팟 크레딧이에요 말해줘	print("최고 잭팟은 " + str(최고잭팟) + " 크레딧이에요")
lang	roulette.nme	426	글 안	최고크레딧	출력	그밖/숫자	①값	최고 잔고는 최고크레딧 크레딧이에요 말해줘	print("최고 잔고는 " + str(최고크레딧) + " 크레딧이에요")
lang	roulette.nme	440	글 안	이름	출력	글자/물어본글	①값	이름님 오늘의 결산입니다 말해줘	print(str(이름) + "님 오늘의 결산입니다")
lang	roulette.nme	442	글 안	보유크레딧	출력	셈한값/숫자	①값	대박입니다! 오늘은 카지노를 이겼어요 보유크레딧 크레딧으로 마무리했습니다 말해줘	print("대박입니다! 오늘은 카지노를 이겼어요 " + str(보유크레딧) + " 크레딧으로 마무리했습니다")
lang	roulette.nme	447	비교의 오른쪽	시작크레딧	조건	그밖/숫자	①값	만약에 보유크레딧이 시작크레딧과 같으면	if (보유크레딧 == 시작크레딧):
lang	roulette.nme	450	글 안	최고잭팟	출력	그밖/숫자	①값	최고 잭팟 기록은 최고잭팟 크레딧이에요 말해줘	print("최고 잭팟 기록은 " + str(최고잭팟) + " 크레딧이에요")
lang	roulette.nme	459	글 안	이름	그밖	글자/물어본글	①값	3번 반복해서 안녕히 가세요 이름님! 말해줘	for _ in range(3): print("안녕히 가세요 " + str(이름) + "님!")
lang	rpg-tower.en.nme	64	글 안	heroName	출력	글자/물어본글	①값	show heroName · heroKind · step rank	print(str(heroName) + " · " + str(heroKind) + " · step " + str(rank))
lang	rpg-tower.en.nme	64	글 안	heroKind	출력	글자	①값	show heroName · heroKind · step rank	print(str(heroName) + " · " + str(heroKind) + " · step " + str(rank))
lang	rpg-tower.en.nme	64	글 안	rank	출력	셈한값/숫자	①값	show heroName · heroKind · step rank	print(str(heroName) + " · " + str(heroKind) + " · step " + str(rank))
lang	rpg-tower.en.nme	65	글 안	heroHit	출력	셈한값/숫자	①값	show arm heroHit · shield heroGuard · spark heroSpark	print("arm " + str(heroHit) + " · shield " + str(heroGuard) + " · spark " + str(heroSpark))
lang	rpg-tower.en.nme	65	글 안	heroGuard	출력	셈한값/숫자	①값	show arm heroHit · shield heroGuard · spark heroSpark	print("arm " + str(heroHit) + " · shield " + str(heroGuard) + " · spark " + str(heroSpark))
lang	rpg-tower.en.nme	65	글 안	heroSpark	출력	셈한값/숫자	①값	show arm heroHit · shield heroGuard · spark heroSpark	print("arm " + str(heroHit) + " · shield " + str(heroGuard) + " · spark " + str(heroSpark))
lang	rpg-tower.en.nme	66	글 안	heroLife	출력	그밖/셈한값	①값	show life heroLife / heroMax · flasks heroFlask · coins purse	print("life " + str(heroLife) + " / " + str(heroMax) + " · flasks " + str(heroFlask) + " · coins " + str(purse))
lang	rpg-tower.en.nme	66	글 안	heroMax	출력	셈한값/숫자	①값	show life heroLife / heroMax · flasks heroFlask · coins purse	print("life " + str(heroLife) + " / " + str(heroMax) + " · flasks " + str(heroFlask) + " · coins " + str(purse))
lang	rpg-tower.en.nme	66	글 안	heroFlask	출력	셈한값/숫자	①값	show life heroLife / heroMax · flasks heroFlask · coins purse	print("life " + str(heroLife) + " / " + str(heroMax) + " · flasks " + str(heroFlask) + " · coins " + str(purse))
lang	rpg-tower.en.nme	66	글 안	purse	출력	셈한값/숫자	①값	show life heroLife / heroMax · flasks heroFlask · coins purse	print("life " + str(heroLife) + " / " + str(heroMax) + " · flasks " + str(heroFlask) + " · coins " + str(purse))
lang	rpg-tower.en.nme	77	글 안	floorNumber	출력	셈한값/숫자	①값	say in the middle floor floorNumber	print((lambda _t: " " * max(0, (40 - sum(2 if __import__("unicodedata").east_asian_width(_c) in "WF" else 1 for _c in _t
lang	rpg-tower.en.nme	107	글 안	foeName	출력	그밖/글자	①값	show foeName steps into the way.	print(str(foeName) + " steps into the way.")
lang	rpg-tower.en.nme	113	글 안	foeName	출력	그밖/글자	①값	show against foeName · left foeLife / foeMax	print("against " + str(foeName) + " · left " + str(foeLife) + " / " + str(foeMax))
lang	rpg-tower.en.nme	113	글 안	foeLife	출력	그밖/셈한값	①값	show against foeName · left foeLife / foeMax	print("against " + str(foeName) + " · left " + str(foeLife) + " / " + str(foeMax))
lang	rpg-tower.en.nme	113	글 안	foeMax	출력	숫자	①값	show against foeName · left foeLife / foeMax	print("against " + str(foeName) + " · left " + str(foeLife) + " / " + str(foeMax))
lang	rpg-tower.en.nme	114	글 안	heroLife	출력	그밖/셈한값	①값	show yours heroLife / heroMax · spark heroSpark · flasks heroFlask	print("yours " + str(heroLife) + " / " + str(heroMax) + " · spark " + str(heroSpark) + " · flasks " + str(heroFlask))
lang	rpg-tower.en.nme	114	글 안	heroMax	출력	셈한값/숫자	①값	show yours heroLife / heroMax · spark heroSpark · flasks heroFlask	print("yours " + str(heroLife) + " / " + str(heroMax) + " · spark " + str(heroSpark) + " · flasks " + str(heroFlask))
lang	rpg-tower.en.nme	114	글 안	heroSpark	출력	셈한값/숫자	①값	show yours heroLife / heroMax · spark heroSpark · flasks heroFlask	print("yours " + str(heroLife) + " / " + str(heroMax) + " · spark " + str(heroSpark) + " · flasks " + str(heroFlask))
lang	rpg-tower.en.nme	114	글 안	heroFlask	출력	셈한값/숫자	①값	show yours heroLife / heroMax · spark heroSpark · flasks heroFlask	print("yours " + str(heroLife) + " / " + str(heroMax) + " · spark " + str(heroSpark) + " · flasks " + str(heroFlask))
lang	rpg-tower.en.nme	126	글 안	dealt	출력	그밖/셈한값	①값	show Blue fire bites for dealt.	print("Blue fire bites for " + str(dealt) + ".")
lang	rpg-tower.en.nme	169	글 안	dealt	출력	그밖/셈한값	①값	show Your blow lands for dealt.	print("Your blow lands for " + str(dealt) + ".")
lang	rpg-tower.en.nme	175	글 안	foeName	출력	그밖/글자	①값	show foeName goes down.	print(str(foeName) + " goes down.")
lang	rpg-tower.en.nme	186	글 안	foeName	출력	그밖/글자	①값	show The answer from foeName costs you taken.	print("The answer from " + str(foeName) + " costs you " + str(taken) + ".")
lang	rpg-tower.en.nme	186	글 안	taken	출력	그밖/셈한값/숫자	①값	show The answer from foeName costs you taken.	print("The answer from " + str(foeName) + " costs you " + str(taken) + ".")
lang	rpg-tower.en.nme	204	글 안	prizeGold	출력	숫자	①값	show won prizeGold coins · lesson prizeWisdom	print("won " + str(prizeGold) + " coins · lesson " + str(prizeWisdom))
lang	rpg-tower.en.nme	204	글 안	prizeWisdom	출력	숫자	①값	show won prizeGold coins · lesson prizeWisdom	print("won " + str(prizeGold) + " coins · lesson " + str(prizeWisdom))
lang	rpg-tower.en.nme	216	글 안	rank	출력	셈한값/숫자	①값	say in a box you are step rank now	print((lambda _t: (lambda _w: "┌" + "─" * (_w + 2) + "┐\n│ " + _t + " │\n└" + "─" * (_w + 2) + "┘")(sum(2 if __import__(
lang	rpg-tower.en.nme	228	글 안	purse	출력	셈한값/숫자	①값	show purse coins in hand.	print(str(purse) + " coins in hand.")
lang	rpg-tower.en.nme	289	글 안	heroName	출력	글자/물어본글	①값	show heroName · heroKind · step rank · up to floor floorNumber	print(str(heroName) + " · " + str(heroKind) + " · step " + str(rank) + " · up to floor " + str(floorNumber))
lang	rpg-tower.en.nme	289	글 안	heroKind	출력	글자	①값	show heroName · heroKind · step rank · up to floor floorNumber	print(str(heroName) + " · " + str(heroKind) + " · step " + str(rank) + " · up to floor " + str(floorNumber))
lang	rpg-tower.en.nme	289	글 안	rank	출력	셈한값/숫자	①값	show heroName · heroKind · step rank · up to floor floorNumber	print(str(heroName) + " · " + str(heroKind) + " · step " + str(rank) + " · up to floor " + str(floorNumber))
lang	rpg-tower.en.nme	289	글 안	floorNumber	출력	셈한값/숫자	①값	show heroName · heroKind · step rank · up to floor floorNumber	print(str(heroName) + " · " + str(heroKind) + " · step " + str(rank) + " · up to floor " + str(floorNumber))
lang	rpg-tower.ko.nme	64	글 안	용사이름	출력	글자/물어본글	①값	용사이름 · 직업이름 · 레벨 단계 말해줘	print(str(용사이름) + " · " + str(직업이름) + " · " + str(레벨) + " 단계")
lang	rpg-tower.ko.nme	64	글 안	직업이름	출력	글자	①값	용사이름 · 직업이름 · 레벨 단계 말해줘	print(str(용사이름) + " · " + str(직업이름) + " · " + str(레벨) + " 단계")
lang	rpg-tower.ko.nme	64	글 안	레벨	출력	셈한값/숫자	①값	용사이름 · 직업이름 · 레벨 단계 말해줘	print(str(용사이름) + " · " + str(직업이름) + " · " + str(레벨) + " 단계")
lang	rpg-tower.ko.nme	65	글 안	용사공격	출력	셈한값/숫자	①값	힘 용사공격 · 방패 용사방어 · 기운 용사마나 말해줘	print("힘 " + str(용사공격) + " · 방패 " + str(용사방어) + " · 기운 " + str(용사마나))
lang	rpg-tower.ko.nme	65	글 안	용사방어	출력	셈한값/숫자	①값	힘 용사공격 · 방패 용사방어 · 기운 용사마나 말해줘	print("힘 " + str(용사공격) + " · 방패 " + str(용사방어) + " · 기운 " + str(용사마나))
lang	rpg-tower.ko.nme	65	글 안	용사마나	출력	셈한값/숫자	①값	힘 용사공격 · 방패 용사방어 · 기운 용사마나 말해줘	print("힘 " + str(용사공격) + " · 방패 " + str(용사방어) + " · 기운 " + str(용사마나))
lang	rpg-tower.ko.nme	66	글 안	용사체력	출력	그밖/셈한값	①값	생명 용사체력 / 용사최대체력 · 약병 용사약병 개 · 주머니 금화 냥 말해줘	print("생명 " + str(용사체력) + " / " + str(용사최대체력) + " · 약병 " + str(용사약병) + " 개 · 주머니 " + str(금화) + " 냥")
lang	rpg-tower.ko.nme	66	글 안	용사최대체력	출력	셈한값/숫자	①값	생명 용사체력 / 용사최대체력 · 약병 용사약병 개 · 주머니 금화 냥 말해줘	print("생명 " + str(용사체력) + " / " + str(용사최대체력) + " · 약병 " + str(용사약병) + " 개 · 주머니 " + str(금화) + " 냥")
lang	rpg-tower.ko.nme	66	글 안	용사약병	출력	셈한값/숫자	①값	생명 용사체력 / 용사최대체력 · 약병 용사약병 개 · 주머니 금화 냥 말해줘	print("생명 " + str(용사체력) + " / " + str(용사최대체력) + " · 약병 " + str(용사약병) + " 개 · 주머니 " + str(금화) + " 냥")
lang	rpg-tower.ko.nme	66	글 안	금화	출력	셈한값/숫자	①값	생명 용사체력 / 용사최대체력 · 약병 용사약병 개 · 주머니 금화 냥 말해줘	print("생명 " + str(용사체력) + " / " + str(용사최대체력) + " · 약병 " + str(용사약병) + " 개 · 주머니 " + str(금화) + " 냥")
lang	rpg-tower.ko.nme	77	글 안	층수	출력	셈한값/숫자	①값	가운데 말해줘 층수 층	print((lambda _t: " " * max(0, (40 - sum(2 if __import__("unicodedata").east_asian_width(_c) in "WF" else 1 for _c in _t
lang	rpg-tower.ko.nme	107	글 안	적이름	출력	그밖/글자	①값	앞을 막아선 것 — 적이름 말해줘	print("앞을 막아선 것 — " + str(적이름))
lang	rpg-tower.ko.nme	113	글 안	적이름	출력	그밖/글자	①값	상대 적이름 · 남은 힘 적체력 / 적최대체력 말해줘	print("상대 " + str(적이름) + " · 남은 힘 " + str(적체력) + " / " + str(적최대체력))
lang	rpg-tower.ko.nme	113	글 안	적체력	출력	그밖/셈한값	①값	상대 적이름 · 남은 힘 적체력 / 적최대체력 말해줘	print("상대 " + str(적이름) + " · 남은 힘 " + str(적체력) + " / " + str(적최대체력))
lang	rpg-tower.ko.nme	113	글 안	적최대체력	출력	숫자	①값	상대 적이름 · 남은 힘 적체력 / 적최대체력 말해줘	print("상대 " + str(적이름) + " · 남은 힘 " + str(적체력) + " / " + str(적최대체력))
lang	rpg-tower.ko.nme	114	글 안	용사체력	출력	그밖/셈한값	①값	아군 용사체력 / 용사최대체력 · 기운 용사마나 · 약병 용사약병 개 말해줘	print("아군 " + str(용사체력) + " / " + str(용사최대체력) + " · 기운 " + str(용사마나) + " · 약병 " + str(용사약병) + " 개")
lang	rpg-tower.ko.nme	114	글 안	용사최대체력	출력	셈한값/숫자	①값	아군 용사체력 / 용사최대체력 · 기운 용사마나 · 약병 용사약병 개 말해줘	print("아군 " + str(용사체력) + " / " + str(용사최대체력) + " · 기운 " + str(용사마나) + " · 약병 " + str(용사약병) + " 개")
lang	rpg-tower.ko.nme	114	글 안	용사마나	출력	셈한값/숫자	①값	아군 용사체력 / 용사최대체력 · 기운 용사마나 · 약병 용사약병 개 말해줘	print("아군 " + str(용사체력) + " / " + str(용사최대체력) + " · 기운 " + str(용사마나) + " · 약병 " + str(용사약병) + " 개")
lang	rpg-tower.ko.nme	114	글 안	용사약병	출력	셈한값/숫자	①값	아군 용사체력 / 용사최대체력 · 기운 용사마나 · 약병 용사약병 개 말해줘	print("아군 " + str(용사체력) + " / " + str(용사최대체력) + " · 기운 " + str(용사마나) + " · 약병 " + str(용사약병) + " 개")
lang	rpg-tower.ko.nme	126	글 안	준피해	출력	그밖/셈한값	①값	푸른 불꽃이 준피해 만큼 파고들었습니다. 말해줘	print("푸른 불꽃이 " + str(준피해) + " 만큼 파고들었습니다.")
lang	rpg-tower.ko.nme	169	글 안	준피해	출력	그밖/셈한값	①값	준피해 만큼 베었습니다. 말해줘	print(str(준피해) + " 만큼 베었습니다.")
lang	rpg-tower.ko.nme	175	글 안	적이름	출력	그밖/글자	①값	쓰러진 것 — 적이름 말해줘	print("쓰러진 것 — " + str(적이름))
lang	rpg-tower.ko.nme	186	글 안	적이름	출력	그밖/글자	①값	적이름의 반격이 받은피해 만큼 들어왔습니다. 말해줘	print(str(적이름) + "의 반격이 " + str(받은피해) + " 만큼 들어왔습니다.")
lang	rpg-tower.ko.nme	186	글 안	받은피해	출력	그밖/셈한값/숫자	①값	적이름의 반격이 받은피해 만큼 들어왔습니다. 말해줘	print(str(적이름) + "의 반격이 " + str(받은피해) + " 만큼 들어왔습니다.")
lang	rpg-tower.ko.nme	204	글 안	보상금화	출력	숫자	①값	노획 보상금화 냥 · 경험 보상경험치 말해줘	print("노획 " + str(보상금화) + " 냥 · 경험 " + str(보상경험치))
lang	rpg-tower.ko.nme	204	글 안	보상경험치	출력	숫자	①값	노획 보상금화 냥 · 경험 보상경험치 말해줘	print("노획 " + str(보상금화) + " 냥 · 경험 " + str(보상경험치))
lang	rpg-tower.ko.nme	216	글 안	레벨	출력	셈한값/숫자	①값	상자로 말해줘 이제 레벨 단계입니다	print((lambda _t: (lambda _w: "┌" + "─" * (_w + 2) + "┐\n│ " + _t + " │\n└" + "─" * (_w + 2) + "┘")(sum(2 if __import__(
lang	rpg-tower.ko.nme	228	글 안	금화	출력	셈한값/숫자	①값	주머니에 금화 냥 있습니다. 말해줘	print("주머니에 " + str(금화) + " 냥 있습니다.")
lang	rpg-tower.ko.nme	289	글 안	용사이름	출력	글자/물어본글	①값	용사이름 · 직업이름 · 레벨 단계 · 층수 층까지 말해줘	print(str(용사이름) + " · " + str(직업이름) + " · " + str(레벨) + " 단계 · " + str(층수) + " 층까지")
lang	rpg-tower.ko.nme	289	글 안	직업이름	출력	글자	①값	용사이름 · 직업이름 · 레벨 단계 · 층수 층까지 말해줘	print(str(용사이름) + " · " + str(직업이름) + " · " + str(레벨) + " 단계 · " + str(층수) + " 층까지")
lang	rpg-tower.ko.nme	289	글 안	레벨	출력	셈한값/숫자	①값	용사이름 · 직업이름 · 레벨 단계 · 층수 층까지 말해줘	print(str(용사이름) + " · " + str(직업이름) + " · " + str(레벨) + " 단계 · " + str(층수) + " 층까지")
lang	rpg-tower.ko.nme	289	글 안	층수	출력	셈한값/숫자	①값	용사이름 · 직업이름 · 레벨 단계 · 층수 층까지 말해줘	print(str(용사이름) + " · " + str(직업이름) + " · " + str(레벨) + " 단계 · " + str(층수) + " 층까지")
lang	three-levels.ko.nme	12	글 안	person	출력	모름	①값	안녕하세요 person! 말해줘                # 문장형 한국어	print("안녕하세요 " + str(person) + "!")                # 문장형 한국어
lang	three-levels.nme	12	글 안	person	출력	모름	①값	show Hello person!                    # sentence English	print("Hello " + str(person) + "!")                    # sentence English
lang	time-loop-beginner.ko.nme	51	글 안	루프수	출력	셈한값/숫자	①값	말해 "시간이 되감깁니다 오늘은 " + str(루프수) + " 번째 루프예요"	print("시간이 되감깁니다 오늘은 " + str(루프수) + " 번째 루프예요")
lang	time-loop-beginner.ko.nme	52	글 안	남은루프	출력	셈한값/숫자	①값	말해 "남은 기회는 " + str(남은루프) + "예요"	print("남은 기회는 " + str(남은루프) + "예요")
lang	time-loop-beginner.ko.nme	91	비교의 오른쪽	범인이름	조건	글자	①값	만약 대상이름 == 범인이름:	if (대상이름 == 범인이름):
lang	time-loop-beginner.ko.nme	103	비교의 오른쪽	범인이름	조건	글자	①값	만약 대상이름 == 범인이름:	if (대상이름 == 범인이름):
lang	time-loop-beginner.ko.nme	115	비교의 오른쪽	범인이름	조건	글자	①값	만약 대상이름 == 범인이름:	if (대상이름 == 범인이름):
lang	time-loop-beginner.ko.nme	127	비교의 오른쪽	범인이름	조건	글자	①값	만약 대상이름 == 범인이름:	if (대상이름 == 범인이름):
lang	time-loop-beginner.ko.nme	139	비교의 오른쪽	범인이름	조건	글자	①값	만약 대상이름 == 범인이름:	if (대상이름 == 범인이름):
lang	time-loop-beginner.ko.nme	179	비교의 오른쪽	범인이름	조건	글자	①값	만약 지목자 == 범인이름:	if (지목자 == 범인이름):
lang	time-loop-beginner.ko.nme	196	글 안	승리루프	출력	그밖/숫자	①값	말해 "완벽 승리입니다 " + str(승리루프) + " 루프 만에 진범을 잡았어요"	print("완벽 승리입니다 " + str(승리루프) + " 루프 만에 진범을 잡았어요")
lang	time-loop-beginner.nme	51	글 안	loop_count	출력	셈한값/숫자	①값	say "Time rewinds - this is loop " + str(loop_count)	print("Time rewinds - this is loop " + str(loop_count))
lang	time-loop-beginner.nme	52	글 안	left_loops	출력	셈한값/숫자	①값	say "You have " + str(left_loops) + " chances remaining"	print("You have " + str(left_loops) + " chances remaining")
lang	time-loop-beginner.nme	91	비교의 오른쪽	culprit_name	조건	글자	①값	when subject == culprit_name:	if (subject == culprit_name):
lang	time-loop-beginner.nme	103	비교의 오른쪽	culprit_name	조건	글자	①값	when subject == culprit_name:	if (subject == culprit_name):
lang	time-loop-beginner.nme	115	비교의 오른쪽	culprit_name	조건	글자	①값	when subject == culprit_name:	if (subject == culprit_name):
lang	time-loop-beginner.nme	127	비교의 오른쪽	culprit_name	조건	글자	①값	when subject == culprit_name:	if (subject == culprit_name):
lang	time-loop-beginner.nme	139	비교의 오른쪽	culprit_name	조건	글자	①값	when subject == culprit_name:	if (subject == culprit_name):
lang	time-loop-beginner.nme	179	비교의 오른쪽	culprit_name	조건	글자	①값	when accuser == culprit_name:	if (accuser == culprit_name):
lang	time-loop-beginner.nme	196	글 안	win_loop	출력	그밖/숫자	①값	say "Perfect win! You caught the culprit on loop " + str(win_loop)	print("Perfect win! You caught the culprit on loop " + str(win_loop))
lang	time-loop-python.en.nme	83	비교의 오른쪽	culprit_name	조건	그밖	①값	if subject == culprit_name:	if subject == culprit_name:
lang	time-loop-python.en.nme	118	비교의 오른쪽	culprit_name	조건	그밖	①값	if accuser == culprit_name:	if accuser == culprit_name:
lang	time-loop-python.nme	83	비교의 오른쪽	범인이름	조건	그밖	①값	if 대상이름 == 범인이름:	if 대상이름 == 범인이름:
lang	time-loop-python.nme	118	비교의 오른쪽	범인이름	조건	그밖	①값	if 지목자 == 범인이름:	if 지목자 == 범인이름:
lang	time-loop-sentence.ko.nme	53	글 안	범인이름	출력	그밖/글자	①값	게임 오버입니다 진범은 범인이름이에요 말해줘	print("게임 오버입니다 진범은 " + str(범인이름) + "이에요")
lang	time-loop-sentence.ko.nme	57	글 안	루프수	출력	셈한값/숫자	①값	시간이 되감깁니다 오늘은 루프수 번째 루프예요 말해줘	print("시간이 되감깁니다 오늘은 " + str(루프수) + " 번째 루프예요")
lang	time-loop-sentence.ko.nme	58	글 안	남은루프	출력	셈한값/숫자	①값	남은 기회는 남은루프예요 말해줘	print("남은 기회는 " + str(남은루프) + "예요")
lang	time-loop-sentence.ko.nme	110	비교의 오른쪽	범인이름	조건	그밖/글자	①값	만약에 대상이름이 범인이름과 같으면	if (대상이름 == 범인이름):
lang	time-loop-sentence.ko.nme	127	비교의 오른쪽	범인이름	조건	그밖/글자	①값	만약에 대상이름이 범인이름과 같으면	if (대상이름 == 범인이름):
lang	time-loop-sentence.ko.nme	144	비교의 오른쪽	범인이름	조건	그밖/글자	①값	만약에 대상이름이 범인이름과 같으면	if (대상이름 == 범인이름):
lang	time-loop-sentence.ko.nme	161	비교의 오른쪽	범인이름	조건	그밖/글자	①값	만약에 대상이름이 범인이름과 같으면	if (대상이름 == 범인이름):
lang	time-loop-sentence.ko.nme	178	비교의 오른쪽	범인이름	조건	그밖/글자	①값	만약에 대상이름이 범인이름과 같으면	if (대상이름 == 범인이름):
lang	time-loop-sentence.ko.nme	221	글 안	범인이름	출력	그밖/글자	①값	22시 영상입니다 실험실 문이 열리고 누군가 빠져나갔어요! 바로 범인이름이에요 말해줘	print("22시 영상입니다 실험실 문이 열리고 누군가 빠져나갔어요! 바로 " + str(범인이름) + "이에요")
lang	time-loop-sentence.ko.nme	238	비교의 오른쪽	범인이름	조건	그밖/글자	①값	만약에 지목자가 범인이름과 같으면	if (지목자 == 범인이름):
lang	time-loop-sentence.ko.nme	241	글 안	범인이름	출력	그밖/글자	①값	정확합니다 범인은 범인이름이에요! 말해줘	print("정확합니다 범인은 " + str(범인이름) + "이에요!")
lang	time-loop-sentence.ko.nme	260	글 안	루프수	출력	셈한값/숫자	①값	완벽 승리입니다 루프수 루프 만에 진범을 잡았어요 말해줘	print("완벽 승리입니다 " + str(루프수) + " 루프 만에 진범을 잡았어요")
lang	time-loop-sentence.nme	53	글 안	name	출력	그밖/글자	①값	show Game over - the real culprit was name	print("Game over - the real culprit was " + str(name))
lang	time-loop-sentence.nme	57	글 안	loops	출력	셈한값/숫자	①값	show Time rewinds - this is loop loops	print("Time rewinds - this is loop " + str(loops))
lang	time-loop-sentence.nme	58	글 안	left	출력	셈한값/숫자	①값	show You have left chances remaining	print("You have " + str(left) + " chances remaining")
lang	time-loop-sentence.nme	96	비교의 오른쪽	name	조건	그밖/글자	①값	if subject equals name	if (subject == name):
lang	time-loop-sentence.nme	97	글 안	subject	출력	글자	①값	show subject said they were in the command room at 22:00, but their voice trembled	print(str(subject) + " said they were in the command room at 22:00, but their voice trembled")
lang	time-loop-sentence.nme	102	글 안	subject	출력	글자	①값	show subject said they were writing reports in the command room at 22:00	print(str(subject) + " said they were writing reports in the command room at 22:00")
lang	time-loop-sentence.nme	113	비교의 오른쪽	name	조건	그밖/글자	①값	if subject equals name	if (subject == name):
lang	time-loop-sentence.nme	114	글 안	subject	출력	글자	①값	show subject said they were checking the generator at 22:00, but their hands were greasy	print(str(subject) + " said they were checking the generator at 22:00, but their hands were greasy")
lang	time-loop-sentence.nme	119	글 안	subject	출력	글자	①값	show subject said they were checking the generator at 22:00	print(str(subject) + " said they were checking the generator at 22:00")
lang	time-loop-sentence.nme	130	비교의 오른쪽	name	조건	그밖/글자	①값	if subject equals name	if (subject == name):
lang	time-loop-sentence.nme	131	글 안	subject	출력	글자	①값	show subject said they were in the infirmary at 22:00, but the lights were off	print(str(subject) + " said they were in the infirmary at 22:00, but the lights were off")
lang	time-loop-sentence.nme	136	글 안	subject	출력	글자	①값	show subject said they were organizing records in the infirmary at 22:00	print(str(subject) + " said they were organizing records in the infirmary at 22:00")
lang	time-loop-sentence.nme	147	비교의 오른쪽	name	조건	그밖/글자	①값	if subject equals name	if (subject == name):
lang	time-loop-sentence.nme	148	글 안	subject	출력	글자	①값	show subject said they were backing up data at 22:00, but the backup log was erased	print(str(subject) + " said they were backing up data at 22:00, but the backup log was erased")
lang	time-loop-sentence.nme	153	글 안	subject	출력	글자	①값	show subject said they were backing up data at 22:00	print(str(subject) + " said they were backing up data at 22:00")
lang	time-loop-sentence.nme	164	비교의 오른쪽	name	조건	그밖/글자	①값	if subject equals name	if (subject == name):
lang	time-loop-sentence.nme	165	글 안	subject	출력	글자	①값	show subject said they were patrolling the corridor at 22:00, but there is no patrol log	print(str(subject) + " said they were patrolling the corridor at 22:00, but there is no patrol log")
lang	time-loop-sentence.nme	170	글 안	subject	출력	글자	①값	show subject said they were patrolling the corridor at 22:00	print(str(subject) + " said they were patrolling the corridor at 22:00")
lang	time-loop-sentence.nme	178	글 안	target	출력	물어본숫자	①값	show Invalid target number	print("Invalid " + str(target) + " number")
lang	time-loop-sentence.nme	181	글 안	target	출력	물어본숫자	①값	show Invalid target number	print("Invalid " + str(target) + " number")
lang	time-loop-sentence.nme	204	글 안	name	출력	그밖/글자	①값	show 22:00 footage - the lab door opened and someone slipped out! It was name!	print("22:00 footage - the lab door opened and someone slipped out! It was " + str(name) + "!")
lang	time-loop-sentence.nme	220	비교의 오른쪽	name	조건	그밖/글자	①값	if accuser equals name	if (accuser == name):
lang	time-loop-sentence.nme	223	글 안	name	출력	그밖/글자	①값	show Correct! The culprit is name!	print("Correct! The culprit is " + str(name) + "!")
lang	time-loop-sentence.nme	231	글 안	choice	출력	물어본숫자	①값	show Invalid choice	print("Invalid " + str(choice))
lang	time-loop-sentence.nme	234	글 안	choice	출력	물어본숫자	①값	show Invalid choice	print("Invalid " + str(choice))
lang	time-loop-sentence.nme	242	글 안	loops	출력	셈한값/숫자	①값	show Perfect win! You caught the culprit on loop loops	print("Perfect win! You caught the culprit on loop " + str(loops))
lang	zk-nizk-context.en.nme	5	글 안	문맥값	그밖	모름	①값	use zero_knowledge latest	import secrets as 영지식비밀난수; zk_prime = 영지식큰소수 = 0xFFFFFFFFFFFFFFFFC90FDAA22168C234C4C6628B80DC1CD129024E088A67CC74020BBEA
lang	zk-nizk-context.ko.nme	5	글 안	문맥값	그밖	글자	①값	영지식 사용 최신	import secrets as 영지식비밀난수; zk_prime = 영지식큰소수 = 0xFFFFFFFFFFFFFFFFC90FDAA22168C234C4C6628B80DC1CD129024E088A67CC74020BBEA
lang	zk-schnorr-relay.en.nme	5	글 안	문맥값	그밖	모름	①값	use zero_knowledge latest	import secrets as 영지식비밀난수; zk_prime = 영지식큰소수 = 0xFFFFFFFFFFFFFFFFC90FDAA22168C234C4C6628B80DC1CD129024E088A67CC74020BBEA
lang	zk-schnorr-relay.ko.nme	6	글 안	문맥값	그밖	모름	①값	영지식 사용 최신	import secrets as 영지식비밀난수; zk_prime = 영지식큰소수 = 0xFFFFFFFFFFFFFFFFC90FDAA22168C234C4C6628B80DC1CD129024E088A67CC74020BBEA
site	en--ask.nme	3	글 안	name	출력	물어본글	①값	show Hello name!	print("Hello " + str(name) + "!")
site	en--baseball.nme	22	글 안	turnsLeft	출력	셈한값/숫자	①값	show Turns to go — turnsLeft	print("Turns to go — " + str(turnsLeft))
site	en--baseball.nme	31	비교의 오른쪽	secretA	조건	그밖	①값	if guessA equals secretA	if (guessA == secretA):
site	en--baseball.nme	33	비교의 오른쪽	secretB	조건	그밖	①값	else if guessA equals secretB	elif (guessA == secretB):
site	en--baseball.nme	35	비교의 오른쪽	secretC	조건	그밖	①값	else if guessA equals secretC	elif (guessA == secretC):
site	en--baseball.nme	39	비교의 오른쪽	secretB	조건	그밖	①값	if guessB equals secretB	if (guessB == secretB):
site	en--baseball.nme	41	비교의 오른쪽	secretA	조건	그밖	①값	else if guessB equals secretA	elif (guessB == secretA):
site	en--baseball.nme	43	비교의 오른쪽	secretC	조건	그밖	①값	else if guessB equals secretC	elif (guessB == secretC):
site	en--baseball.nme	47	비교의 오른쪽	secretC	조건	그밖	①값	if guessC equals secretC	if (guessC == secretC):
site	en--baseball.nme	49	비교의 오른쪽	secretA	조건	그밖	①값	else if guessC equals secretA	elif (guessC == secretA):
site	en--baseball.nme	51	비교의 오른쪽	secretB	조건	그밖	①값	else if guessC equals secretB	elif (guessC == secretB):
site	en--baseball.nme	55	글 안	strikes	출력	셈한값/숫자	①값	show strikes strikes · balls balls	print("strikes " + str(strikes) + " · balls " + str(balls))
site	en--baseball.nme	55	글 안	balls	출력	셈한값/숫자	①값	show strikes strikes · balls balls	print("strikes " + str(strikes) + " · balls " + str(balls))
site	en--baseball.nme	66	글 안	secretA	출력	그밖	①값	show No turns left. It was secretA secretB secretC	print("No turns left. It was " + str(secretA) + " " + str(secretB) + " " + str(secretC))
site	en--baseball.nme	66	글 안	secretB	출력	그밖	①값	show No turns left. It was secretA secretB secretC	print("No turns left. It was " + str(secretA) + " " + str(secretB) + " " + str(secretC))
site	en--baseball.nme	66	글 안	secretC	출력	그밖	①값	show No turns left. It was secretA secretB secretC	print("No turns left. It was " + str(secretA) + " " + str(secretB) + " " + str(secretC))
site	en--coin.nme	9	글 안	nonce	대입	셈한값/숫자	①값	candidate = previous + str(nonce)	candidate = previous + str(nonce)
site	en--conditions.nme	6	글 안	name	조건	글자	①값	if name exists and hour is greater than 18 then show Good evening name!	if (name and hour > 18): print("Good evening " + str(name) + "!")
site	en--gradebook.nme	17	글 안	place	출력	모름	①값	show place · person · mark	print(str(place) + " · " + str(person) + " · " + str(mark))
site	en--gradebook.nme	17	글 안	person	출력	모름	①값	show place · person · mark	print(str(place) + " · " + str(person) + " · " + str(mark))
site	en--gradebook.nme	17	글 안	mark	출력	셈한값	①값	show place · person · mark	print(str(place) + " · " + str(person) + " · " + str(mark))
site	en--gradebook.nme	25	글 안	howMany	출력	그밖	①값	show howMany people · pot marks altogether	print(str(howMany) + " people · " + str(pot) + " marks altogether")
site	en--gradebook.nme	25	글 안	pot	출력	그밖	①값	show howMany people · pot marks altogether	print(str(howMany) + " people · " + str(pot) + " marks altogether")
site	en--gradebook.nme	26	글 안	topMark	출력	그밖	①값	show highest topMark · lowest lowMark	print("highest " + str(topMark) + " · lowest " + str(lowMark))
site	en--gradebook.nme	26	글 안	lowMark	출력	그밖	①값	show highest topMark · lowest lowMark	print("highest " + str(topMark) + " · lowest " + str(lowMark))
site	en--gradebook.nme	37	글 안	average	출력	셈한값/숫자	①값	show the average is average	print("the average is " + str(average))
site	en--guess.nme	5	비교의 오른쪽	answer	조건	그밖	①값	if guess equals answer	if (guess == answer):
site	en--levels.nme	12	글 안	person	출력	모름	①값	show Hello person!	print("Hello " + str(person) + "!")
site	en--list.nme	4	글 안	friend	출력	모름	①값	show Hello friend!	print("Hello " + str(friend) + "!")
site	en--memory.nme	26	글 안	turn	출력	셈한값/숫자	①값	show Round turn	print("Round " + str(turn))
site	en--memory.nme	33	글 안	reply	대입	물어본글	①값	set said to reply split by space	said = str(reply).split(" ")
site	en--memory.nme	35	비교의 오른쪽	shown	조건	목록	①값	if said equals shown	if (said == shown):
site	en--memory.nme	42	글 안	turn	출력	셈한값/숫자	①값	show You held turn of them.	print("You held " + str(turn) + " of them.")
site	en--peace.nme	99	글 안	titleWords	출력	모름	①값	say in the middle titleWords	print((lambda _t: " " * max(0, (40 - sum(2 if __import__("unicodedata").east_asian_width(_c) in "WF" else 1 for _c in _t
site	en--peace.nme	105	글 안	titleWords	출력	모름	①값	say in the middle titleWords	print((lambda _t: " " * max(0, (40 - sum(2 if __import__("unicodedata").east_asian_width(_c) in "WF" else 1 for _c in _t
site	en--peace.nme	112	글 안	fullCell	대입	글자	①값	set barText to fullCell repeated 0 times	barText = str(fullCell) * 0
site	en--peace.nme	144	글 안	shownGold	출력	셈한값/숫자	①값	show gold shownGold · silver shownSilver · bronze shownBronze	print("gold " + str(shownGold) + " · silver " + str(shownSilver) + " · bronze " + str(shownBronze))
site	en--peace.nme	144	글 안	shownSilver	출력	셈한값/숫자	①값	show gold shownGold · silver shownSilver · bronze shownBronze	print("gold " + str(shownGold) + " · silver " + str(shownSilver) + " · bronze " + str(shownBronze))
site	en--peace.nme	144	글 안	shownBronze	출력	그밖/셈한값	①값	show gold shownGold · silver shownSilver · bronze shownBronze	print("gold " + str(shownGold) + " · silver " + str(shownSilver) + " · bronze " + str(shownBronze))
site	en--peace.nme	194	글 안	blankRow	대입	글자	①값	set finishedCode to blankRow repeated 0 times	finishedCode = str(blankRow) * 0
site	en--peace.nme	326	글 안	heroName	대입	그밖/글자/물어본글	①값	set nameCheckPieces to heroName split by comma	nameCheckPieces = str(heroName).split(",")
site	en--peace.nme	743	글 안	saveText	대입	물어본글	①값	set savePieces to saveText split by comma	savePieces = str(saveText).split(",")
site	en--peace.nme	751	글 안	nameCell	대입	그밖	①값	set tidyName to nameCell repeated 0 times	tidyName = str(nameCell) * 0
site	en--peace.nme	883	비교의 오른쪽	gotCheckValue	조건	그밖	①값	if madeCheckValue is not equal to gotCheckValue	if (madeCheckValue != gotCheckValue):
site	en--peace.nme	910	글 안	heroName	출력	그밖/글자/물어본글	①값	show Loading is done. heroName picks the adventure up again on road regionNumber.	print("Loading is done. " + str(heroName) + " picks the adventure up again on road " + str(regionNumber) + ".")
site	en--peace.nme	910	글 안	regionNumber	출력	그밖/셈한값/숫자	①값	show Loading is done. heroName picks the adventure up again on road regionNumber.	print("Loading is done. " + str(heroName) + " picks the adventure up again on road " + str(regionNumber) + ".")
site	en--peace.nme	1299	글 안	heroName	출력	그밖/글자/물어본글	①값	show heroName · className · difficultyName difficulty	print(str(heroName) + " · " + str(className) + " · " + str(difficultyName) + " difficulty")
site	en--peace.nme	1299	글 안	className	출력	글자	①값	show heroName · className · difficultyName difficulty	print(str(heroName) + " · " + str(className) + " · " + str(difficultyName) + " difficulty")
site	en--peace.nme	1299	글 안	difficultyName	출력	글자	①값	show heroName · className · difficultyName difficulty	print(str(heroName) + " · " + str(className) + " · " + str(difficultyName) + " difficulty")
site	en--peace.nme	1300	글 안	classTrait	출력	글자	①값	show class trait · classTrait	print("class trait · " + str(classTrait))
site	en--peace.nme	1301	글 안	weaponName	출력	글자	①값	show weapon weaponName · armour armourName · charm charmName	print("weapon " + str(weaponName) + " · armour " + str(armourName) + " · charm " + str(charmName))
site	en--peace.nme	1301	글 안	armourName	출력	글자	①값	show weapon weaponName · armour armourName · charm charmName	print("weapon " + str(weaponName) + " · armour " + str(armourName) + " · charm " + str(charmName))
site	en--peace.nme	1301	글 안	charmName	출력	글자	①값	show weapon weaponName · armour armourName · charm charmName	print("weapon " + str(weaponName) + " · armour " + str(armourName) + " · charm " + str(charmName))
site	en--peace.nme	1302	글 안	skillName	출력	글자	①값	show skill skillName · spirit needed skillCost · element skillElement	print("skill " + str(skillName) + " · spirit needed " + str(skillCost) + " · element " + str(skillElement))
site	en--peace.nme	1302	글 안	skillCost	출력	숫자	①값	show skill skillName · spirit needed skillCost · element skillElement	print("skill " + str(skillName) + " · spirit needed " + str(skillCost) + " · element " + str(skillElement))
site	en--peace.nme	1302	글 안	skillElement	출력	글자	①값	show skill skillName · spirit needed skillCost · element skillElement	print("skill " + str(skillName) + " · spirit needed " + str(skillCost) + " · element " + str(skillElement))
site	en--peace.nme	1303	글 안	ultimateName	출력	글자	①값	show ultimate ultimateName · charges as you attack and guard	print("ultimate " + str(ultimateName) + " · charges as you attack and guard")
site	en--peace.nme	1994	글 안	regionNumber	출력	그밖/셈한값/숫자	①값	show road regionNumber	print("road " + str(regionNumber))
site	en--peace.nme	1995	글 안	enemyName	출력	글자	①값	show enemyName blocks the way	print(str(enemyName) + " blocks the way")
site	en--peace.nme	1997	글 안	fieldEffect	출력	글자	①값	show field effect · fieldEffect	print("field effect · " + str(fieldEffect))
site	en--peace.nme	2045	글 안	regionName	출력	글자	①값	show ⚔ regionName · road regionNumber	print("⚔ " + str(regionName) + " · road " + str(regionNumber))
site	en--peace.nme	2045	글 안	regionNumber	출력	그밖/셈한값/숫자	①값	show ⚔ regionName · road regionNumber	print("⚔ " + str(regionName) + " · road " + str(regionNumber))
site	en--peace.nme	2046	글 안	enemyName	출력	글자	①값	show 🟥 enemy · enemyName · life enemyLife / enemyMaxLife	print("🟥 enemy · " + str(enemyName) + " · life " + str(enemyLife) + " / " + str(enemyMaxLife))
site	en--peace.nme	2046	글 안	enemyLife	출력	그밖/셈한값	①값	show 🟥 enemy · enemyName · life enemyLife / enemyMaxLife	print("🟥 enemy · " + str(enemyName) + " · life " + str(enemyLife) + " / " + str(enemyMaxLife))
site	en--peace.nme	2046	글 안	enemyMaxLife	출력	셈한값/숫자	①값	show 🟥 enemy · enemyName · life enemyLife / enemyMaxLife	print("🟥 enemy · " + str(enemyName) + " · life " + str(enemyLife) + " / " + str(enemyMaxLife))
site	en--peace.nme	2049	글 안	heroName	출력	그밖/글자/물어본글	①값	show 🟩 hero · heroName · life heroLife / maxLife · spirit heroSpirit / maxSpirit	print("🟩 hero · " + str(heroName) + " · life " + str(heroLife) + " / " + str(maxLife) + " · spirit " + str(heroSpirit) +
site	en--peace.nme	2049	글 안	heroLife	출력	그밖/셈한값/숫자	①값	show 🟩 hero · heroName · life heroLife / maxLife · spirit heroSpirit / maxSpirit	print("🟩 hero · " + str(heroName) + " · life " + str(heroLife) + " / " + str(maxLife) + " · spirit " + str(heroSpirit) +
site	en--peace.nme	2049	글 안	maxLife	출력	그밖/셈한값/숫자	①값	show 🟩 hero · heroName · life heroLife / maxLife · spirit heroSpirit / maxSpirit	print("🟩 hero · " + str(heroName) + " · life " + str(heroLife) + " / " + str(maxLife) + " · spirit " + str(heroSpirit) +
site	en--peace.nme	2049	글 안	heroSpirit	출력	그밖/셈한값/숫자	①값	show 🟩 hero · heroName · life heroLife / maxLife · spirit heroSpirit / maxSpirit	print("🟩 hero · " + str(heroName) + " · life " + str(heroLife) + " / " + str(maxLife) + " · spirit " + str(heroSpirit) +
site	en--peace.nme	2049	글 안	maxSpirit	출력	그밖/셈한값/숫자	①값	show 🟩 hero · heroName · life heroLife / maxLife · spirit heroSpirit / maxSpirit	print("🟩 hero · " + str(heroName) + " · life " + str(heroLife) + " / " + str(maxLife) + " · spirit " + str(heroSpirit) +
site	en--peace.nme	2052	글 안	heroLevel	출력	그밖/셈한값/숫자	①값	show level heroLevel · hit heroHit · guard heroGuard · speed heroSpeed	print("level " + str(heroLevel) + " · hit " + str(heroHit) + " · guard " + str(heroGuard) + " · speed " + str(heroSpeed)
site	en--peace.nme	2052	글 안	heroHit	출력	그밖/셈한값/숫자	①값	show level heroLevel · hit heroHit · guard heroGuard · speed heroSpeed	print("level " + str(heroLevel) + " · hit " + str(heroHit) + " · guard " + str(heroGuard) + " · speed " + str(heroSpeed)
site	en--peace.nme	2052	글 안	heroGuard	출력	그밖/셈한값/숫자	①값	show level heroLevel · hit heroHit · guard heroGuard · speed heroSpeed	print("level " + str(heroLevel) + " · hit " + str(heroHit) + " · guard " + str(heroGuard) + " · speed " + str(heroSpeed)
site	en--peace.nme	2052	글 안	heroSpeed	출력	그밖/셈한값/숫자	①값	show level heroLevel · hit heroHit · guard heroGuard · speed heroSpeed	print("level " + str(heroLevel) + " · hit " + str(heroHit) + " · guard " + str(heroGuard) + " · speed " + str(heroSpeed)
site	en--peace.nme	2053	글 안	enemyPoise	출력	그밖/셈한값	①값	show 🟥 enemy poise enemyPoise / enemyMaxPoise · coming enemyIntent	print("🟥 enemy poise " + str(enemyPoise) + " / " + str(enemyMaxPoise) + " · coming " + str(enemyIntent))
site	en--peace.nme	2053	글 안	enemyMaxPoise	출력	셈한값/숫자	①값	show 🟥 enemy poise enemyPoise / enemyMaxPoise · coming enemyIntent	print("🟥 enemy poise " + str(enemyPoise) + " / " + str(enemyMaxPoise) + " · coming " + str(enemyIntent))
site	en--peace.nme	2053	글 안	enemyIntent	출력	글자	①값	show 🟥 enemy poise enemyPoise / enemyMaxPoise · coming enemyIntent	print("🟥 enemy poise " + str(enemyPoise) + " / " + str(enemyMaxPoise) + " · coming " + str(enemyIntent))
site	en--peace.nme	2057	글 안	battleSpeed	출력	그밖/셈한값/숫자	①값	show 🟦 dodge battleSpeed percent · critical critChance percent · ally help allyHelpChance percent	print("🟦 dodge " + str(battleSpeed) + " percent · critical " + str(critChance) + " percent · ally help " + str(allyHelpC
site	en--peace.nme	2057	글 안	critChance	출력	그밖	①값	show 🟦 dodge battleSpeed percent · critical critChance percent · ally help allyHelpChance percent	print("🟦 dodge " + str(battleSpeed) + " percent · critical " + str(critChance) + " percent · ally help " + str(allyHelpC
site	en--peace.nme	2057	글 안	allyHelpChance	출력	숫자	①값	show 🟦 dodge battleSpeed percent · critical critChance percent · ally help allyHelpChance percent	print("🟦 dodge " + str(battleSpeed) + " percent · critical " + str(critChance) + " percent · ally help " + str(allyHelpC
site	en--peace.nme	2058	글 안	ultimateName	출력	글자	①값	show 🟨 ultimate ultimateName · charge ultimateCharge / ultimateFull	print("🟨 ultimate " + str(ultimateName) + " · charge " + str(ultimateCharge) + " / " + str(ultimateFull))
site	en--peace.nme	2058	글 안	ultimateCharge	출력	그밖/셈한값/숫자	①값	show 🟨 ultimate ultimateName · charge ultimateCharge / ultimateFull	print("🟨 ultimate " + str(ultimateName) + " · charge " + str(ultimateCharge) + " / " + str(ultimateFull))
site	en--peace.nme	2058	글 안	ultimateFull	출력	숫자	①값	show 🟨 ultimate ultimateName · charge ultimateCharge / ultimateFull	print("🟨 ultimate " + str(ultimateName) + " · charge " + str(ultimateCharge) + " / " + str(ultimateFull))
site	en--peace.nme	2059	글 안	weaponWear	출력	그밖/셈한값/숫자	①값	show weapon wear weaponWear / weaponMaxWear · armour wear armourWear / armourMaxWear	print("weapon wear " + str(weaponWear) + " / " + str(weaponMaxWear) + " · armour wear " + str(armourWear) + " / " + str(
site	en--peace.nme	2059	글 안	weaponMaxWear	출력	그밖/셈한값/숫자	①값	show weapon wear weaponWear / weaponMaxWear · armour wear armourWear / armourMaxWear	print("weapon wear " + str(weaponWear) + " / " + str(weaponMaxWear) + " · armour wear " + str(armourWear) + " / " + str(
site	en--peace.nme	2059	글 안	armourWear	출력	그밖/셈한값/숫자	①값	show weapon wear weaponWear / weaponMaxWear · armour wear armourWear / armourMaxWear	print("weapon wear " + str(weaponWear) + " / " + str(weaponMaxWear) + " · armour wear " + str(armourWear) + " / " + str(
site	en--peace.nme	2059	글 안	armourMaxWear	출력	그밖/셈한값/숫자	①값	show weapon wear weaponWear / weaponMaxWear · armour wear armourWear / armourMaxWear	print("weapon wear " + str(weaponWear) + " / " + str(weaponMaxWear) + " · armour wear " + str(armourWear) + " / " + str(
site	en--peace.nme	2060	글 안	potionCount	출력	그밖/셈한값/숫자	①값	show potion potionCount · strongpotion strongPotionCount · tonic tonicCount · antidote antidoteCount	print("potion " + str(potionCount) + " · strongpotion " + str(strongPotionCount) + " · tonic " + str(tonicCount) + " · a
site	en--peace.nme	2060	글 안	strongPotionCount	출력	그밖/셈한값/숫자	①값	show potion potionCount · strongpotion strongPotionCount · tonic tonicCount · antidote antidoteCount	print("potion " + str(potionCount) + " · strongpotion " + str(strongPotionCount) + " · tonic " + str(tonicCount) + " · a
site	en--peace.nme	2060	글 안	tonicCount	출력	그밖/셈한값/숫자	①값	show potion potionCount · strongpotion strongPotionCount · tonic tonicCount · antidote antidoteCount	print("potion " + str(potionCount) + " · strongpotion " + str(strongPotionCount) + " · tonic " + str(tonicCount) + " · a
site	en--peace.nme	2060	글 안	antidoteCount	출력	그밖/셈한값/숫자	①값	show potion potionCount · strongpotion strongPotionCount · tonic tonicCount · antidote antidoteCount	print("potion " + str(potionCount) + " · strongpotion " + str(strongPotionCount) + " · tonic " + str(tonicCount) + " · a
site	en--peace.nme	2061	글 안	bombCount	출력	그밖/셈한값/숫자	①값	show bomb bombCount · holywater holyWaterCount · smoke smokeCount · whetstone whetstoneCount	print("bomb " + str(bombCount) + " · holywater " + str(holyWaterCount) + " · smoke " + str(smokeCount) + " · whetstone "
site	en--peace.nme	2061	글 안	holyWaterCount	출력	그밖/셈한값/숫자	①값	show bomb bombCount · holywater holyWaterCount · smoke smokeCount · whetstone whetstoneCount	print("bomb " + str(bombCount) + " · holywater " + str(holyWaterCount) + " · smoke " + str(smokeCount) + " · whetstone "
site	en--peace.nme	2061	글 안	smokeCount	출력	그밖/셈한값/숫자	①값	show bomb bombCount · holywater holyWaterCount · smoke smokeCount · whetstone whetstoneCount	print("bomb " + str(bombCount) + " · holywater " + str(holyWaterCount) + " · smoke " + str(smokeCount) + " · whetstone "
site	en--peace.nme	2061	글 안	whetstoneCount	출력	그밖/셈한값/숫자	①값	show bomb bombCount · holywater holyWaterCount · smoke smokeCount · whetstone whetstoneCount	print("bomb " + str(bombCount) + " · holywater " + str(holyWaterCount) + " · smoke " + str(smokeCount) + " · whetstone "
site	en--peace.nme	2062	글 안	luckCoinCount	출력	그밖/셈한값/숫자	①값	show luckcoin luckCoinCount · chaosdie chaosRolls	print("luckcoin " + str(luckCoinCount) + " · chaosdie " + str(chaosRolls))
site	en--peace.nme	2062	글 안	chaosRolls	출력	그밖/셈한값/숫자	①값	show luckcoin luckCoinCount · chaosdie chaosRolls	print("luckcoin " + str(luckCoinCount) + " · chaosdie " + str(chaosRolls))
site	en--peace.nme	2200	글 안	firstFateCard	출력	그밖	①값	say in a box 🎲 The open hand of fate · firstFateCard / secondFateCard / thirdFateCard	print((lambda _t: (lambda _w: "┌" + "─" * (_w + 2) + "┐\n│ " + _t + " │\n└" + "─" * (_w + 2) + "┘")(sum(2 if __import__(
site	en--peace.nme	2200	글 안	secondFateCard	출력	그밖	①값	say in a box 🎲 The open hand of fate · firstFateCard / secondFateCard / thirdFateCard	print((lambda _t: (lambda _w: "┌" + "─" * (_w + 2) + "┐\n│ " + _t + " │\n└" + "─" * (_w + 2) + "┘")(sum(2 if __import__(
site	en--peace.nme	2200	글 안	thirdFateCard	출력	그밖	①값	say in a box 🎲 The open hand of fate · firstFateCard / secondFateCard / thirdFateCard	print((lambda _t: (lambda _w: "┌" + "─" * (_w + 2) + "┐\n│ " + _t + " │\n└" + "─" * (_w + 2) + "┘")(sum(2 if __import__(
site	en--peace.nme	2243	비교의 오른쪽	enemyWeak	조건	글자	①값	if skillElement equals enemyWeak	if (skillElement == enemyWeak):
site	en--peace.nme	2250	글 안	ultimateName	출력	글자	①값	show ultimateName · damage dealtDamage	print(str(ultimateName) + " · damage " + str(dealtDamage))
site	en--peace.nme	2250	글 안	dealtDamage	출력	그밖/셈한값/숫자	①값	show ultimateName · damage dealtDamage	print(str(ultimateName) + " · damage " + str(dealtDamage))
site	en--peace.nme	2281	비교의 오른쪽	enemyWeak	조건	글자	①값	if skillElement equals enemyWeak	if (skillElement == enemyWeak):
site	en--peace.nme	2290	글 안	dealtDamage	출력	그밖/셈한값/숫자	①값	show A fireball bursts for dealtDamage and leaves fire on the enemy.	print("A fireball bursts for " + str(dealtDamage) + " and leaves fire on the enemy.")
site	en--peace.nme	2299	비교의 오른쪽	enemyWeak	조건	글자	①값	if skillElement equals enemyWeak	if (skillElement == enemyWeak):
site	en--peace.nme	2307	글 안	dealtDamage	출력	그밖/셈한값/숫자	①값	show The first arrow drives in for dealtDamage.	print("The first arrow drives in for " + str(dealtDamage) + ".")
site	en--peace.nme	2314	비교의 오른쪽	enemyWeak	조건	글자	①값	if skillElement equals enemyWeak	if (skillElement == enemyWeak):
site	en--peace.nme	2319	글 안	dealtDamage	출력	그밖/셈한값/숫자	①값	show The second arrow of the rapid shot cuts for dealtDamage and leaves the wound open.	print("The second arrow of the rapid shot cuts for " + str(dealtDamage) + " and leaves the wound open.")
site	en--peace.nme	2332	비교의 오른쪽	enemyWeak	조건	글자	①값	if skillElement equals enemyWeak	if (skillElement == enemyWeak):
site	en--peace.nme	2345	글 안	dealtDamage	출력	그밖/셈한값/숫자	①값	show Holy light · damage dealtDamage · the poison is washed out of you	print("Holy light · damage " + str(dealtDamage) + " · the poison is washed out of you")
site	en--peace.nme	2352	비교의 오른쪽	enemyWeak	조건	글자	①값	if skillElement equals enemyWeak	if (skillElement == enemyWeak):
site	en--peace.nme	2360	글 안	dealtDamage	출력	그밖/셈한값/숫자	①값	show The venom dagger sinks in for dealtDamage and leaves poison behind.	print("The venom dagger sinks in for " + str(dealtDamage) + " and leaves poison behind.")
site	en--peace.nme	2373	비교의 오른쪽	enemyWeak	조건	글자	①값	if skillElement equals enemyWeak	if (skillElement == enemyWeak):
site	en--peace.nme	2380	글 안	dealtDamage	출력	그밖/셈한값/숫자	①값	show The frenzy axe splits armour and flesh together for dealtDamage.	print("The frenzy axe splits armour and flesh together for " + str(dealtDamage) + ".")
site	en--peace.nme	2388	비교의 오른쪽	enemyWeak	조건	글자	①값	if skillElement equals enemyWeak	if (skillElement == enemyWeak):
site	en--peace.nme	2399	글 안	dealtDamage	출력	그밖/셈한값/숫자	①값	show The rune hammer strikes for dealtDamage and mends your weapon while it breaks the armour of the enemy.	print("The rune hammer strikes for " + str(dealtDamage) + " and mends your weapon while it breaks the armour of the enem
site	en--peace.nme	2407	비교의 오른쪽	enemyWeak	조건	글자	①값	if skillElement equals enemyWeak	if (skillElement == enemyWeak):
site	en--peace.nme	2417	글 안	dealtDamage	출력	그밖/셈한값/숫자	①값	show The shatter note rings for dealtDamage and shakes the poise of the enemy.	print("The shatter note rings for " + str(dealtDamage) + " and shakes the poise of the enemy.")
site	en--peace.nme	2424	비교의 오른쪽	enemyWeak	조건	글자	①값	if skillElement equals enemyWeak	if (skillElement == enemyWeak):
site	en--peace.nme	2434	글 안	dealtDamage	출력	그밖/셈한값/숫자	①값	show Binding vines squeeze for dealtDamage, and the strength of the herbs gives life back.	print("Binding vines squeeze for " + str(dealtDamage) + ", and the strength of the herbs gives life back.")
site	en--peace.nme	2441	비교의 오른쪽	enemyWeak	조건	글자	①값	if skillElement equals enemyWeak	if (skillElement == enemyWeak):
site	en--peace.nme	2450	글 안	dealtDamage	출력	그밖/셈한값/숫자	①값	show Life drain takes dealtDamage away and returns 9 life.	print("Life drain takes " + str(dealtDamage) + " away and returns 9 life.")
site	en--peace.nme	2455	비교의 오른쪽	enemyWeak	조건	글자	①값	if skillElement equals enemyWeak	if (skillElement == enemyWeak):
site	en--peace.nme	2463	글 안	dealtDamage	출력	그밖/셈한값/숫자	①값	show The dragonfire lance ignores guard and runs through for dealtDamage.	print("The dragonfire lance ignores guard and runs through for " + str(dealtDamage) + ".")
site	en--peace.nme	2471	비교의 오른쪽	enemyWeak	조건	글자	①값	if skillElement equals enemyWeak	if (skillElement == enemyWeak):
site	en--peace.nme	2483	글 안	dealtDamage	출력	그밖/셈한값/숫자	①값	show A time rift cuts past and present together for dealtDamage.	print("A time rift cuts past and present together for " + str(dealtDamage) + ".")
site	en--peace.nme	2496	글 안	fateFace	출력	그밖/숫자	①값	show 🎲 A weighted coin · the higher of fateFace and extraFateFace is used	print("🎲 A weighted coin · the higher of " + str(fateFace) + " and " + str(extraFateFace) + " is used")
site	en--peace.nme	2496	글 안	extraFateFace	출력	그밖	①값	show 🎲 A weighted coin · the higher of fateFace and extraFateFace is used	print("🎲 A weighted coin · the higher of " + str(fateFace) + " and " + str(extraFateFace) + " is used")
site	en--peace.nme	2500	글 안	fateFace	출력	그밖/숫자	①값	show 🎲 The dice of fate · rolled fateFace / 6 · each face 16.7 percent	print("🎲 The dice of fate · rolled " + str(fateFace) + " / 6 · each face 16.7 percent")
site	en--peace.nme	2514	글 안	dealtDamage	출력	그밖/셈한값/숫자	①값	show 🟥 A low roll · weak damage dealtDamage	print("🟥 A low roll · weak damage " + str(dealtDamage))
site	en--peace.nme	2520	글 안	dealtDamage	출력	그밖/셈한값/숫자	①값	show 🟦 An even roll · damage dealtDamage	print("🟦 An even roll · damage " + str(dealtDamage))
site	en--peace.nme	2527	글 안	dealtDamage	출력	그밖/셈한값/숫자	①값	show 🟩 A high roll · damage dealtDamage · extra poise damage	print("🟩 A high roll · damage " + str(dealtDamage) + " · extra poise damage")
site	en--peace.nme	2536	글 안	dealtDamage	출력	그밖/셈한값/숫자	①값	show 🟨 A big success · damage dealtDamage · 7 life back	print("🟨 A big success · damage " + str(dealtDamage) + " · 7 life back")
site	en--peace.nme	2545	글 안	dealtDamage	출력	그밖/셈한값/숫자	①값	say in a box 🟨 A great success · damage dealtDamage · poise 4 · 6 bronze	print((lambda _t: (lambda _w: "┌" + "─" * (_w + 2) + "┐\n│ " + _t + " │\n└" + "─" * (_w + 2) + "┘")(sum(2 if __import__(
site	en--peace.nme	2560	비교의 오른쪽	enemyWeak	조건	글자	①값	if skillElement equals enemyWeak	if (skillElement == enemyWeak):
site	en--peace.nme	2573	글 안	dealtDamage	출력	그밖/셈한값/숫자	①값	show The shield bash pushes back for dealtDamage and closes the front again.	print("The shield bash pushes back for " + str(dealtDamage) + " and closes the front again.")
site	en--peace.nme	2643	글 안	dealtDamage	출력	그밖/셈한값/숫자	①값	show The bomb goes through the enemy's guard and bursts for dealtDamage.	print("The bomb goes through the enemy's guard and bursts for " + str(dealtDamage) + ".")
site	en--peace.nme	2668	글 안	dealtDamage	출력	그밖/셈한값/숫자	①값	show Blessed holy water ignores guard and burns for dealtDamage.	print("Blessed holy water ignores guard and burns for " + str(dealtDamage) + ".")
site	en--peace.nme	2721	글 안	chaosFace	출력	그밖	①값	show 🎲 The chaos die · each result 16.7 percent · rolled chaosFace	print("🎲 The chaos die · each result 16.7 percent · rolled " + str(chaosFace))
site	en--peace.nme	2732	글 안	spiritLost	출력	숫자	①값	show 🟥 The die swallowed spiritLost of your spirit.	print("🟥 The die swallowed " + str(spiritLost) + " of your spirit.")
site	en--peace.nme	2770	글 안	enemyName	출력	글자	①값	show the trait of enemyName is enemyTrait	print("the trait of " + str(enemyName) + " is " + str(enemyTrait))
site	en--peace.nme	2770	글 안	enemyTrait	출력	글자	①값	show the trait of enemyName is enemyTrait	print("the trait of " + str(enemyName) + " is " + str(enemyTrait))
site	en--peace.nme	2771	글 안	enemyWeak	출력	글자	①값	show the enemy's weakness is enemyWeak · poise is enemyPoise	print("the enemy's weakness is " + str(enemyWeak) + " · poise is " + str(enemyPoise))
site	en--peace.nme	2771	글 안	enemyPoise	출력	그밖/셈한값	①값	show the enemy's weakness is enemyWeak · poise is enemyPoise	print("the enemy's weakness is " + str(enemyWeak) + " · poise is " + str(enemyPoise))
site	en--peace.nme	2786	글 안	battleSpeed	출력	그밖/셈한값/숫자	①값	show 🎲 Open odds · critical 14 percent · dodge battleSpeed percent · ally help allyHelpChance percent	print("🎲 Open odds · critical 14 percent · dodge " + str(battleSpeed) + " percent · ally help " + str(allyHelpChance) + 
site	en--peace.nme	2786	글 안	allyHelpChance	출력	숫자	①값	show 🎲 Open odds · critical 14 percent · dodge battleSpeed percent · ally help allyHelpChance percent	print("🎲 Open odds · critical 14 percent · dodge " + str(battleSpeed) + " percent · ally help " + str(allyHelpChance) + 
site	en--peace.nme	2848	글 안	weaponName	출력	글자	①값	show weaponName cuts for dealtDamage.	print(str(weaponName) + " cuts for " + str(dealtDamage) + ".")
site	en--peace.nme	2848	글 안	dealtDamage	출력	그밖/셈한값/숫자	①값	show weaponName cuts for dealtDamage.	print(str(weaponName) + " cuts for " + str(dealtDamage) + ".")
site	en--peace.nme	2904	글 안	helpDamage	출력	셈한값/숫자	①값	show Rianel's covering fire · damage helpDamage	print("Rianel's covering fire · damage " + str(helpDamage))
site	en--peace.nme	2923	글 안	helpDamage	출력	셈한값/숫자	①값	show Aurel's golden fire · damage helpDamage	print("Aurel's golden fire · damage " + str(helpDamage))
site	en--peace.nme	2954	글 안	enemyName	출력	글자	①값	show The poise of enemyName has broken. It skips this strike back.	print("The poise of " + str(enemyName) + " has broken. It skips this strike back.")
site	en--peace.nme	2969	글 안	burnDamage	출력	숫자	①값	show The fire still on it burns for burnDamage more.	print("The fire still on it burns for " + str(burnDamage) + " more.")
site	en--peace.nme	2975	글 안	bleedDamage	출력	숫자	①값	show The deep wound opens bleedDamage further.	print("The deep wound opens " + str(bleedDamage) + " further.")
site	en--peace.nme	2981	글 안	poisonDamage	출력	숫자	①값	show The venom eats poisonDamage of the enemy's life from the inside.	print("The venom eats " + str(poisonDamage) + " of the enemy's life from the inside.")
site	en--peace.nme	2991	글 안	thornDamage	출력	숫자	①값	show Edric's mirror shield throws the skill back for thornDamage.	print("Edric's mirror shield throws the skill back for " + str(thornDamage) + ".")
site	en--peace.nme	3020	글 안	enemyName	출력	글자	①값	show enemyName has fallen	print(str(enemyName) + " has fallen")
site	en--peace.nme	3084	글 안	enemyName	출력	글자	①값	show enemyName lost its poise and cannot act at all	print(str(enemyName) + " lost its poise and cannot act at all")
site	en--peace.nme	3099	글 안	enemyName	출력	글자	①값	show enemyName · strikes back and takes takenDamage of your life	print(str(enemyName) + " · strikes back and takes " + str(takenDamage) + " of your life")
site	en--peace.nme	3099	글 안	takenDamage	출력	그밖/셈한값/숫자	①값	show enemyName · strikes back and takes takenDamage of your life	print(str(enemyName) + " · strikes back and takes " + str(takenDamage) + " of your life")
site	en--peace.nme	3110	글 안	stolenCoin	출력	그밖/숫자	①값	show The enemy took stolenCoin bronze. You get it back when you win.	print("The enemy took " + str(stolenCoin) + " bronze. You get it back when you win.")
site	en--peace.nme	3144	글 안	spiritStolen	출력	그밖/숫자	①값	show Demon fire burns spiritStolen of your spirit.	print("Demon fire burns " + str(spiritStolen) + " of your spirit.")
site	en--peace.nme	3148	글 안	extraDamage	출력	숫자	①값	show The archdemon's tail runs through your armour for extraDamage more.	print("The archdemon's tail runs through your armour for " + str(extraDamage) + " more.")
site	en--peace.nme	3161	글 안	chargeStolen	출력	그밖/숫자	①값	show Nox's abyssal breath swallows chargeStolen of your ultimate charge.	print("Nox's abyssal breath swallows " + str(chargeStolen) + " of your ultimate charge.")
site	en--peace.nme	3186	글 안	enemyName	출력	글자	①값	show A new layer grows over the broken armour of enemyName and its guard rises again.	print("A new layer grows over the broken armour of " + str(enemyName) + " and its guard rises again.")
site	en--peace.nme	3192	글 안	lemarFace	출력	그밖	①값	show 🎲 Lemar's golden dice · rolled lemarFace / 6	print("🎲 Lemar's golden dice · rolled " + str(lemarFace) + " / 6")
site	en--peace.nme	3223	글 안	poisonDamage	출력	숫자	①값	show The poison left in you eats poisonDamage of your life.	print("The poison left in you eats " + str(poisonDamage) + " of your life.")
site	en--peace.nme	3338	글 안	enemyRewardBronze	출력	셈한값/숫자	①값	show You took spoils worth enemyRewardBronze bronze and enemyExp experience	print("You took spoils worth " + str(enemyRewardBronze) + " bronze and " + str(enemyExp) + " experience")
site	en--peace.nme	3338	글 안	enemyExp	출력	숫자	①값	show You took spoils worth enemyRewardBronze bronze and enemyExp experience	print("You took spoils worth " + str(enemyRewardBronze) + " bronze and " + str(enemyExp) + " experience")
site	en--peace.nme	3339	글 안	peaceSpark	출력	그밖/셈한값/숫자	①값	show The spark of peace has brightened to peaceSpark	print("The spark of peace has brightened to " + str(peaceSpark))
site	en--peace.nme	3340	글 안	fateSealCount	출력	그밖/셈한값/숫자	①값	show 🟨 You gained one fate seal from the region's master. You now have fateSealCount	print("🟨 You gained one fate seal from the region's master. You now have " + str(fateSealCount))
site	en--peace.nme	3358	글 안	materialCount	출력	그밖	①값	show You found materialCount herbs and 1 tough cloth	print("You found " + str(materialCount) + " herbs and 1 tough cloth")
site	en--peace.nme	3362	글 안	materialCount	출력	그밖	①값	show You gained materialCount iron ore and 1 magic dust	print("You gained " + str(materialCount) + " iron ore and 1 magic dust")
site	en--peace.nme	3366	글 안	materialCount	출력	그밖	①값	show You gathered materialCount magic dust and 1 magic crystal	print("You gathered " + str(materialCount) + " magic dust and 1 magic crystal")
site	en--peace.nme	3370	글 안	materialCount	출력	그밖	①값	show You gained materialCount hides and 1 tough cloth	print("You gained " + str(materialCount) + " hides and 1 tough cloth")
site	en--peace.nme	3374	글 안	materialCount	출력	그밖	①값	show You gained materialCount herbs and 1 hide	print("You gained " + str(materialCount) + " herbs and 1 hide")
site	en--peace.nme	3398	글 안	heroName	출력	그밖/글자/물어본글	①값	show heroName is now level heroLevel	print(str(heroName) + " is now level " + str(heroLevel))
site	en--peace.nme	3398	글 안	heroLevel	출력	그밖/셈한값/숫자	①값	show heroName is now level heroLevel	print(str(heroName) + " is now level " + str(heroLevel))
site	en--peace.nme	3504	글 안	warRisk	출력	그밖/셈한값/숫자	①값	show war risk warRisk · freight freightCost · trader standing traderStanding · discount traderDiscount	print("war risk " + str(warRisk) + " · freight " + str(freightCost) + " · trader standing " + str(traderStanding) + " · 
site	en--peace.nme	3504	글 안	freightCost	출력	그밖/셈한값	①값	show war risk warRisk · freight freightCost · trader standing traderStanding · discount traderDiscount	print("war risk " + str(warRisk) + " · freight " + str(freightCost) + " · trader standing " + str(traderStanding) + " · 
site	en--peace.nme	3504	글 안	traderStanding	출력	그밖/셈한값/숫자	①값	show war risk warRisk · freight freightCost · trader standing traderStanding · discount traderDiscount	print("war risk " + str(warRisk) + " · freight " + str(freightCost) + " · trader standing " + str(traderStanding) + " · 
site	en--peace.nme	3504	글 안	traderDiscount	출력	그밖	①값	show war risk warRisk · freight freightCost · trader standing traderStanding · discount traderDiscount	print("war risk " + str(warRisk) + " · freight " + str(freightCost) + " · trader standing " + str(traderStanding) + " · 
site	en--peace.nme	3505	글 안	potionPrice	출력	그밖/셈한값	①값	show potion potionPrice · strongpotion strongPotionPrice · tonic tonicPrice · antidote antidotePrice	print("potion " + str(potionPrice) + " · strongpotion " + str(strongPotionPrice) + " · tonic " + str(tonicPrice) + " · a
site	en--peace.nme	3505	글 안	strongPotionPrice	출력	그밖/셈한값	①값	show potion potionPrice · strongpotion strongPotionPrice · tonic tonicPrice · antidote antidotePrice	print("potion " + str(potionPrice) + " · strongpotion " + str(strongPotionPrice) + " · tonic " + str(tonicPrice) + " · a
site	en--peace.nme	3505	글 안	tonicPrice	출력	그밖/셈한값	①값	show potion potionPrice · strongpotion strongPotionPrice · tonic tonicPrice · antidote antidotePrice	print("potion " + str(potionPrice) + " · strongpotion " + str(strongPotionPrice) + " · tonic " + str(tonicPrice) + " · a
site	en--peace.nme	3505	글 안	antidotePrice	출력	그밖/셈한값	①값	show potion potionPrice · strongpotion strongPotionPrice · tonic tonicPrice · antidote antidotePrice	print("potion " + str(potionPrice) + " · strongpotion " + str(strongPotionPrice) + " · tonic " + str(tonicPrice) + " · a
site	en--peace.nme	3506	글 안	bombPrice	출력	그밖/셈한값	①값	show bomb bombPrice · holywater holyWaterPrice · smoke smokePrice · whetstone whetstonePrice · rations rationPrice	print("bomb " + str(bombPrice) + " · holywater " + str(holyWaterPrice) + " · smoke " + str(smokePrice) + " · whetstone "
site	en--peace.nme	3506	글 안	holyWaterPrice	출력	그밖/셈한값	①값	show bomb bombPrice · holywater holyWaterPrice · smoke smokePrice · whetstone whetstonePrice · rations rationPrice	print("bomb " + str(bombPrice) + " · holywater " + str(holyWaterPrice) + " · smoke " + str(smokePrice) + " · whetstone "
site	en--peace.nme	3506	글 안	smokePrice	출력	그밖/셈한값	①값	show bomb bombPrice · holywater holyWaterPrice · smoke smokePrice · whetstone whetstonePrice · rations rationPrice	print("bomb " + str(bombPrice) + " · holywater " + str(holyWaterPrice) + " · smoke " + str(smokePrice) + " · whetstone "
site	en--peace.nme	3506	글 안	whetstonePrice	출력	그밖/셈한값	①값	show bomb bombPrice · holywater holyWaterPrice · smoke smokePrice · whetstone whetstonePrice · rations rationPrice	print("bomb " + str(bombPrice) + " · holywater " + str(holyWaterPrice) + " · smoke " + str(smokePrice) + " · whetstone "
site	en--peace.nme	3506	글 안	rationPrice	출력	그밖/셈한값	①값	show bomb bombPrice · holywater holyWaterPrice · smoke smokePrice · whetstone whetstonePrice · rations rationPrice	print("bomb " + str(bombPrice) + " · holywater " + str(holyWaterPrice) + " · smoke " + str(smokePrice) + " · whetstone "
site	en--peace.nme	3516	글 안	fateSealCount	출력	그밖/셈한값/숫자	①값	show 🎲 fate · fatedraw / fatetrade · seals fateSealCount · shards fateShardCount	print("🎲 fate · fatedraw / fatetrade · seals " + str(fateSealCount) + " · shards " + str(fateShardCount))
site	en--peace.nme	3516	글 안	fateShardCount	출력	그밖/셈한값/숫자	①값	show 🎲 fate · fatedraw / fatetrade · seals fateSealCount · shards fateShardCount	print("🎲 fate · fatedraw / fatetrade · seals " + str(fateSealCount) + " · shards " + str(fateShardCount))
site	en--peace.nme	3529	글 안	marketPotionStock	출력	그밖/셈한값/숫자	①값	show You bought a potion. Stock left marketPotionStock	print("You bought a potion. Stock left " + str(marketPotionStock))
site	en--peace.nme	3544	글 안	marketStrongStock	출력	그밖/셈한값	①값	show You bought a strong potion. Stock left marketStrongStock	print("You bought a strong potion. Stock left " + str(marketStrongStock))
site	en--peace.nme	3559	글 안	marketTonicStock	출력	그밖/셈한값/숫자	①값	show You bought a tonic. Stock left marketTonicStock	print("You bought a tonic. Stock left " + str(marketTonicStock))
site	en--peace.nme	3704	글 안	saleValue	출력	셈한값/숫자	①값	show The war makes the material wanted, so you were paid saleValue bronze.	print("The war makes the material wanted, so you were paid " + str(saleValue) + " bronze.")
site	en--peace.nme	3720	글 안	repairPrice	출력	그밖/셈한값	①값	show repairPrice bronze repairs both pieces of gear completely	print(str(repairPrice) + " bronze repairs both pieces of gear completely")
site	en--peace.nme	3743	글 안	weaponBoostPrice	출력	셈한값/숫자	①값	show The next weapon costs weaponBoostPrice bronze	print("The next weapon costs " + str(weaponBoostPrice) + " bronze")
site	en--peace.nme	3768	글 안	weaponName	출력	글자	①값	show Your new weapon weaponName is finished. Your hit and its greatest wear went up.	print("Your new weapon " + str(weaponName) + " is finished. Your hit and its greatest wear went up.")
site	en--peace.nme	3779	글 안	armourBoostPrice	출력	셈한값/숫자	①값	show The next armour costs armourBoostPrice bronze	print("The next armour costs " + str(armourBoostPrice) + " bronze")
site	en--peace.nme	3800	글 안	armourName	출력	글자	①값	show Your new armour armourName is finished. Your guard and its greatest wear went up.	print("Your new armour " + str(armourName) + " is finished. Your guard and its greatest wear went up.")
site	en--peace.nme	3836	글 안	charmName	조건	글자	①값	if tradeWins exists then show You put charmName on	if (tradeWins): print("You put " + str(charmName) + " on")
site	en--peace.nme	3843	글 안	fateSealCount	출력	그밖/셈한값/숫자	①값	show Seals now fateSealCount · rare counter fatePityCount / 5	print("Seals now " + str(fateSealCount) + " · rare counter " + str(fatePityCount) + " / 5")
site	en--peace.nme	3843	글 안	fatePityCount	출력	그밖/셈한값/숫자	①값	show Seals now fateSealCount · rare counter fatePityCount / 5	print("Seals now " + str(fateSealCount) + " · rare counter " + str(fatePityCount) + " / 5")
site	en--peace.nme	3958	글 안	adventureDay	출력	그밖/셈한값/숫자	①값	show day adventureDay · next region regionNumber · fullness fullnessLevel · fatigue fatigueLevel · morale moralePoints	print("day " + str(adventureDay) + " · next region " + str(regionNumber) + " · fullness " + str(fullnessLevel) + " · fat
site	en--peace.nme	3958	글 안	regionNumber	출력	그밖/셈한값/숫자	①값	show day adventureDay · next region regionNumber · fullness fullnessLevel · fatigue fatigueLevel · morale moralePoints	print("day " + str(adventureDay) + " · next region " + str(regionNumber) + " · fullness " + str(fullnessLevel) + " · fat
site	en--peace.nme	3958	글 안	fullnessLevel	출력	그밖/셈한값/숫자	①값	show day adventureDay · next region regionNumber · fullness fullnessLevel · fatigue fatigueLevel · morale moralePoints	print("day " + str(adventureDay) + " · next region " + str(regionNumber) + " · fullness " + str(fullnessLevel) + " · fat
site	en--peace.nme	3958	글 안	fatigueLevel	출력	그밖/셈한값/숫자	①값	show day adventureDay · next region regionNumber · fullness fullnessLevel · fatigue fatigueLevel · morale moralePoints	print("day " + str(adventureDay) + " · next region " + str(regionNumber) + " · fullness " + str(fullnessLevel) + " · fat
site	en--peace.nme	3958	글 안	moralePoints	출력	그밖/셈한값/숫자	①값	show day adventureDay · next region regionNumber · fullness fullnessLevel · fatigue fatigueLevel · morale moralePoints	print("day " + str(adventureDay) + " · next region " + str(regionNumber) + " · fullness " + str(fullnessLevel) + " · fat
site	en--peace.nme	3974	글 안	herbCount	출력	그밖/셈한값/숫자	①값	show herb herbCount · iron ironCount · dust dustCount · scale scaleCount	print("herb " + str(herbCount) + " · iron " + str(ironCount) + " · dust " + str(dustCount) + " · scale " + str(scaleCoun
site	en--peace.nme	3974	글 안	ironCount	출력	그밖/셈한값/숫자	①값	show herb herbCount · iron ironCount · dust dustCount · scale scaleCount	print("herb " + str(herbCount) + " · iron " + str(ironCount) + " · dust " + str(dustCount) + " · scale " + str(scaleCoun
site	en--peace.nme	3974	글 안	dustCount	출력	그밖/셈한값/숫자	①값	show herb herbCount · iron ironCount · dust dustCount · scale scaleCount	print("herb " + str(herbCount) + " · iron " + str(ironCount) + " · dust " + str(dustCount) + " · scale " + str(scaleCoun
site	en--peace.nme	3974	글 안	scaleCount	출력	그밖/셈한값/숫자	①값	show herb herbCount · iron ironCount · dust dustCount · scale scaleCount	print("herb " + str(herbCount) + " · iron " + str(ironCount) + " · dust " + str(dustCount) + " · scale " + str(scaleCoun
site	en--peace.nme	3975	글 안	clothCount	출력	그밖/셈한값/숫자	①값	show cloth clothCount · crystal crystalCount · hide hideCount	print("cloth " + str(clothCount) + " · crystal " + str(crystalCount) + " · hide " + str(hideCount))
site	en--peace.nme	3975	글 안	crystalCount	출력	그밖/셈한값/숫자	①값	show cloth clothCount · crystal crystalCount · hide hideCount	print("cloth " + str(clothCount) + " · crystal " + str(crystalCount) + " · hide " + str(hideCount))
site	en--peace.nme	3975	글 안	hideCount	출력	그밖/셈한값/숫자	①값	show cloth clothCount · crystal crystalCount · hide hideCount	print("cloth " + str(clothCount) + " · crystal " + str(crystalCount) + " · hide " + str(hideCount))
site	en--peace.nme	4068	글 안	craftChoice	출력	물어본글	①값	show You made craftChoice	print("You made " + str(craftChoice))
site	en--peace.nme	4126	글 안	hopeScore	출력	그밖/셈한값/숫자	①값	show hope hopeScore · spark peaceSpark · fame fameLevel	print("hope " + str(hopeScore) + " · spark " + str(peaceSpark) + " · fame " + str(fameLevel))
site	en--peace.nme	4126	글 안	peaceSpark	출력	그밖/셈한값/숫자	①값	show hope hopeScore · spark peaceSpark · fame fameLevel	print("hope " + str(hopeScore) + " · spark " + str(peaceSpark) + " · fame " + str(fameLevel))
site	en--peace.nme	4126	글 안	fameLevel	출력	그밖/셈한값/숫자	①값	show hope hopeScore · spark peaceSpark · fame fameLevel	print("hope " + str(hopeScore) + " · spark " + str(peaceSpark) + " · fame " + str(fameLevel))
site	en--peace.nme	4127	글 안	crownStanding	출력	그밖/셈한값/숫자	①값	show crown crownStanding · elves elfStanding · dwarves dwarfStanding · temple templeStanding · guild guildStanding · tra	print("crown " + str(crownStanding) + " · elves " + str(elfStanding) + " · dwarves " + str(dwarfStanding) + " · temple "
site	en--peace.nme	4127	글 안	elfStanding	출력	그밖/셈한값/숫자	①값	show crown crownStanding · elves elfStanding · dwarves dwarfStanding · temple templeStanding · guild guildStanding · tra	print("crown " + str(crownStanding) + " · elves " + str(elfStanding) + " · dwarves " + str(dwarfStanding) + " · temple "
site	en--peace.nme	4127	글 안	dwarfStanding	출력	그밖/셈한값/숫자	①값	show crown crownStanding · elves elfStanding · dwarves dwarfStanding · temple templeStanding · guild guildStanding · tra	print("crown " + str(crownStanding) + " · elves " + str(elfStanding) + " · dwarves " + str(dwarfStanding) + " · temple "
site	en--peace.nme	4127	글 안	templeStanding	출력	그밖/셈한값/숫자	①값	show crown crownStanding · elves elfStanding · dwarves dwarfStanding · temple templeStanding · guild guildStanding · tra	print("crown " + str(crownStanding) + " · elves " + str(elfStanding) + " · dwarves " + str(dwarfStanding) + " · temple "
site	en--peace.nme	4127	글 안	guildStanding	출력	그밖/셈한값/숫자	①값	show crown crownStanding · elves elfStanding · dwarves dwarfStanding · temple templeStanding · guild guildStanding · tra	print("crown " + str(crownStanding) + " · elves " + str(elfStanding) + " · dwarves " + str(dwarfStanding) + " · temple "
site	en--peace.nme	4127	글 안	traderStanding	출력	그밖/셈한값/숫자	①값	show crown crownStanding · elves elfStanding · dwarves dwarfStanding · temple templeStanding · guild guildStanding · tra	print("crown " + str(crownStanding) + " · elves " + str(elfStanding) + " · dwarves " + str(dwarfStanding) + " · temple "
site	en--peace.nme	4128	글 안	warRisk	출력	그밖/셈한값/숫자	①값	show war risk warRisk · trades tradeCount · crafts craftCount · repairs repairCount	print("war risk " + str(warRisk) + " · trades " + str(tradeCount) + " · crafts " + str(craftCount) + " · repairs " + str
site	en--peace.nme	4128	글 안	tradeCount	출력	그밖/셈한값/숫자	①값	show war risk warRisk · trades tradeCount · crafts craftCount · repairs repairCount	print("war risk " + str(warRisk) + " · trades " + str(tradeCount) + " · crafts " + str(craftCount) + " · repairs " + str
site	en--peace.nme	4128	글 안	craftCount	출력	그밖/셈한값/숫자	①값	show war risk warRisk · trades tradeCount · crafts craftCount · repairs repairCount	print("war risk " + str(warRisk) + " · trades " + str(tradeCount) + " · crafts " + str(craftCount) + " · repairs " + str
site	en--peace.nme	4128	글 안	repairCount	출력	그밖/셈한값/숫자	①값	show war risk warRisk · trades tradeCount · crafts craftCount · repairs repairCount	print("war risk " + str(warRisk) + " · trades " + str(tradeCount) + " · crafts " + str(craftCount) + " · repairs " + str
site	en--peace.nme	4130	글 안	fateSealCount	출력	그밖/셈한값/숫자	①값	show 🎲 fate seals fateSealCount · shards fateShardCount · draws fateDrawCount · gambles won gambleWins / lost gambleLoss	print("🎲 fate seals " + str(fateSealCount) + " · shards " + str(fateShardCount) + " · draws " + str(fateDrawCount) + " ·
site	en--peace.nme	4130	글 안	fateShardCount	출력	그밖/셈한값/숫자	①값	show 🎲 fate seals fateSealCount · shards fateShardCount · draws fateDrawCount · gambles won gambleWins / lost gambleLoss	print("🎲 fate seals " + str(fateSealCount) + " · shards " + str(fateShardCount) + " · draws " + str(fateDrawCount) + " ·
site	en--peace.nme	4130	글 안	fateDrawCount	출력	그밖/셈한값/숫자	①값	show 🎲 fate seals fateSealCount · shards fateShardCount · draws fateDrawCount · gambles won gambleWins / lost gambleLoss	print("🎲 fate seals " + str(fateSealCount) + " · shards " + str(fateShardCount) + " · draws " + str(fateDrawCount) + " ·
site	en--peace.nme	4130	글 안	gambleWins	출력	그밖/셈한값/숫자	①값	show 🎲 fate seals fateSealCount · shards fateShardCount · draws fateDrawCount · gambles won gambleWins / lost gambleLoss	print("🎲 fate seals " + str(fateSealCount) + " · shards " + str(fateShardCount) + " · draws " + str(fateDrawCount) + " ·
site	en--peace.nme	4130	글 안	gambleLosses	출력	그밖/셈한값/숫자	①값	show 🎲 fate seals fateSealCount · shards fateShardCount · draws fateDrawCount · gambles won gambleWins / lost gambleLoss	print("🎲 fate seals " + str(fateSealCount) + " · shards " + str(fateShardCount) + " · draws " + str(fateDrawCount) + " ·
site	en--peace.nme	4216	글 안	heroName	출력	그밖/글자/물어본글	①값	heroName raised weaponName and ran it through Morgar's heart.	print(str(heroName) + " raised " + str(weaponName) + " and ran it through Morgar's heart.")
site	en--peace.nme	4216	글 안	weaponName	출력	글자	①값	heroName raised weaponName and ran it through Morgar's heart.	print(str(heroName) + " raised " + str(weaponName) + " and ran it through Morgar's heart.")
site	en--peace.nme	4237	글 안	heroName	출력	그밖/글자/물어본글	①값	People told each other what heroName chose along the way, and kept the small promises first.	print("People told each other what " + str(heroName) + " chose along the way, and kept the small promises first.")
site	en--peace.nme	4247	글 안	heroName	출력	그밖/글자/물어본글	①값	heroName set the weapon down and began the work that is harder than fighting.	print(str(heroName) + " set the weapon down and began the work that is harder than fighting.")
site	en--peace.nme	4267	글 안	heroName	출력	그밖/글자/물어본글	①값	The rift in the world closed, and heroName never came back with the others.	print("The rift in the world closed, and " + str(heroName) + " never came back with the others.")
site	en--peace.nme	4291	글 안	heroName	출력	그밖/글자/물어본글	①값	show heroName · className · level heroLevel	print(str(heroName) + " · " + str(className) + " · level " + str(heroLevel))
site	en--peace.nme	4291	글 안	className	출력	글자	①값	show heroName · className · level heroLevel	print(str(heroName) + " · " + str(className) + " · level " + str(heroLevel))
site	en--peace.nme	4291	글 안	heroLevel	출력	그밖/셈한값/숫자	①값	show heroName · className · level heroLevel	print(str(heroName) + " · " + str(className) + " · level " + str(heroLevel))
site	en--peace.nme	4292	글 안	weaponName	출력	글자	①값	show weapon weaponName · armour armourName · charm charmName	print("weapon " + str(weaponName) + " · armour " + str(armourName) + " · charm " + str(charmName))
site	en--peace.nme	4292	글 안	armourName	출력	글자	①값	show weapon weaponName · armour armourName · charm charmName	print("weapon " + str(weaponName) + " · armour " + str(armourName) + " · charm " + str(charmName))
site	en--peace.nme	4292	글 안	charmName	출력	글자	①값	show weapon weaponName · armour armourName · charm charmName	print("weapon " + str(weaponName) + " · armour " + str(armourName) + " · charm " + str(charmName))
site	en--peace.nme	4293	글 안	deepestRegion	출력	그밖/숫자	①값	show furthest road deepestRegion · turns traded totalTurns	print("furthest road " + str(deepestRegion) + " · turns traded " + str(totalTurns))
site	en--peace.nme	4293	글 안	totalTurns	출력	그밖/셈한값/숫자	①값	show furthest road deepestRegion · turns traded totalTurns	print("furthest road " + str(deepestRegion) + " · turns traded " + str(totalTurns))
site	en--peace.nme	4296	글 안	peaceSpark	출력	그밖/셈한값/숫자	①값	show the spark of peace peaceSpark · hope hopeScore · fame fameLevel	print("the spark of peace " + str(peaceSpark) + " · hope " + str(hopeScore) + " · fame " + str(fameLevel))
site	en--peace.nme	4296	글 안	hopeScore	출력	그밖/셈한값/숫자	①값	show the spark of peace peaceSpark · hope hopeScore · fame fameLevel	print("the spark of peace " + str(peaceSpark) + " · hope " + str(hopeScore) + " · fame " + str(fameLevel))
site	en--peace.nme	4296	글 안	fameLevel	출력	그밖/셈한값/숫자	①값	show the spark of peace peaceSpark · hope hopeScore · fame fameLevel	print("the spark of peace " + str(peaceSpark) + " · hope " + str(hopeScore) + " · fame " + str(fameLevel))
site	en--peace.nme	4298	글 안	elapsedTime	출력	셈한값	①값	show play time elapsedTime seconds · poise breaks poiseBreaks · weakness hits weakHits · crafts craftCount · saves saveC	print("play time " + str(elapsedTime) + " seconds · poise breaks " + str(poiseBreaks) + " · weakness hits " + str(weakHi
site	en--peace.nme	4298	글 안	poiseBreaks	출력	그밖/셈한값/숫자	①값	show play time elapsedTime seconds · poise breaks poiseBreaks · weakness hits weakHits · crafts craftCount · saves saveC	print("play time " + str(elapsedTime) + " seconds · poise breaks " + str(poiseBreaks) + " · weakness hits " + str(weakHi
site	en--peace.nme	4298	글 안	weakHits	출력	그밖/셈한값/숫자	①값	show play time elapsedTime seconds · poise breaks poiseBreaks · weakness hits weakHits · crafts craftCount · saves saveC	print("play time " + str(elapsedTime) + " seconds · poise breaks " + str(poiseBreaks) + " · weakness hits " + str(weakHi
site	en--peace.nme	4298	글 안	craftCount	출력	그밖/셈한값/숫자	①값	show play time elapsedTime seconds · poise breaks poiseBreaks · weakness hits weakHits · crafts craftCount · saves saveC	print("play time " + str(elapsedTime) + " seconds · poise breaks " + str(poiseBreaks) + " · weakness hits " + str(weakHi
site	en--peace.nme	4298	글 안	saveCount	출력	그밖/셈한값/숫자	①값	show play time elapsedTime seconds · poise breaks poiseBreaks · weakness hits weakHits · crafts craftCount · saves saveC	print("play time " + str(elapsedTime) + " seconds · poise breaks " + str(poiseBreaks) + " · weakness hits " + str(weakHi
site	en--peace.nme	4299	글 안	adventureDay	출력	그밖/셈한값/숫자	①값	show survival · day adventureDay · fullness fullnessLevel · fatigue fatigueLevel · morale moralePoints	print("survival · day " + str(adventureDay) + " · fullness " + str(fullnessLevel) + " · fatigue " + str(fatigueLevel) + 
site	en--peace.nme	4299	글 안	fullnessLevel	출력	그밖/셈한값/숫자	①값	show survival · day adventureDay · fullness fullnessLevel · fatigue fatigueLevel · morale moralePoints	print("survival · day " + str(adventureDay) + " · fullness " + str(fullnessLevel) + " · fatigue " + str(fatigueLevel) + 
site	en--peace.nme	4299	글 안	fatigueLevel	출력	그밖/셈한값/숫자	①값	show survival · day adventureDay · fullness fullnessLevel · fatigue fatigueLevel · morale moralePoints	print("survival · day " + str(adventureDay) + " · fullness " + str(fullnessLevel) + " · fatigue " + str(fatigueLevel) + 
site	en--peace.nme	4299	글 안	moralePoints	출력	그밖/셈한값/숫자	①값	show survival · day adventureDay · fullness fullnessLevel · fatigue fatigueLevel · morale moralePoints	print("survival · day " + str(adventureDay) + " · fullness " + str(fullnessLevel) + " · fatigue " + str(fatigueLevel) + 
site	en--peace.nme	4300	글 안	warRisk	출력	그밖/셈한값/숫자	①값	show economy · war risk warRisk · trades tradeCount · repairs repairCount · trader standing traderStanding	print("economy · war risk " + str(warRisk) + " · trades " + str(tradeCount) + " · repairs " + str(repairCount) + " · tra
site	en--peace.nme	4300	글 안	tradeCount	출력	그밖/셈한값/숫자	①값	show economy · war risk warRisk · trades tradeCount · repairs repairCount · trader standing traderStanding	print("economy · war risk " + str(warRisk) + " · trades " + str(tradeCount) + " · repairs " + str(repairCount) + " · tra
site	en--peace.nme	4300	글 안	repairCount	출력	그밖/셈한값/숫자	①값	show economy · war risk warRisk · trades tradeCount · repairs repairCount · trader standing traderStanding	print("economy · war risk " + str(warRisk) + " · trades " + str(tradeCount) + " · repairs " + str(repairCount) + " · tra
site	en--peace.nme	4300	글 안	traderStanding	출력	그밖/셈한값/숫자	①값	show economy · war risk warRisk · trades tradeCount · repairs repairCount · trader standing traderStanding	print("economy · war risk " + str(warRisk) + " · trades " + str(tradeCount) + " · repairs " + str(repairCount) + " · tra
site	en--peace.nme	4301	글 안	fateSealCount	출력	그밖/셈한값/숫자	①값	show fate · seals fateSealCount · shards fateShardCount · draws fateDrawCount · gambles won gambleWins / lost gambleLoss	print("fate · seals " + str(fateSealCount) + " · shards " + str(fateShardCount) + " · draws " + str(fateDrawCount) + " ·
site	en--peace.nme	4301	글 안	fateShardCount	출력	그밖/셈한값/숫자	①값	show fate · seals fateSealCount · shards fateShardCount · draws fateDrawCount · gambles won gambleWins / lost gambleLoss	print("fate · seals " + str(fateSealCount) + " · shards " + str(fateShardCount) + " · draws " + str(fateDrawCount) + " ·
site	en--peace.nme	4301	글 안	fateDrawCount	출력	그밖/셈한값/숫자	①값	show fate · seals fateSealCount · shards fateShardCount · draws fateDrawCount · gambles won gambleWins / lost gambleLoss	print("fate · seals " + str(fateSealCount) + " · shards " + str(fateShardCount) + " · draws " + str(fateDrawCount) + " ·
site	en--peace.nme	4301	글 안	gambleWins	출력	그밖/셈한값/숫자	①값	show fate · seals fateSealCount · shards fateShardCount · draws fateDrawCount · gambles won gambleWins / lost gambleLoss	print("fate · seals " + str(fateSealCount) + " · shards " + str(fateShardCount) + " · draws " + str(fateDrawCount) + " ·
site	en--peace.nme	4301	글 안	gambleLosses	출력	그밖/셈한값/숫자	①값	show fate · seals fateSealCount · shards fateShardCount · draws fateDrawCount · gambles won gambleWins / lost gambleLoss	print("fate · seals " + str(fateSealCount) + " · shards " + str(fateShardCount) + " · draws " + str(fateDrawCount) + " ·
site	en--peace.nme	4302	글 안	weaponWear	출력	그밖/셈한값/숫자	①값	show wear · weapon weaponWear / weaponMaxWear · armour armourWear / armourMaxWear	print("wear · weapon " + str(weaponWear) + " / " + str(weaponMaxWear) + " · armour " + str(armourWear) + " / " + str(arm
site	en--peace.nme	4302	글 안	weaponMaxWear	출력	그밖/셈한값/숫자	①값	show wear · weapon weaponWear / weaponMaxWear · armour armourWear / armourMaxWear	print("wear · weapon " + str(weaponWear) + " / " + str(weaponMaxWear) + " · armour " + str(armourWear) + " / " + str(arm
site	en--peace.nme	4302	글 안	armourWear	출력	그밖/셈한값/숫자	①값	show wear · weapon weaponWear / weaponMaxWear · armour armourWear / armourMaxWear	print("wear · weapon " + str(weaponWear) + " / " + str(weaponMaxWear) + " · armour " + str(armourWear) + " / " + str(arm
site	en--peace.nme	4302	글 안	armourMaxWear	출력	그밖/셈한값/숫자	①값	show wear · weapon weaponWear / weaponMaxWear · armour armourWear / armourMaxWear	print("wear · weapon " + str(weaponWear) + " / " + str(weaponMaxWear) + " · armour " + str(armourWear) + " / " + str(arm
site	en--peace.nme	4303	글 안	herbCount	출력	그밖/셈한값/숫자	①값	show materials left · herb herbCount · iron ironCount · dust dustCount · scale scaleCount · cloth clothCount · crystal c	print("materials left · herb " + str(herbCount) + " · iron " + str(ironCount) + " · dust " + str(dustCount) + " · scale 
site	en--peace.nme	4303	글 안	ironCount	출력	그밖/셈한값/숫자	①값	show materials left · herb herbCount · iron ironCount · dust dustCount · scale scaleCount · cloth clothCount · crystal c	print("materials left · herb " + str(herbCount) + " · iron " + str(ironCount) + " · dust " + str(dustCount) + " · scale 
site	en--peace.nme	4303	글 안	dustCount	출력	그밖/셈한값/숫자	①값	show materials left · herb herbCount · iron ironCount · dust dustCount · scale scaleCount · cloth clothCount · crystal c	print("materials left · herb " + str(herbCount) + " · iron " + str(ironCount) + " · dust " + str(dustCount) + " · scale 
site	en--peace.nme	4303	글 안	scaleCount	출력	그밖/셈한값/숫자	①값	show materials left · herb herbCount · iron ironCount · dust dustCount · scale scaleCount · cloth clothCount · crystal c	print("materials left · herb " + str(herbCount) + " · iron " + str(ironCount) + " · dust " + str(dustCount) + " · scale 
site	en--peace.nme	4303	글 안	clothCount	출력	그밖/셈한값/숫자	①값	show materials left · herb herbCount · iron ironCount · dust dustCount · scale scaleCount · cloth clothCount · crystal c	print("materials left · herb " + str(herbCount) + " · iron " + str(ironCount) + " · dust " + str(dustCount) + " · scale 
site	en--peace.nme	4303	글 안	crystalCount	출력	그밖/셈한값/숫자	①값	show materials left · herb herbCount · iron ironCount · dust dustCount · scale scaleCount · cloth clothCount · crystal c	print("materials left · herb " + str(herbCount) + " · iron " + str(ironCount) + " · dust " + str(dustCount) + " · scale 
site	en--peace.nme	4303	글 안	hideCount	출력	그밖/셈한값/숫자	①값	show materials left · herb herbCount · iron ironCount · dust dustCount · scale scaleCount · cloth clothCount · crystal c	print("materials left · herb " + str(herbCount) + " · iron " + str(ironCount) + " · dust " + str(dustCount) + " · scale 
site	en--peace.nme	4318	글 안	recordName	출력	모름	①값	show recordName · recordCount times	print(str(recordName) + " · " + str(recordCount) + " times")
site	en--peace.nme	4318	글 안	recordCount	출력	그밖	①값	show recordName · recordCount times	print(str(recordName) + " · " + str(recordCount) + " times")
site	en--peace.nme	4324	글 안	questName	출력	모름	①값	show questName · questState	print(str(questName) + " · " + str(questState))
site	en--peace.nme	4324	글 안	questState	출력	그밖	①값	show questName · questState	print(str(questName) + " · " + str(questState))
site	en--rpg-deep.nme	57	글 안	someone	출력	모름	①값	say in the middle someone	print((lambda _t: " " * max(0, (40 - sum(2 if __import__("unicodedata").east_asian_width(_c) in "WF" else 1 for _c in _t
site	en--rpg-deep.nme	63	글 안	someone	출력	모름	①값	say in the middle someone	print((lambda _t: " " * max(0, (40 - sum(2 if __import__("unicodedata").east_asian_width(_c) in "WF" else 1 for _c in _t
site	en--rpg-deep.nme	69	글 안	markFull	대입	글자	①값	set barText to markFull repeated 0 times	barText = str(markFull) * 0
site	en--rpg-deep.nme	186	글 안	heroName	출력	글자/물어본글	①값	show heroName · heroKind · going down.	print(str(heroName) + " · " + str(heroKind) + " · going down.")
site	en--rpg-deep.nme	186	글 안	heroKind	출력	글자	①값	show heroName · heroKind · going down.	print(str(heroName) + " · " + str(heroKind) + " · going down.")
site	en--rpg-deep.nme	187	글 안	skillName	출력	글자	①값	show Your skill is skillName · it costs skillCost spark.	print("Your skill is " + str(skillName) + " · it costs " + str(skillCost) + " spark.")
site	en--rpg-deep.nme	187	글 안	skillCost	출력	숫자	①값	show Your skill is skillName · it costs skillCost spark.	print("Your skill is " + str(skillName) + " · it costs " + str(skillCost) + " spark.")
site	en--rpg-deep.nme	257	글 안	floorNumber	출력	셈한값/숫자	①값	show Floor floorNumber	print("Floor " + str(floorNumber))
site	en--rpg-deep.nme	258	글 안	foeName	출력	글자/셈한값	①값	show foeName is in the way.	print(str(foeName) + " is in the way.")
site	en--rpg-deep.nme	286	글 안	foeName	출력	글자/셈한값	①값	show foeName foeLife / foeMax	print(str(foeName) + " " + str(foeLife) + " / " + str(foeMax))
site	en--rpg-deep.nme	286	글 안	foeLife	출력	그밖/셈한값	①값	show foeName foeLife / foeMax	print(str(foeName) + " " + str(foeLife) + " / " + str(foeMax))
site	en--rpg-deep.nme	286	글 안	foeMax	출력	셈한값/숫자	①값	show foeName foeLife / foeMax	print(str(foeName) + " " + str(foeLife) + " / " + str(foeMax))
site	en--rpg-deep.nme	289	글 안	heroName	출력	글자/물어본글	①값	show heroName heroLife / heroMax · spark heroSpark / heroSparkMax	print(str(heroName) + " " + str(heroLife) + " / " + str(heroMax) + " · spark " + str(heroSpark) + " / " + str(heroSparkM
site	en--rpg-deep.nme	289	글 안	heroLife	출력	그밖/셈한값	①값	show heroName heroLife / heroMax · spark heroSpark / heroSparkMax	print(str(heroName) + " " + str(heroLife) + " / " + str(heroMax) + " · spark " + str(heroSpark) + " / " + str(heroSparkM
site	en--rpg-deep.nme	289	글 안	heroMax	출력	셈한값/숫자	①값	show heroName heroLife / heroMax · spark heroSpark / heroSparkMax	print(str(heroName) + " " + str(heroLife) + " / " + str(heroMax) + " · spark " + str(heroSpark) + " / " + str(heroSparkM
site	en--rpg-deep.nme	289	글 안	heroSpark	출력	그밖/셈한값	①값	show heroName heroLife / heroMax · spark heroSpark / heroSparkMax	print(str(heroName) + " " + str(heroLife) + " / " + str(heroMax) + " · spark " + str(heroSpark) + " / " + str(heroSparkM
site	en--rpg-deep.nme	289	글 안	heroSparkMax	출력	셈한값/숫자	①값	show heroName heroLife / heroMax · spark heroSpark / heroSparkMax	print(str(heroName) + " " + str(heroLife) + " / " + str(heroMax) + " · spark " + str(heroSpark) + " / " + str(heroSparkM
site	en--rpg-deep.nme	292	글 안	heroFlask	출력	셈한값/숫자	①값	show flasks heroFlask · ethers heroEther · bombs heroBomb · coins heroPurse	print("flasks " + str(heroFlask) + " · ethers " + str(heroEther) + " · bombs " + str(heroBomb) + " · coins " + str(heroP
site	en--rpg-deep.nme	292	글 안	heroEther	출력	셈한값/숫자	①값	show flasks heroFlask · ethers heroEther · bombs heroBomb · coins heroPurse	print("flasks " + str(heroFlask) + " · ethers " + str(heroEther) + " · bombs " + str(heroBomb) + " · coins " + str(heroP
site	en--rpg-deep.nme	292	글 안	heroBomb	출력	셈한값/숫자	①값	show flasks heroFlask · ethers heroEther · bombs heroBomb · coins heroPurse	print("flasks " + str(heroFlask) + " · ethers " + str(heroEther) + " · bombs " + str(heroBomb) + " · coins " + str(heroP
site	en--rpg-deep.nme	292	글 안	heroPurse	출력	셈한값/숫자	①값	show flasks heroFlask · ethers heroEther · bombs heroBomb · coins heroPurse	print("flasks " + str(heroFlask) + " · ethers " + str(heroEther) + " · bombs " + str(heroBomb) + " · coins " + str(heroP
site	en--rpg-deep.nme	293	글 안	skillName	출력	글자	①값	show Your skill is skillName.	print("Your skill is " + str(skillName) + ".")
site	en--rpg-deep.nme	309	글 안	dealt	출력	그밖/셈한값	①값	show Blue fire takes dealt off it.	print("Blue fire takes " + str(dealt) + " off it.")
site	en--rpg-deep.nme	314	글 안	dealt	출력	그밖/셈한값	①값	show The first blade lands for dealt.	print("The first blade lands for " + str(dealt) + ".")
site	en--rpg-deep.nme	318	글 안	dealt	출력	그밖/셈한값	①값	show The second one lands for dealt.	print("The second one lands for " + str(dealt) + ".")
site	en--rpg-deep.nme	324	글 안	dealt	출력	그밖/셈한값	①값	show The arrow goes deep for dealt and stays in.	print("The arrow goes deep for " + str(dealt) + " and stays in.")
site	en--rpg-deep.nme	333	글 안	dealt	출력	그밖/셈한값	①값	show The shield takes dealt and you steady yourself.	print("The shield takes " + str(dealt) + " and you steady yourself.")
site	en--rpg-deep.nme	370	글 안	dealt	출력	그밖/셈한값	①값	show The bomb goes off for dealt.	print("The bomb goes off for " + str(dealt) + ".")
site	en--rpg-deep.nme	414	글 안	dealt	출력	그밖/셈한값	①값	show Your blow lands for dealt.	print("Your blow lands for " + str(dealt) + ".")
site	en--rpg-deep.nme	427	글 안	foeName	출력	글자/셈한값	①값	show foeName is finished.	print(str(foeName) + " is finished.")
site	en--rpg-deep.nme	456	글 안	foeName	출력	글자/셈한값	①값	show foeName answers for taken.	print(str(foeName) + " answers for " + str(taken) + ".")
site	en--rpg-deep.nme	456	글 안	taken	출력	그밖/셈한값/숫자	①값	show foeName answers for taken.	print(str(foeName) + " answers for " + str(taken) + ".")
site	en--rpg-deep.nme	468	글 안	venomBite	출력	그밖	①값	show The venom takes venomBite more.	print("The venom takes " + str(venomBite) + " more.")
site	en--rpg-deep.nme	488	글 안	foeGold	출력	셈한값/숫자	①값	show You take foeGold coins and learn foeXp from it.	print("You take " + str(foeGold) + " coins and learn " + str(foeXp) + " from it.")
site	en--rpg-deep.nme	488	글 안	foeXp	출력	셈한값/숫자	①값	show You take foeGold coins and learn foeXp from it.	print("You take " + str(foeGold) + " coins and learn " + str(foeXp) + " from it.")
site	en--rpg-deep.nme	506	글 안	heroName	출력	글자/물어본글	①값	show heroName is level heroLevel now.	print(str(heroName) + " is level " + str(heroLevel) + " now.")
site	en--rpg-deep.nme	506	글 안	heroLevel	출력	셈한값/숫자	①값	show heroName is level heroLevel now.	print(str(heroName) + " is level " + str(heroLevel) + " now.")
site	en--rpg-deep.nme	554	글 안	flaskPrice	출력	그밖	①값	show flask flaskPrice · ether etherPrice · bomb bombPrice · sharpen forgePrice	print("flask " + str(flaskPrice) + " · ether " + str(etherPrice) + " · bomb " + str(bombPrice) + " · sharpen " + str(for
site	en--rpg-deep.nme	554	글 안	etherPrice	출력	숫자	①값	show flask flaskPrice · ether etherPrice · bomb bombPrice · sharpen forgePrice	print("flask " + str(flaskPrice) + " · ether " + str(etherPrice) + " · bomb " + str(bombPrice) + " · sharpen " + str(for
site	en--rpg-deep.nme	554	글 안	bombPrice	출력	숫자	①값	show flask flaskPrice · ether etherPrice · bomb bombPrice · sharpen forgePrice	print("flask " + str(flaskPrice) + " · ether " + str(etherPrice) + " · bomb " + str(bombPrice) + " · sharpen " + str(for
site	en--rpg-deep.nme	554	글 안	forgePrice	출력	그밖	①값	show flask flaskPrice · ether etherPrice · bomb bombPrice · sharpen forgePrice	print("flask " + str(flaskPrice) + " · ether " + str(etherPrice) + " · bomb " + str(bombPrice) + " · sharpen " + str(for
site	en--rpg-deep.nme	555	글 안	heroPurse	출력	셈한값/숫자	①값	show You have heroPurse coins.	print("You have " + str(heroPurse) + " coins.")
site	en--rpg-deep.nme	618	글 안	found	출력	그밖	①값	show Something is caught under the step — found coins.	print("Something is caught under the step — " + str(found) + " coins.")
site	en--rpg-deep.nme	633	글 안	taken	출력	그밖/셈한값/숫자	①값	show That costs taken.	print("That costs " + str(taken) + ".")
site	en--rpg-deep.nme	684	글 안	heroName	출력	글자/물어본글	①값	show heroName · heroKind · level heroLevel	print(str(heroName) + " · " + str(heroKind) + " · level " + str(heroLevel))
site	en--rpg-deep.nme	684	글 안	heroKind	출력	글자	①값	show heroName · heroKind · level heroLevel	print(str(heroName) + " · " + str(heroKind) + " · level " + str(heroLevel))
site	en--rpg-deep.nme	684	글 안	heroLevel	출력	셈한값/숫자	①값	show heroName · heroKind · level heroLevel	print(str(heroName) + " · " + str(heroKind) + " · level " + str(heroLevel))
site	en--rpg-deep.nme	685	글 안	heroWeapon	출력	글자	①값	show weapon heroWeapon · armour heroArmour	print("weapon " + str(heroWeapon) + " · armour " + str(heroArmour))
site	en--rpg-deep.nme	685	글 안	heroArmour	출력	글자	①값	show weapon heroWeapon · armour heroArmour	print("weapon " + str(heroWeapon) + " · armour " + str(heroArmour))
site	en--rpg-deep.nme	686	글 안	deepestFloor	출력	그밖/숫자	①값	show deepest floor deepestFloor · rounds fought roundCount · coins heroPurse	print("deepest floor " + str(deepestFloor) + " · rounds fought " + str(roundCount) + " · coins " + str(heroPurse))
site	en--rpg-deep.nme	686	글 안	roundCount	출력	셈한값/숫자	①값	show deepest floor deepestFloor · rounds fought roundCount · coins heroPurse	print("deepest floor " + str(deepestFloor) + " · rounds fought " + str(roundCount) + " · coins " + str(heroPurse))
site	en--rpg-deep.nme	686	글 안	heroPurse	출력	셈한값/숫자	①값	show deepest floor deepestFloor · rounds fought roundCount · coins heroPurse	print("deepest floor " + str(deepestFloor) + " · rounds fought " + str(roundCount) + " · coins " + str(heroPurse))
site	en--rpg-deep.nme	691	글 안	beast	출력	모름	①값	show beast howOften	print(str(beast) + " " + str(howOften))
site	en--rpg-deep.nme	691	글 안	howOften	출력	그밖	①값	show beast howOften	print(str(beast) + " " + str(howOften))
site	en--rpg.nme	64	글 안	heroName	출력	글자/물어본글	①값	show heroName · heroKind · step rank	print(str(heroName) + " · " + str(heroKind) + " · step " + str(rank))
site	en--rpg.nme	64	글 안	heroKind	출력	글자	①값	show heroName · heroKind · step rank	print(str(heroName) + " · " + str(heroKind) + " · step " + str(rank))
site	en--rpg.nme	64	글 안	rank	출력	셈한값/숫자	①값	show heroName · heroKind · step rank	print(str(heroName) + " · " + str(heroKind) + " · step " + str(rank))
site	en--rpg.nme	65	글 안	heroHit	출력	셈한값/숫자	①값	show arm heroHit · shield heroGuard · spark heroSpark	print("arm " + str(heroHit) + " · shield " + str(heroGuard) + " · spark " + str(heroSpark))
site	en--rpg.nme	65	글 안	heroGuard	출력	셈한값/숫자	①값	show arm heroHit · shield heroGuard · spark heroSpark	print("arm " + str(heroHit) + " · shield " + str(heroGuard) + " · spark " + str(heroSpark))
site	en--rpg.nme	65	글 안	heroSpark	출력	셈한값/숫자	①값	show arm heroHit · shield heroGuard · spark heroSpark	print("arm " + str(heroHit) + " · shield " + str(heroGuard) + " · spark " + str(heroSpark))
site	en--rpg.nme	66	글 안	heroLife	출력	그밖/셈한값	①값	show life heroLife / heroMax · flasks heroFlask · coins purse	print("life " + str(heroLife) + " / " + str(heroMax) + " · flasks " + str(heroFlask) + " · coins " + str(purse))
site	en--rpg.nme	66	글 안	heroMax	출력	셈한값/숫자	①값	show life heroLife / heroMax · flasks heroFlask · coins purse	print("life " + str(heroLife) + " / " + str(heroMax) + " · flasks " + str(heroFlask) + " · coins " + str(purse))
site	en--rpg.nme	66	글 안	heroFlask	출력	셈한값/숫자	①값	show life heroLife / heroMax · flasks heroFlask · coins purse	print("life " + str(heroLife) + " / " + str(heroMax) + " · flasks " + str(heroFlask) + " · coins " + str(purse))
site	en--rpg.nme	66	글 안	purse	출력	셈한값/숫자	①값	show life heroLife / heroMax · flasks heroFlask · coins purse	print("life " + str(heroLife) + " / " + str(heroMax) + " · flasks " + str(heroFlask) + " · coins " + str(purse))
site	en--rpg.nme	77	글 안	floorNumber	출력	셈한값/숫자	①값	say in the middle floor floorNumber	print((lambda _t: " " * max(0, (40 - sum(2 if __import__("unicodedata").east_asian_width(_c) in "WF" else 1 for _c in _t
site	en--rpg.nme	107	글 안	foeName	출력	그밖/글자	①값	show foeName steps into the way.	print(str(foeName) + " steps into the way.")
site	en--rpg.nme	113	글 안	foeName	출력	그밖/글자	①값	show against foeName · left foeLife / foeMax	print("against " + str(foeName) + " · left " + str(foeLife) + " / " + str(foeMax))
site	en--rpg.nme	113	글 안	foeLife	출력	그밖/셈한값	①값	show against foeName · left foeLife / foeMax	print("against " + str(foeName) + " · left " + str(foeLife) + " / " + str(foeMax))
site	en--rpg.nme	113	글 안	foeMax	출력	숫자	①값	show against foeName · left foeLife / foeMax	print("against " + str(foeName) + " · left " + str(foeLife) + " / " + str(foeMax))
site	en--rpg.nme	114	글 안	heroLife	출력	그밖/셈한값	①값	show yours heroLife / heroMax · spark heroSpark · flasks heroFlask	print("yours " + str(heroLife) + " / " + str(heroMax) + " · spark " + str(heroSpark) + " · flasks " + str(heroFlask))
site	en--rpg.nme	114	글 안	heroMax	출력	셈한값/숫자	①값	show yours heroLife / heroMax · spark heroSpark · flasks heroFlask	print("yours " + str(heroLife) + " / " + str(heroMax) + " · spark " + str(heroSpark) + " · flasks " + str(heroFlask))
site	en--rpg.nme	114	글 안	heroSpark	출력	셈한값/숫자	①값	show yours heroLife / heroMax · spark heroSpark · flasks heroFlask	print("yours " + str(heroLife) + " / " + str(heroMax) + " · spark " + str(heroSpark) + " · flasks " + str(heroFlask))
site	en--rpg.nme	114	글 안	heroFlask	출력	셈한값/숫자	①값	show yours heroLife / heroMax · spark heroSpark · flasks heroFlask	print("yours " + str(heroLife) + " / " + str(heroMax) + " · spark " + str(heroSpark) + " · flasks " + str(heroFlask))
site	en--rpg.nme	126	글 안	dealt	출력	그밖/셈한값	①값	show Blue fire bites for dealt.	print("Blue fire bites for " + str(dealt) + ".")
site	en--rpg.nme	169	글 안	dealt	출력	그밖/셈한값	①값	show Your blow lands for dealt.	print("Your blow lands for " + str(dealt) + ".")
site	en--rpg.nme	175	글 안	foeName	출력	그밖/글자	①값	show foeName goes down.	print(str(foeName) + " goes down.")
site	en--rpg.nme	186	글 안	foeName	출력	그밖/글자	①값	show The answer from foeName costs you taken.	print("The answer from " + str(foeName) + " costs you " + str(taken) + ".")
site	en--rpg.nme	186	글 안	taken	출력	그밖/셈한값/숫자	①값	show The answer from foeName costs you taken.	print("The answer from " + str(foeName) + " costs you " + str(taken) + ".")
site	en--rpg.nme	204	글 안	prizeGold	출력	숫자	①값	show won prizeGold coins · lesson prizeWisdom	print("won " + str(prizeGold) + " coins · lesson " + str(prizeWisdom))
site	en--rpg.nme	204	글 안	prizeWisdom	출력	숫자	①값	show won prizeGold coins · lesson prizeWisdom	print("won " + str(prizeGold) + " coins · lesson " + str(prizeWisdom))
site	en--rpg.nme	216	글 안	rank	출력	셈한값/숫자	①값	say in a box you are step rank now	print((lambda _t: (lambda _w: "┌" + "─" * (_w + 2) + "┐\n│ " + _t + " │\n└" + "─" * (_w + 2) + "┘")(sum(2 if __import__(
site	en--rpg.nme	228	글 안	purse	출력	셈한값/숫자	①값	show purse coins in hand.	print(str(purse) + " coins in hand.")
site	en--rpg.nme	289	글 안	heroName	출력	글자/물어본글	①값	show heroName · heroKind · step rank · up to floor floorNumber	print(str(heroName) + " · " + str(heroKind) + " · step " + str(rank) + " · up to floor " + str(floorNumber))
site	en--rpg.nme	289	글 안	heroKind	출력	글자	①값	show heroName · heroKind · step rank · up to floor floorNumber	print(str(heroName) + " · " + str(heroKind) + " · step " + str(rank) + " · up to floor " + str(floorNumber))
site	en--rpg.nme	289	글 안	rank	출력	셈한값/숫자	①값	show heroName · heroKind · step rank · up to floor floorNumber	print(str(heroName) + " · " + str(heroKind) + " · step " + str(rank) + " · up to floor " + str(floorNumber))
site	en--rpg.nme	289	글 안	floorNumber	출력	셈한값/숫자	①값	show heroName · heroKind · step rank · up to floor floorNumber	print(str(heroName) + " · " + str(heroKind) + " · step " + str(rank) + " · up to floor " + str(floorNumber))
site	en--rps.nme	5	글 안	mine	출력	글자	①값	show I chose mine	print("I chose " + str(mine))
site	en--rps.nme	7	비교의 오른쪽	mine	조건	글자	①값	if yours equals mine	if (yours == mine):
site	en--shop.nme	25	글 안	purse	출력	셈한값/숫자	①값	show You have purse left.	print("You have " + str(purse) + " left.")
site	en--shop.nme	29	글 안	place	출력	모름	①값	show place · thing · cost	print(str(place) + " · " + str(thing) + " · " + str(cost))
site	en--shop.nme	29	글 안	thing	출력	모름	①값	show place · thing · cost	print(str(place) + " · " + str(thing) + " · " + str(cost))
site	en--shop.nme	29	글 안	cost	출력	그밖	①값	show place · thing · cost	print(str(place) + " · " + str(thing) + " · " + str(cost))
site	en--shop.nme	46	글 안	wanted	출력	물어본글	①값	show Into the basket — wanted · cost off the purse.	print("Into the basket — " + str(wanted) + " · " + str(cost) + " off the purse.")
site	en--shop.nme	46	글 안	cost	출력	그밖	①값	show Into the basket — wanted · cost off the purse.	print("Into the basket — " + str(wanted) + " · " + str(cost) + " off the purse.")
site	en--shop.nme	62	글 안	spent	출력	셈한값/숫자	①값	show how many basket things · spent spent · purse left	print(str(len(basket)) + " things · spent " + str(spent) + " · " + str(purse) + " left")
site	en--shop.nme	62	글 안	purse	출력	셈한값/숫자	①값	show how many basket things · spent spent · purse left	print(str(len(basket)) + " things · spent " + str(spent) + " · " + str(purse) + " left")
site	en--sum.nme	9	글 안	total	출력	그밖/셈한값	①값	show Altogether that is total	print("Altogether that is " + str(total))
site	en--textwork.nme	3	글 안	row	대입	글자	①값	set fruits to row split by comma	fruits = str(row).split(",")
site	en--textwork.nme	9	글 안	star	대입	글자	①값	set bar to star repeated place times	bar = str(star) * place
site	en--wordguess.nme	27	비교의 오른쪽	secret	조건	셈한값	①값	if guess equals secret	if (guess == secret):
site	en--wordguess.nme	37	글 안	secret	출력	셈한값	①값	show It was secret	print("It was " + str(secret))
site	en--wordguess.nme	41	글 안	triesLeft	출력	셈한값/숫자	①값	show Not that one. Tries to go — triesLeft	print("Not that one. Tries to go — " + str(triesLeft))
site	en--zk.nme	2	글 안	문맥값	그밖	모름	①값	use zero_knowledge latest	import secrets as 영지식비밀난수; zk_prime = 영지식큰소수 = 0xFFFFFFFFFFFFFFFFC90FDAA22168C234C4C6628B80DC1CD129024E088A67CC74020BBEA
site	ko--ask.nme	3	글 안	이름	출력	물어본글	①값	안녕하세요 이름! 말해줘	print("안녕하세요 " + str(이름) + "!")
site	ko--baseball.nme	21	글 안	남은판	출력	셈한값/숫자	①값	남은 판 — 남은판 말해줘	print("남은 판 — " + str(남은판))
site	ko--baseball.nme	30	비교의 오른쪽	숨은첫째	조건	그밖	①값	만약에 고른첫째가 숨은첫째와 같으면	if (고른첫째 == 숨은첫째):
site	ko--baseball.nme	32	비교의 오른쪽	숨은둘째	조건	그밖	①값	아니면 만약에 고른첫째가 숨은둘째와 같으면	elif (고른첫째 == 숨은둘째):
site	ko--baseball.nme	34	비교의 오른쪽	숨은셋째	조건	그밖	①값	아니면 만약에 고른첫째가 숨은셋째와 같으면	elif (고른첫째 == 숨은셋째):
site	ko--baseball.nme	38	비교의 오른쪽	숨은둘째	조건	그밖	①값	만약에 고른둘째가 숨은둘째와 같으면	if (고른둘째 == 숨은둘째):
site	ko--baseball.nme	40	비교의 오른쪽	숨은첫째	조건	그밖	①값	아니면 만약에 고른둘째가 숨은첫째와 같으면	elif (고른둘째 == 숨은첫째):
site	ko--baseball.nme	42	비교의 오른쪽	숨은셋째	조건	그밖	①값	아니면 만약에 고른둘째가 숨은셋째와 같으면	elif (고른둘째 == 숨은셋째):
site	ko--baseball.nme	46	비교의 오른쪽	숨은셋째	조건	그밖	①값	만약에 고른셋째가 숨은셋째와 같으면	if (고른셋째 == 숨은셋째):
site	ko--baseball.nme	48	비교의 오른쪽	숨은첫째	조건	그밖	①값	아니면 만약에 고른셋째가 숨은첫째와 같으면	elif (고른셋째 == 숨은첫째):
site	ko--baseball.nme	50	비교의 오른쪽	숨은둘째	조건	그밖	①값	아니면 만약에 고른셋째가 숨은둘째와 같으면	elif (고른셋째 == 숨은둘째):
site	ko--baseball.nme	54	글 안	스트라이크수	출력	셈한값/숫자	①값	스트라이크 스트라이크수 · 볼 볼수 말해줘	print("스트라이크 " + str(스트라이크수) + " · 볼 " + str(볼수))
site	ko--baseball.nme	54	글 안	볼수	출력	셈한값/숫자	①값	스트라이크 스트라이크수 · 볼 볼수 말해줘	print("스트라이크 " + str(스트라이크수) + " · 볼 " + str(볼수))
site	ko--baseball.nme	65	글 안	숨은첫째	출력	그밖	①값	판이 다 끝났습니다. 답은 숨은첫째 숨은둘째 숨은셋째 말해줘	print("판이 다 끝났습니다. 답은 " + str(숨은첫째) + " " + str(숨은둘째) + " " + str(숨은셋째))
site	ko--baseball.nme	65	글 안	숨은둘째	출력	그밖	①값	판이 다 끝났습니다. 답은 숨은첫째 숨은둘째 숨은셋째 말해줘	print("판이 다 끝났습니다. 답은 " + str(숨은첫째) + " " + str(숨은둘째) + " " + str(숨은셋째))
site	ko--baseball.nme	65	글 안	숨은셋째	출력	그밖	①값	판이 다 끝났습니다. 답은 숨은첫째 숨은둘째 숨은셋째 말해줘	print("판이 다 끝났습니다. 답은 " + str(숨은첫째) + " " + str(숨은둘째) + " " + str(숨은셋째))
site	ko--coin.nme	9	글 안	논스	대입	셈한값/숫자	①값	후보 = 이전값 + str(논스)	후보 = 이전값 + str(논스)
site	ko--conditions.nme	6	글 안	이름	조건	글자	①값	만약 이름이 있으면 그리고 시각이 18보다 크면 좋은 저녁이에요 이름! 말해줘	if (이름 and 시각 > 18): print("좋은 저녁이에요 " + str(이름) + "!")
site	ko--gradebook.nme	16	글 안	자리	출력	모름	①값	자리 · 사람 · 그점수 말해줘	print(str(자리) + " · " + str(사람) + " · " + str(그점수))
site	ko--gradebook.nme	16	글 안	사람	출력	모름	①값	자리 · 사람 · 그점수 말해줘	print(str(자리) + " · " + str(사람) + " · " + str(그점수))
site	ko--gradebook.nme	16	글 안	그점수	출력	셈한값	①값	자리 · 사람 · 그점수 말해줘	print(str(자리) + " · " + str(사람) + " · " + str(그점수))
site	ko--gradebook.nme	24	글 안	사람수	출력	그밖	①값	사람수 명 · 모두 합쳐 합계 말해줘	print(str(사람수) + " 명 · 모두 합쳐 " + str(합계))
site	ko--gradebook.nme	24	글 안	합계	출력	그밖	①값	사람수 명 · 모두 합쳐 합계 말해줘	print(str(사람수) + " 명 · 모두 합쳐 " + str(합계))
site	ko--gradebook.nme	25	글 안	최고점	출력	그밖	①값	가장 높은 점수 최고점 · 가장 낮은 점수 최저점 말해줘	print("가장 높은 점수 " + str(최고점) + " · 가장 낮은 점수 " + str(최저점))
site	ko--gradebook.nme	25	글 안	최저점	출력	그밖	①값	가장 높은 점수 최고점 · 가장 낮은 점수 최저점 말해줘	print("가장 높은 점수 " + str(최고점) + " · 가장 낮은 점수 " + str(최저점))
site	ko--gradebook.nme	35	글 안	평균	출력	셈한값/숫자	①값	평균은 평균 말해줘	print("평균은 " + str(평균))
site	ko--guess.nme	5	비교의 오른쪽	정답	조건	그밖	①값	만약에 추측이 정답과 같으면	if (추측 == 정답):
site	ko--levels.nme	12	글 안	사람	출력	모름	①값	안녕하세요 사람! 말해줘	print("안녕하세요 " + str(사람) + "!")
site	ko--list.nme	4	글 안	친구	출력	모름	①값	안녕하세요 친구! 말해줘	print("안녕하세요 " + str(친구) + "!")
site	ko--memory.nme	26	글 안	판수	출력	셈한값/숫자	①값	판수 판째 말해줘	print(str(판수) + " 판째")
site	ko--memory.nme	33	글 안	답한것	대입	물어본글	①값	나눈것은 답한것을 빈칸으로 나눈 것	나눈것 = str(답한것).split(" ")
site	ko--memory.nme	35	비교의 오른쪽	나온줄	조건	목록	①값	만약에 나눈것이 나온줄과 같으면	if (나눈것 == 나온줄):
site	ko--memory.nme	42	글 안	판수	출력	셈한값/숫자	①값	여기까지 외웠습니다 — 판수 말해줘	print("여기까지 외웠습니다 — " + str(판수))
site	ko--mix.nme	4	글 안	동물	그밖	그밖	①값	3 times 동물 친구가 생겼어요! 말해줘	for _ in range(3): print(str(동물) + " 친구가 생겼어요!")
site	ko--peace.nme	99	글 안	글귀	출력	모름	①값	가운데 말해줘 글귀	print((lambda _t: " " * max(0, (40 - sum(2 if __import__("unicodedata").east_asian_width(_c) in "WF" else 1 for _c in _t
site	ko--peace.nme	105	글 안	글귀	출력	모름	①값	가운데 말해줘 글귀	print((lambda _t: " " * max(0, (40 - sum(2 if __import__("unicodedata").east_asian_width(_c) in "WF" else 1 for _c in _t
site	ko--peace.nme	112	글 안	찬칸	대입	글자	①값	막대글은 찬칸 0개 붙인 것	막대글 = str(찬칸) * 0
site	ko--peace.nme	144	글 안	표시골드	출력	셈한값/숫자	①값	골드 표시골드 · 실버 표시실버 · 브론즈 표시브론즈 말해줘	print("골드 " + str(표시골드) + " · 실버 " + str(표시실버) + " · 브론즈 " + str(표시브론즈))
site	ko--peace.nme	144	글 안	표시실버	출력	셈한값/숫자	①값	골드 표시골드 · 실버 표시실버 · 브론즈 표시브론즈 말해줘	print("골드 " + str(표시골드) + " · 실버 " + str(표시실버) + " · 브론즈 " + str(표시브론즈))
site	ko--peace.nme	144	글 안	표시브론즈	출력	그밖/셈한값	①값	골드 표시골드 · 실버 표시실버 · 브론즈 표시브론즈 말해줘	print("골드 " + str(표시골드) + " · 실버 " + str(표시실버) + " · 브론즈 " + str(표시브론즈))
site	ko--peace.nme	194	글 안	빈바탕	대입	글자	①값	완성코드칸은 빈바탕을 0개 붙인 것	완성코드칸 = str(빈바탕) * 0
site	ko--peace.nme	326	글 안	용사이름	대입	그밖/글자/물어본글	①값	이름검사조각들은 용사이름을 쉼표로 나눈 것	이름검사조각들 = str(용사이름).split(",")
site	ko--peace.nme	743	글 안	저장문	대입	물어본글	①값	저장조각들은 저장문을 쉼표로 나눈 것	저장조각들 = str(저장문).split(",")
site	ko--peace.nme	751	글 안	이름칸	대입	그밖	①값	정리한이름은 이름칸을 0개 붙인 것	정리한이름 = str(이름칸) * 0
site	ko--peace.nme	883	비교의 오른쪽	받은검사값	조건	그밖	①값	만약에 계산검사값이 받은검사값과 같지 않으면	if (계산검사값 != 받은검사값):
site	ko--peace.nme	910	글 안	용사이름	출력	그밖/글자/물어본글	①값	불러오기가 끝났습니다. 용사이름의 모험을 지역번호 번째 길에서 이어 갑니다. 말해줘	print("불러오기가 끝났습니다. " + str(용사이름) + "의 모험을 " + str(지역번호) + " 번째 길에서 이어 갑니다.")
site	ko--peace.nme	910	글 안	지역번호	출력	그밖/셈한값/숫자	①값	불러오기가 끝났습니다. 용사이름의 모험을 지역번호 번째 길에서 이어 갑니다. 말해줘	print("불러오기가 끝났습니다. " + str(용사이름) + "의 모험을 " + str(지역번호) + " 번째 길에서 이어 갑니다.")
site	ko--peace.nme	1299	글 안	용사이름	출력	그밖/글자/물어본글	①값	용사이름 · 직업이름 · 난도이름 난이도 말해줘	print(str(용사이름) + " · " + str(직업이름) + " · " + str(난도이름) + " 난이도")
site	ko--peace.nme	1299	글 안	직업이름	출력	글자	①값	용사이름 · 직업이름 · 난도이름 난이도 말해줘	print(str(용사이름) + " · " + str(직업이름) + " · " + str(난도이름) + " 난이도")
site	ko--peace.nme	1299	글 안	난도이름	출력	글자	①값	용사이름 · 직업이름 · 난도이름 난이도 말해줘	print(str(용사이름) + " · " + str(직업이름) + " · " + str(난도이름) + " 난이도")
site	ko--peace.nme	1300	글 안	직업특성	출력	글자	①값	직업 특성 · 직업특성 말해줘	print("직업 특성 · " + str(직업특성))
site	ko--peace.nme	1301	글 안	무기이름	출력	글자	①값	무기 무기이름 · 갑옷 갑옷이름 · 장신구 장신구이름 말해줘	print("무기 " + str(무기이름) + " · 갑옷 " + str(갑옷이름) + " · 장신구 " + str(장신구이름))
site	ko--peace.nme	1301	글 안	갑옷이름	출력	글자	①값	무기 무기이름 · 갑옷 갑옷이름 · 장신구 장신구이름 말해줘	print("무기 " + str(무기이름) + " · 갑옷 " + str(갑옷이름) + " · 장신구 " + str(장신구이름))
site	ko--peace.nme	1301	글 안	장신구이름	출력	글자	①값	무기 무기이름 · 갑옷 갑옷이름 · 장신구 장신구이름 말해줘	print("무기 " + str(무기이름) + " · 갑옷 " + str(갑옷이름) + " · 장신구 " + str(장신구이름))
site	ko--peace.nme	1302	글 안	기술이름	출력	글자	①값	기술 기술이름 · 필요한 기운 기술비용 · 속성 기술속성 말해줘	print("기술 " + str(기술이름) + " · 필요한 기운 " + str(기술비용) + " · 속성 " + str(기술속성))
site	ko--peace.nme	1302	글 안	기술비용	출력	숫자	①값	기술 기술이름 · 필요한 기운 기술비용 · 속성 기술속성 말해줘	print("기술 " + str(기술이름) + " · 필요한 기운 " + str(기술비용) + " · 속성 " + str(기술속성))
site	ko--peace.nme	1302	글 안	기술속성	출력	글자	①값	기술 기술이름 · 필요한 기운 기술비용 · 속성 기술속성 말해줘	print("기술 " + str(기술이름) + " · 필요한 기운 " + str(기술비용) + " · 속성 " + str(기술속성))
site	ko--peace.nme	1303	글 안	궁극기이름	출력	글자	①값	궁극기 궁극기이름 · 공격과 방어로 충전됩니다 말해줘	print("궁극기 " + str(궁극기이름) + " · 공격과 방어로 충전됩니다")
site	ko--peace.nme	1994	글 안	지역번호	출력	그밖/셈한값/숫자	①값	지역번호 번째 길 말해줘	print(str(지역번호) + " 번째 길")
site	ko--peace.nme	1995	글 안	적이름	출력	글자	①값	적이름 앞을 가로막습니다 말해줘	print(str(적이름) + " 앞을 가로막습니다")
site	ko--peace.nme	1997	글 안	전장효과	출력	글자	①값	전장 효과 · 전장효과 말해줘	print("전장 효과 · " + str(전장효과))
site	ko--peace.nme	2045	글 안	지역이름	출력	글자	①값	⚔ 지역이름 · 지역번호 번째 길 말해줘	print("⚔ " + str(지역이름) + " · " + str(지역번호) + " 번째 길")
site	ko--peace.nme	2045	글 안	지역번호	출력	그밖/셈한값/숫자	①값	⚔ 지역이름 · 지역번호 번째 길 말해줘	print("⚔ " + str(지역이름) + " · " + str(지역번호) + " 번째 길")
site	ko--peace.nme	2046	글 안	적이름	출력	글자	①값	🟥 적 · 적이름 · 생명 적생명 / 적최대생명 말해줘	print("🟥 적 · " + str(적이름) + " · 생명 " + str(적생명) + " / " + str(적최대생명))
site	ko--peace.nme	2046	글 안	적생명	출력	그밖/셈한값	①값	🟥 적 · 적이름 · 생명 적생명 / 적최대생명 말해줘	print("🟥 적 · " + str(적이름) + " · 생명 " + str(적생명) + " / " + str(적최대생명))
site	ko--peace.nme	2046	글 안	적최대생명	출력	셈한값/숫자	①값	🟥 적 · 적이름 · 생명 적생명 / 적최대생명 말해줘	print("🟥 적 · " + str(적이름) + " · 생명 " + str(적생명) + " / " + str(적최대생명))
site	ko--peace.nme	2049	글 안	용사이름	출력	그밖/글자/물어본글	①값	🟩 용사 · 용사이름 · 생명 용사생명 / 최대생명 · 기운 용사기운 / 최대기운 말해줘	print("🟩 용사 · " + str(용사이름) + " · 생명 " + str(용사생명) + " / " + str(최대생명) + " · 기운 " + str(용사기운) + " / " + str(최대기운))
site	ko--peace.nme	2049	글 안	용사생명	출력	그밖/셈한값/숫자	①값	🟩 용사 · 용사이름 · 생명 용사생명 / 최대생명 · 기운 용사기운 / 최대기운 말해줘	print("🟩 용사 · " + str(용사이름) + " · 생명 " + str(용사생명) + " / " + str(최대생명) + " · 기운 " + str(용사기운) + " / " + str(최대기운))
site	ko--peace.nme	2049	글 안	최대생명	출력	그밖/셈한값/숫자	①값	🟩 용사 · 용사이름 · 생명 용사생명 / 최대생명 · 기운 용사기운 / 최대기운 말해줘	print("🟩 용사 · " + str(용사이름) + " · 생명 " + str(용사생명) + " / " + str(최대생명) + " · 기운 " + str(용사기운) + " / " + str(최대기운))
site	ko--peace.nme	2049	글 안	용사기운	출력	그밖/셈한값/숫자	①값	🟩 용사 · 용사이름 · 생명 용사생명 / 최대생명 · 기운 용사기운 / 최대기운 말해줘	print("🟩 용사 · " + str(용사이름) + " · 생명 " + str(용사생명) + " / " + str(최대생명) + " · 기운 " + str(용사기운) + " / " + str(최대기운))
site	ko--peace.nme	2049	글 안	최대기운	출력	그밖/셈한값/숫자	①값	🟩 용사 · 용사이름 · 생명 용사생명 / 최대생명 · 기운 용사기운 / 최대기운 말해줘	print("🟩 용사 · " + str(용사이름) + " · 생명 " + str(용사생명) + " / " + str(최대생명) + " · 기운 " + str(용사기운) + " / " + str(최대기운))
site	ko--peace.nme	2052	글 안	용사단계	출력	그밖/셈한값/숫자	①값	단계 용사단계 · 공격 용사공격 · 방어 용사방어 · 속도 용사속도 말해줘	print("단계 " + str(용사단계) + " · 공격 " + str(용사공격) + " · 방어 " + str(용사방어) + " · 속도 " + str(용사속도))
site	ko--peace.nme	2052	글 안	용사공격	출력	그밖/셈한값/숫자	①값	단계 용사단계 · 공격 용사공격 · 방어 용사방어 · 속도 용사속도 말해줘	print("단계 " + str(용사단계) + " · 공격 " + str(용사공격) + " · 방어 " + str(용사방어) + " · 속도 " + str(용사속도))
site	ko--peace.nme	2052	글 안	용사방어	출력	그밖/셈한값/숫자	①값	단계 용사단계 · 공격 용사공격 · 방어 용사방어 · 속도 용사속도 말해줘	print("단계 " + str(용사단계) + " · 공격 " + str(용사공격) + " · 방어 " + str(용사방어) + " · 속도 " + str(용사속도))
site	ko--peace.nme	2052	글 안	용사속도	출력	그밖/셈한값/숫자	①값	단계 용사단계 · 공격 용사공격 · 방어 용사방어 · 속도 용사속도 말해줘	print("단계 " + str(용사단계) + " · 공격 " + str(용사공격) + " · 방어 " + str(용사방어) + " · 속도 " + str(용사속도))
site	ko--peace.nme	2053	글 안	적균형	출력	그밖/셈한값	①값	🟥 적 균형 적균형 / 적최대균형 · 예고 적의도 말해줘	print("🟥 적 균형 " + str(적균형) + " / " + str(적최대균형) + " · 예고 " + str(적의도))
site	ko--peace.nme	2053	글 안	적최대균형	출력	셈한값/숫자	①값	🟥 적 균형 적균형 / 적최대균형 · 예고 적의도 말해줘	print("🟥 적 균형 " + str(적균형) + " / " + str(적최대균형) + " · 예고 " + str(적의도))
site	ko--peace.nme	2053	글 안	적의도	출력	글자	①값	🟥 적 균형 적균형 / 적최대균형 · 예고 적의도 말해줘	print("🟥 적 균형 " + str(적균형) + " / " + str(적최대균형) + " · 예고 " + str(적의도))
site	ko--peace.nme	2057	글 안	전투속도	출력	그밖/셈한값/숫자	①값	🟦 회피 전투속도 퍼센트 · 치명 치명확률 퍼센트 · 동료 지원 동료지원확률 퍼센트 말해줘	print("🟦 회피 " + str(전투속도) + " 퍼센트 · 치명 " + str(치명확률) + " 퍼센트 · 동료 지원 " + str(동료지원확률) + " 퍼센트")
site	ko--peace.nme	2057	글 안	치명확률	출력	그밖	①값	🟦 회피 전투속도 퍼센트 · 치명 치명확률 퍼센트 · 동료 지원 동료지원확률 퍼센트 말해줘	print("🟦 회피 " + str(전투속도) + " 퍼센트 · 치명 " + str(치명확률) + " 퍼센트 · 동료 지원 " + str(동료지원확률) + " 퍼센트")
site	ko--peace.nme	2057	글 안	동료지원확률	출력	숫자	①값	🟦 회피 전투속도 퍼센트 · 치명 치명확률 퍼센트 · 동료 지원 동료지원확률 퍼센트 말해줘	print("🟦 회피 " + str(전투속도) + " 퍼센트 · 치명 " + str(치명확률) + " 퍼센트 · 동료 지원 " + str(동료지원확률) + " 퍼센트")
site	ko--peace.nme	2058	글 안	궁극기이름	출력	글자	①값	🟨 궁극기 궁극기이름 · 충전 궁극기충전 / 궁극기최대 말해줘	print("🟨 궁극기 " + str(궁극기이름) + " · 충전 " + str(궁극기충전) + " / " + str(궁극기최대))
site	ko--peace.nme	2058	글 안	궁극기충전	출력	그밖/셈한값/숫자	①값	🟨 궁극기 궁극기이름 · 충전 궁극기충전 / 궁극기최대 말해줘	print("🟨 궁극기 " + str(궁극기이름) + " · 충전 " + str(궁극기충전) + " / " + str(궁극기최대))
site	ko--peace.nme	2058	글 안	궁극기최대	출력	숫자	①값	🟨 궁극기 궁극기이름 · 충전 궁극기충전 / 궁극기최대 말해줘	print("🟨 궁극기 " + str(궁극기이름) + " · 충전 " + str(궁극기충전) + " / " + str(궁극기최대))
site	ko--peace.nme	2059	글 안	무기내구	출력	그밖/셈한값/숫자	①값	무기 내구 무기내구 / 무기최대내구 · 갑옷 내구 갑옷내구 / 갑옷최대내구 말해줘	print("무기 내구 " + str(무기내구) + " / " + str(무기최대내구) + " · 갑옷 내구 " + str(갑옷내구) + " / " + str(갑옷최대내구))
site	ko--peace.nme	2059	글 안	무기최대내구	출력	그밖/셈한값/숫자	①값	무기 내구 무기내구 / 무기최대내구 · 갑옷 내구 갑옷내구 / 갑옷최대내구 말해줘	print("무기 내구 " + str(무기내구) + " / " + str(무기최대내구) + " · 갑옷 내구 " + str(갑옷내구) + " / " + str(갑옷최대내구))
site	ko--peace.nme	2059	글 안	갑옷내구	출력	그밖/셈한값/숫자	①값	무기 내구 무기내구 / 무기최대내구 · 갑옷 내구 갑옷내구 / 갑옷최대내구 말해줘	print("무기 내구 " + str(무기내구) + " / " + str(무기최대내구) + " · 갑옷 내구 " + str(갑옷내구) + " / " + str(갑옷최대내구))
site	ko--peace.nme	2059	글 안	갑옷최대내구	출력	그밖/셈한값/숫자	①값	무기 내구 무기내구 / 무기최대내구 · 갑옷 내구 갑옷내구 / 갑옷최대내구 말해줘	print("무기 내구 " + str(무기내구) + " / " + str(무기최대내구) + " · 갑옷 내구 " + str(갑옷내구) + " / " + str(갑옷최대내구))
site	ko--peace.nme	2060	글 안	회복약수	출력	그밖/셈한값/숫자	①값	회복약 회복약수 · 고급회복약 고급회복약수 · 기운약 기운약수 · 해독제 해독제수 말해줘	print("회복약 " + str(회복약수) + " · 고급회복약 " + str(고급회복약수) + " · 기운약 " + str(기운약수) + " · 해독제 " + str(해독제수))
site	ko--peace.nme	2060	글 안	고급회복약수	출력	그밖/셈한값/숫자	①값	회복약 회복약수 · 고급회복약 고급회복약수 · 기운약 기운약수 · 해독제 해독제수 말해줘	print("회복약 " + str(회복약수) + " · 고급회복약 " + str(고급회복약수) + " · 기운약 " + str(기운약수) + " · 해독제 " + str(해독제수))
site	ko--peace.nme	2060	글 안	기운약수	출력	그밖/셈한값/숫자	①값	회복약 회복약수 · 고급회복약 고급회복약수 · 기운약 기운약수 · 해독제 해독제수 말해줘	print("회복약 " + str(회복약수) + " · 고급회복약 " + str(고급회복약수) + " · 기운약 " + str(기운약수) + " · 해독제 " + str(해독제수))
site	ko--peace.nme	2060	글 안	해독제수	출력	그밖/셈한값/숫자	①값	회복약 회복약수 · 고급회복약 고급회복약수 · 기운약 기운약수 · 해독제 해독제수 말해줘	print("회복약 " + str(회복약수) + " · 고급회복약 " + str(고급회복약수) + " · 기운약 " + str(기운약수) + " · 해독제 " + str(해독제수))
site	ko--peace.nme	2061	글 안	폭탄수	출력	그밖/셈한값/숫자	①값	폭탄 폭탄수 · 성수 성수수 · 연막탄 연막탄수 · 숫돌 숫돌수 말해줘	print("폭탄 " + str(폭탄수) + " · 성수 " + str(성수수) + " · 연막탄 " + str(연막탄수) + " · 숫돌 " + str(숫돌수))
site	ko--peace.nme	2061	글 안	성수수	출력	그밖/셈한값/숫자	①값	폭탄 폭탄수 · 성수 성수수 · 연막탄 연막탄수 · 숫돌 숫돌수 말해줘	print("폭탄 " + str(폭탄수) + " · 성수 " + str(성수수) + " · 연막탄 " + str(연막탄수) + " · 숫돌 " + str(숫돌수))
site	ko--peace.nme	2061	글 안	연막탄수	출력	그밖/셈한값/숫자	①값	폭탄 폭탄수 · 성수 성수수 · 연막탄 연막탄수 · 숫돌 숫돌수 말해줘	print("폭탄 " + str(폭탄수) + " · 성수 " + str(성수수) + " · 연막탄 " + str(연막탄수) + " · 숫돌 " + str(숫돌수))
site	ko--peace.nme	2061	글 안	숫돌수	출력	그밖/셈한값/숫자	①값	폭탄 폭탄수 · 성수 성수수 · 연막탄 연막탄수 · 숫돌 숫돌수 말해줘	print("폭탄 " + str(폭탄수) + " · 성수 " + str(성수수) + " · 연막탄 " + str(연막탄수) + " · 숫돌 " + str(숫돌수))
site	ko--peace.nme	2062	글 안	행운동전수	출력	그밖/셈한값/숫자	①값	행운동전 행운동전수 · 혼돈주사위 혼돈주사위수 말해줘	print("행운동전 " + str(행운동전수) + " · 혼돈주사위 " + str(혼돈주사위수))
site	ko--peace.nme	2062	글 안	혼돈주사위수	출력	그밖/셈한값/숫자	①값	행운동전 행운동전수 · 혼돈주사위 혼돈주사위수 말해줘	print("행운동전 " + str(행운동전수) + " · 혼돈주사위 " + str(혼돈주사위수))
site	ko--peace.nme	2200	글 안	첫운명패	출력	그밖	①값	상자로 말해줘 🎲 공개한 운명패 · 첫운명패 / 둘째운명패 / 셋째운명패	print((lambda _t: (lambda _w: "┌" + "─" * (_w + 2) + "┐\n│ " + _t + " │\n└" + "─" * (_w + 2) + "┘")(sum(2 if __import__(
site	ko--peace.nme	2200	글 안	둘째운명패	출력	그밖	①값	상자로 말해줘 🎲 공개한 운명패 · 첫운명패 / 둘째운명패 / 셋째운명패	print((lambda _t: (lambda _w: "┌" + "─" * (_w + 2) + "┐\n│ " + _t + " │\n└" + "─" * (_w + 2) + "┘")(sum(2 if __import__(
site	ko--peace.nme	2200	글 안	셋째운명패	출력	그밖	①값	상자로 말해줘 🎲 공개한 운명패 · 첫운명패 / 둘째운명패 / 셋째운명패	print((lambda _t: (lambda _w: "┌" + "─" * (_w + 2) + "┐\n│ " + _t + " │\n└" + "─" * (_w + 2) + "┘")(sum(2 if __import__(
site	ko--peace.nme	2243	비교의 오른쪽	적약점	조건	글자	①값	만약에 기술속성이 적약점과 같으면	if (기술속성 == 적약점):
site	ko--peace.nme	2250	글 안	궁극기이름	출력	글자	①값	궁극기이름 · 피해 준피해 말해줘	print(str(궁극기이름) + " · 피해 " + str(준피해))
site	ko--peace.nme	2250	글 안	준피해	출력	그밖/셈한값/숫자	①값	궁극기이름 · 피해 준피해 말해줘	print(str(궁극기이름) + " · 피해 " + str(준피해))
site	ko--peace.nme	2281	비교의 오른쪽	적약점	조건	글자	①값	만약에 기술속성이 적약점과 같으면	if (기술속성 == 적약점):
site	ko--peace.nme	2290	글 안	준피해	출력	그밖/셈한값/숫자	①값	화염구가 준피해 만큼 폭발하고 적에게 불길이 남습니다. 말해줘	print("화염구가 " + str(준피해) + " 만큼 폭발하고 적에게 불길이 남습니다.")
site	ko--peace.nme	2299	비교의 오른쪽	적약점	조건	글자	①값	만약에 기술속성이 적약점과 같으면	if (기술속성 == 적약점):
site	ko--peace.nme	2307	글 안	준피해	출력	그밖/셈한값/숫자	①값	첫 화살이 준피해 만큼 파고듭니다. 말해줘	print("첫 화살이 " + str(준피해) + " 만큼 파고듭니다.")
site	ko--peace.nme	2314	비교의 오른쪽	적약점	조건	글자	①값	만약에 기술속성이 적약점과 같으면	if (기술속성 == 적약점):
site	ko--peace.nme	2319	글 안	준피해	출력	그밖/셈한값/숫자	①값	연속사격의 두 번째 화살이 준피해 만큼 베고 상처를 남깁니다. 말해줘	print("연속사격의 두 번째 화살이 " + str(준피해) + " 만큼 베고 상처를 남깁니다.")
site	ko--peace.nme	2332	비교의 오른쪽	적약점	조건	글자	①값	만약에 기술속성이 적약점과 같으면	if (기술속성 == 적약점):
site	ko--peace.nme	2345	글 안	준피해	출력	그밖/셈한값/숫자	①값	성광 · 피해 준피해 · 몸의 독을 씻었습니다 말해줘	print("성광 · 피해 " + str(준피해) + " · 몸의 독을 씻었습니다")
site	ko--peace.nme	2352	비교의 오른쪽	적약점	조건	글자	①값	만약에 기술속성이 적약점과 같으면	if (기술속성 == 적약점):
site	ko--peace.nme	2360	글 안	준피해	출력	그밖/셈한값/숫자	①값	맹독비수가 준피해 만큼 파고들고 독을 남깁니다. 말해줘	print("맹독비수가 " + str(준피해) + " 만큼 파고들고 독을 남깁니다.")
site	ko--peace.nme	2373	비교의 오른쪽	적약점	조건	글자	①값	만약에 기술속성이 적약점과 같으면	if (기술속성 == 적약점):
site	ko--peace.nme	2380	글 안	준피해	출력	그밖/셈한값/숫자	①값	광전도끼가 준피해 만큼 갑옷과 살을 함께 가릅니다. 말해줘	print("광전도끼가 " + str(준피해) + " 만큼 갑옷과 살을 함께 가릅니다.")
site	ko--peace.nme	2388	비교의 오른쪽	적약점	조건	글자	①값	만약에 기술속성이 적약점과 같으면	if (기술속성 == 적약점):
site	ko--peace.nme	2399	글 안	준피해	출력	그밖/셈한값/숫자	①값	룬망치가 준피해 만큼 때리고 무기와 적 갑옷을 동시에 손봅니다. 말해줘	print("룬망치가 " + str(준피해) + " 만큼 때리고 무기와 적 갑옷을 동시에 손봅니다.")
site	ko--peace.nme	2407	비교의 오른쪽	적약점	조건	글자	①값	만약에 기술속성이 적약점과 같으면	if (기술속성 == 적약점):
site	ko--peace.nme	2417	글 안	준피해	출력	그밖/셈한값/숫자	①값	파열음이 준피해 만큼 울리고 적의 균형을 흔듭니다. 말해줘	print("파열음이 " + str(준피해) + " 만큼 울리고 적의 균형을 흔듭니다.")
site	ko--peace.nme	2424	비교의 오른쪽	적약점	조건	글자	①값	만약에 기술속성이 적약점과 같으면	if (기술속성 == 적약점):
site	ko--peace.nme	2434	글 안	준피해	출력	그밖/셈한값/숫자	①값	덩굴속박이 준피해 만큼 조이고 약초의 기운으로 생명을 회복합니다. 말해줘	print("덩굴속박이 " + str(준피해) + " 만큼 조이고 약초의 기운으로 생명을 회복합니다.")
site	ko--peace.nme	2441	비교의 오른쪽	적약점	조건	글자	①값	만약에 기술속성이 적약점과 같으면	if (기술속성 == 적약점):
site	ko--peace.nme	2450	글 안	준피해	출력	그밖/셈한값/숫자	①값	생명착취가 준피해 만큼 빼앗고 생명 9를 되돌립니다. 말해줘	print("생명착취가 " + str(준피해) + " 만큼 빼앗고 생명 9를 되돌립니다.")
site	ko--peace.nme	2455	비교의 오른쪽	적약점	조건	글자	①값	만약에 기술속성이 적약점과 같으면	if (기술속성 == 적약점):
site	ko--peace.nme	2463	글 안	준피해	출력	그밖/셈한값/숫자	①값	용염창이 방어를 무시하고 준피해 만큼 꿰뚫습니다. 말해줘	print("용염창이 방어를 무시하고 " + str(준피해) + " 만큼 꿰뚫습니다.")
site	ko--peace.nme	2471	비교의 오른쪽	적약점	조건	글자	①값	만약에 기술속성이 적약점과 같으면	if (기술속성 == 적약점):
site	ko--peace.nme	2483	글 안	준피해	출력	그밖/셈한값/숫자	①값	시간균열이 준피해 만큼 과거와 현재를 함께 벱니다. 말해줘	print("시간균열이 " + str(준피해) + " 만큼 과거와 현재를 함께 벱니다.")
site	ko--peace.nme	2496	글 안	운명눈	출력	그밖/숫자	①값	🎲 기울어진 동전 · 운명눈과 추가운명눈 가운데 높은 눈을 씁니다 말해줘	print("🎲 기울어진 동전 · " + str(운명눈) + "과 " + str(추가운명눈) + " 가운데 높은 눈을 씁니다")
site	ko--peace.nme	2496	글 안	추가운명눈	출력	그밖	①값	🎲 기울어진 동전 · 운명눈과 추가운명눈 가운데 높은 눈을 씁니다 말해줘	print("🎲 기울어진 동전 · " + str(운명눈) + "과 " + str(추가운명눈) + " 가운데 높은 눈을 씁니다")
site	ko--peace.nme	2500	글 안	운명눈	출력	그밖/숫자	①값	🎲 운명의 주사위 · 나온 눈 운명눈 / 6 · 각 눈 확률 16.7 퍼센트 말해줘	print("🎲 운명의 주사위 · 나온 눈 " + str(운명눈) + " / 6 · 각 눈 확률 16.7 퍼센트")
site	ko--peace.nme	2514	글 안	준피해	출력	그밖/셈한값/숫자	①값	🟥 낮은 수 · 약한 피해 준피해 말해줘	print("🟥 낮은 수 · 약한 피해 " + str(준피해))
site	ko--peace.nme	2520	글 안	준피해	출력	그밖/셈한값/숫자	①값	🟦 평범한 수 · 피해 준피해 말해줘	print("🟦 평범한 수 · 피해 " + str(준피해))
site	ko--peace.nme	2527	글 안	준피해	출력	그밖/셈한값/숫자	①값	🟩 높은 수 · 피해 준피해 · 균형 추가 피해 말해줘	print("🟩 높은 수 · 피해 " + str(준피해) + " · 균형 추가 피해")
site	ko--peace.nme	2536	글 안	준피해	출력	그밖/셈한값/숫자	①값	🟨 큰 성공 · 피해 준피해 · 생명 7 회복 말해줘	print("🟨 큰 성공 · 피해 " + str(준피해) + " · 생명 7 회복")
site	ko--peace.nme	2545	글 안	준피해	출력	그밖/셈한값/숫자	①값	상자로 말해줘 🟨 대성공 · 피해 준피해 · 균형 4 · 6 브론즈	print((lambda _t: (lambda _w: "┌" + "─" * (_w + 2) + "┐\n│ " + _t + " │\n└" + "─" * (_w + 2) + "┘")(sum(2 if __import__(
site	ko--peace.nme	2560	비교의 오른쪽	적약점	조건	글자	①값	만약에 기술속성이 적약점과 같으면	if (기술속성 == 적약점):
site	ko--peace.nme	2573	글 안	준피해	출력	그밖/셈한값/숫자	①값	방패강타가 준피해 만큼 밀어내고 다시 앞을 지킵니다. 말해줘	print("방패강타가 " + str(준피해) + " 만큼 밀어내고 다시 앞을 지킵니다.")
site	ko--peace.nme	2643	글 안	준피해	출력	그밖/셈한값/숫자	①값	폭탄이 적의 방어를 뚫고 준피해 만큼 터집니다. 말해줘	print("폭탄이 적의 방어를 뚫고 " + str(준피해) + " 만큼 터집니다.")
site	ko--peace.nme	2668	글 안	준피해	출력	그밖/셈한값/숫자	①값	축복받은 성수가 방어를 무시하고 준피해 만큼 태웁니다. 말해줘	print("축복받은 성수가 방어를 무시하고 " + str(준피해) + " 만큼 태웁니다.")
site	ko--peace.nme	2721	글 안	혼돈눈	출력	그밖	①값	🎲 혼돈 주사위 · 각 결과 확률 16.7 퍼센트 · 나온 눈 혼돈눈 말해줘	print("🎲 혼돈 주사위 · 각 결과 확률 16.7 퍼센트 · 나온 눈 " + str(혼돈눈))
site	ko--peace.nme	2732	글 안	잃은기운	출력	숫자	①값	🟥 주사위가 기운 잃은기운 만큼 삼켰습니다. 말해줘	print("🟥 주사위가 기운 " + str(잃은기운) + " 만큼 삼켰습니다.")
site	ko--peace.nme	2770	글 안	적이름	출력	글자	①값	적이름의 특징은 적특징 입니다 말해줘	print(str(적이름) + "의 특징은 " + str(적특징) + " 입니다")
site	ko--peace.nme	2770	글 안	적특징	출력	글자	①값	적이름의 특징은 적특징 입니다 말해줘	print(str(적이름) + "의 특징은 " + str(적특징) + " 입니다")
site	ko--peace.nme	2771	글 안	적약점	출력	글자	①값	적의 약점은 적약점 · 균형은 적균형 입니다 말해줘	print("적의 약점은 " + str(적약점) + " · 균형은 " + str(적균형) + " 입니다")
site	ko--peace.nme	2771	글 안	적균형	출력	그밖/셈한값	①값	적의 약점은 적약점 · 균형은 적균형 입니다 말해줘	print("적의 약점은 " + str(적약점) + " · 균형은 " + str(적균형) + " 입니다")
site	ko--peace.nme	2786	글 안	전투속도	출력	그밖/셈한값/숫자	①값	🎲 공개 확률 · 치명 14 퍼센트 · 회피 전투속도 퍼센트 · 동료 지원 동료지원확률 퍼센트 말해줘	print("🎲 공개 확률 · 치명 14 퍼센트 · 회피 " + str(전투속도) + " 퍼센트 · 동료 지원 " + str(동료지원확률) + " 퍼센트")
site	ko--peace.nme	2786	글 안	동료지원확률	출력	숫자	①값	🎲 공개 확률 · 치명 14 퍼센트 · 회피 전투속도 퍼센트 · 동료 지원 동료지원확률 퍼센트 말해줘	print("🎲 공개 확률 · 치명 14 퍼센트 · 회피 " + str(전투속도) + " 퍼센트 · 동료 지원 " + str(동료지원확률) + " 퍼센트")
site	ko--peace.nme	2848	글 안	무기이름	출력	글자	①값	무기이름이 준피해 만큼 상처를 냅니다. 말해줘	print(str(무기이름) + "이 " + str(준피해) + " 만큼 상처를 냅니다.")
site	ko--peace.nme	2848	글 안	준피해	출력	그밖/셈한값/숫자	①값	무기이름이 준피해 만큼 상처를 냅니다. 말해줘	print(str(무기이름) + "이 " + str(준피해) + " 만큼 상처를 냅니다.")
site	ko--peace.nme	2904	글 안	지원피해	출력	셈한값/숫자	①값	리아넬의 엄호 사격 · 피해 지원피해 말해줘	print("리아넬의 엄호 사격 · 피해 " + str(지원피해))
site	ko--peace.nme	2923	글 안	지원피해	출력	셈한값/숫자	①값	아우렐의 황금 불꽃 · 피해 지원피해 말해줘	print("아우렐의 황금 불꽃 · 피해 " + str(지원피해))
site	ko--peace.nme	2954	글 안	적이름	출력	글자	①값	적이름의 균형이 무너졌습니다. 이번 반격을 건너뜁니다. 말해줘	print(str(적이름) + "의 균형이 무너졌습니다. 이번 반격을 건너뜁니다.")
site	ko--peace.nme	2969	글 안	화상피해	출력	숫자	①값	남은 불씨가 화상피해 만큼 더 태웁니다. 말해줘	print("남은 불씨가 " + str(화상피해) + " 만큼 더 태웁니다.")
site	ko--peace.nme	2975	글 안	출혈피해	출력	숫자	①값	깊은 상처가 출혈피해 만큼 더 벌어집니다. 말해줘	print("깊은 상처가 " + str(출혈피해) + " 만큼 더 벌어집니다.")
site	ko--peace.nme	2981	글 안	독피해	출력	숫자	①값	맹독이 적의 생명을 독피해 만큼 안에서부터 깎습니다. 말해줘	print("맹독이 적의 생명을 " + str(독피해) + " 만큼 안에서부터 깎습니다.")
site	ko--peace.nme	2991	글 안	반사피해	출력	숫자	①값	에드릭의 거울 방패가 기술을 비추어 반사피해 만큼 돌려줍니다. 말해줘	print("에드릭의 거울 방패가 기술을 비추어 " + str(반사피해) + " 만큼 돌려줍니다.")
site	ko--peace.nme	3020	글 안	적이름	출력	글자	①값	적이름 쓰러졌습니다 말해줘	print(str(적이름) + " 쓰러졌습니다")
site	ko--peace.nme	3084	글 안	적이름	출력	글자	①값	적이름 균형을 잃어 아무 행동도 하지 못합니다 말해줘	print(str(적이름) + " 균형을 잃어 아무 행동도 하지 못합니다")
site	ko--peace.nme	3099	글 안	적이름	출력	글자	①값	적이름 · 반격으로 받은피해 만큼 생명을 깎습니다 말해줘	print(str(적이름) + " · 반격으로 " + str(받은피해) + " 만큼 생명을 깎습니다")
site	ko--peace.nme	3099	글 안	받은피해	출력	그밖/셈한값/숫자	①값	적이름 · 반격으로 받은피해 만큼 생명을 깎습니다 말해줘	print(str(적이름) + " · 반격으로 " + str(받은피해) + " 만큼 생명을 깎습니다")
site	ko--peace.nme	3110	글 안	훔친돈	출력	그밖/숫자	①값	적이 훔친돈 브론즈를 빼앗았습니다. 승리한 뒤 되찾습니다. 말해줘	print("적이 " + str(훔친돈) + " 브론즈를 빼앗았습니다. 승리한 뒤 되찾습니다.")
site	ko--peace.nme	3144	글 안	빼앗은기운	출력	그밖/숫자	①값	마계의 불꽃이 기운 빼앗은기운 만큼 태웁니다. 말해줘	print("마계의 불꽃이 기운 " + str(빼앗은기운) + " 만큼 태웁니다.")
site	ko--peace.nme	3148	글 안	추가피해	출력	숫자	①값	대악마의 꼬리가 갑옷을 꿰뚫어 추가피해 만큼 더 깎습니다. 말해줘	print("대악마의 꼬리가 갑옷을 꿰뚫어 " + str(추가피해) + " 만큼 더 깎습니다.")
site	ko--peace.nme	3161	글 안	빼앗은충전	출력	그밖/숫자	①값	녹스의 심연 숨결이 궁극기 충전 빼앗은충전 만큼 삼킵니다. 말해줘	print("녹스의 심연 숨결이 궁극기 충전 " + str(빼앗은충전) + " 만큼 삼킵니다.")
site	ko--peace.nme	3186	글 안	적이름	출력	글자	①값	적이름의 깨진 갑옷 위로 새 보호층이 자라 방어가 다시 오릅니다. 말해줘	print(str(적이름) + "의 깨진 갑옷 위로 새 보호층이 자라 방어가 다시 오릅니다.")
site	ko--peace.nme	3192	글 안	레마르눈	출력	그밖	①값	🎲 레마르의 황금 주사위 · 나온 눈 레마르눈 / 6 말해줘	print("🎲 레마르의 황금 주사위 · 나온 눈 " + str(레마르눈) + " / 6")
site	ko--peace.nme	3223	글 안	독피해	출력	숫자	①값	몸에 남은 독이 독피해 만큼 생명을 깎습니다. 말해줘	print("몸에 남은 독이 " + str(독피해) + " 만큼 생명을 깎습니다.")
site	ko--peace.nme	3338	글 안	적보상브론즈	출력	셈한값/숫자	①값	적보상브론즈 브론즈 가치의 전리품과 경험치 적경험 점을 얻었습니다 말해줘	print(str(적보상브론즈) + " 브론즈 가치의 전리품과 경험치 " + str(적경험) + " 점을 얻었습니다")
site	ko--peace.nme	3338	글 안	적경험	출력	숫자	①값	적보상브론즈 브론즈 가치의 전리품과 경험치 적경험 점을 얻었습니다 말해줘	print(str(적보상브론즈) + " 브론즈 가치의 전리품과 경험치 " + str(적경험) + " 점을 얻었습니다")
site	ko--peace.nme	3339	글 안	평화불씨	출력	그밖/셈한값/숫자	①값	평화의 불씨가 평화불씨 만큼 밝아졌습니다 말해줘	print("평화의 불씨가 " + str(평화불씨) + " 만큼 밝아졌습니다")
site	ko--peace.nme	3340	글 안	운명인장수	출력	그밖/셈한값/숫자	①값	🟨 지역 우두머리의 운명 인장 1개를 얻었습니다. 현재 운명인장수 개 말해줘	print("🟨 지역 우두머리의 운명 인장 1개를 얻었습니다. 현재 " + str(운명인장수) + " 개")
site	ko--peace.nme	3358	글 안	재료수	출력	그밖	①값	약초 재료수 개와 질긴천 1개를 찾았습니다 말해줘	print("약초 " + str(재료수) + " 개와 질긴천 1개를 찾았습니다")
site	ko--peace.nme	3362	글 안	재료수	출력	그밖	①값	철광석 재료수 개와 마력가루 1개를 얻었습니다 말해줘	print("철광석 " + str(재료수) + " 개와 마력가루 1개를 얻었습니다")
site	ko--peace.nme	3366	글 안	재료수	출력	그밖	①값	마력가루 재료수 개와 마력수정 1개를 모았습니다 말해줘	print("마력가루 " + str(재료수) + " 개와 마력수정 1개를 모았습니다")
site	ko--peace.nme	3370	글 안	재료수	출력	그밖	①값	가죽 재료수 개와 질긴천 1개를 얻었습니다 말해줘	print("가죽 " + str(재료수) + " 개와 질긴천 1개를 얻었습니다")
site	ko--peace.nme	3374	글 안	재료수	출력	그밖	①값	약초 재료수 개와 가죽 1개를 얻었습니다 말해줘	print("약초 " + str(재료수) + " 개와 가죽 1개를 얻었습니다")
site	ko--peace.nme	3398	글 안	용사이름	출력	그밖/글자/물어본글	①값	용사이름 이제 용사단계 단계입니다 말해줘	print(str(용사이름) + " 이제 " + str(용사단계) + " 단계입니다")
site	ko--peace.nme	3398	글 안	용사단계	출력	그밖/셈한값/숫자	①값	용사이름 이제 용사단계 단계입니다 말해줘	print(str(용사이름) + " 이제 " + str(용사단계) + " 단계입니다")
site	ko--peace.nme	3504	글 안	전쟁위험	출력	그밖/셈한값/숫자	①값	전쟁 위험 전쟁위험 · 운송비 운송비 · 상인 평판 상인평판 · 할인 상인할인 말해줘	print("전쟁 위험 " + str(전쟁위험) + " · 운송비 " + str(운송비) + " · 상인 평판 " + str(상인평판) + " · 할인 " + str(상인할인))
site	ko--peace.nme	3504	글 안	운송비	출력	그밖/셈한값	①값	전쟁 위험 전쟁위험 · 운송비 운송비 · 상인 평판 상인평판 · 할인 상인할인 말해줘	print("전쟁 위험 " + str(전쟁위험) + " · 운송비 " + str(운송비) + " · 상인 평판 " + str(상인평판) + " · 할인 " + str(상인할인))
site	ko--peace.nme	3504	글 안	상인평판	출력	그밖/셈한값/숫자	①값	전쟁 위험 전쟁위험 · 운송비 운송비 · 상인 평판 상인평판 · 할인 상인할인 말해줘	print("전쟁 위험 " + str(전쟁위험) + " · 운송비 " + str(운송비) + " · 상인 평판 " + str(상인평판) + " · 할인 " + str(상인할인))
site	ko--peace.nme	3504	글 안	상인할인	출력	그밖	①값	전쟁 위험 전쟁위험 · 운송비 운송비 · 상인 평판 상인평판 · 할인 상인할인 말해줘	print("전쟁 위험 " + str(전쟁위험) + " · 운송비 " + str(운송비) + " · 상인 평판 " + str(상인평판) + " · 할인 " + str(상인할인))
site	ko--peace.nme	3505	글 안	회복약값	출력	그밖/셈한값	①값	회복약 회복약값 · 고급회복약 고급회복약값 · 기운약 기운약값 · 해독제 해독제값 말해줘	print("회복약 " + str(회복약값) + " · 고급회복약 " + str(고급회복약값) + " · 기운약 " + str(기운약값) + " · 해독제 " + str(해독제값))
site	ko--peace.nme	3505	글 안	고급회복약값	출력	그밖/셈한값	①값	회복약 회복약값 · 고급회복약 고급회복약값 · 기운약 기운약값 · 해독제 해독제값 말해줘	print("회복약 " + str(회복약값) + " · 고급회복약 " + str(고급회복약값) + " · 기운약 " + str(기운약값) + " · 해독제 " + str(해독제값))
site	ko--peace.nme	3505	글 안	기운약값	출력	그밖/셈한값	①값	회복약 회복약값 · 고급회복약 고급회복약값 · 기운약 기운약값 · 해독제 해독제값 말해줘	print("회복약 " + str(회복약값) + " · 고급회복약 " + str(고급회복약값) + " · 기운약 " + str(기운약값) + " · 해독제 " + str(해독제값))
site	ko--peace.nme	3505	글 안	해독제값	출력	그밖/셈한값	①값	회복약 회복약값 · 고급회복약 고급회복약값 · 기운약 기운약값 · 해독제 해독제값 말해줘	print("회복약 " + str(회복약값) + " · 고급회복약 " + str(고급회복약값) + " · 기운약 " + str(기운약값) + " · 해독제 " + str(해독제값))
site	ko--peace.nme	3506	글 안	폭탄값	출력	그밖/셈한값	①값	폭탄 폭탄값 · 성수 성수값 · 연막탄 연막탄값 · 숫돌 숫돌값 · 식량 야영식량값 말해줘	print("폭탄 " + str(폭탄값) + " · 성수 " + str(성수값) + " · 연막탄 " + str(연막탄값) + " · 숫돌 " + str(숫돌값) + " · 식량 " + str(야영식량값))
site	ko--peace.nme	3506	글 안	성수값	출력	그밖/셈한값	①값	폭탄 폭탄값 · 성수 성수값 · 연막탄 연막탄값 · 숫돌 숫돌값 · 식량 야영식량값 말해줘	print("폭탄 " + str(폭탄값) + " · 성수 " + str(성수값) + " · 연막탄 " + str(연막탄값) + " · 숫돌 " + str(숫돌값) + " · 식량 " + str(야영식량값))
site	ko--peace.nme	3506	글 안	연막탄값	출력	그밖/셈한값	①값	폭탄 폭탄값 · 성수 성수값 · 연막탄 연막탄값 · 숫돌 숫돌값 · 식량 야영식량값 말해줘	print("폭탄 " + str(폭탄값) + " · 성수 " + str(성수값) + " · 연막탄 " + str(연막탄값) + " · 숫돌 " + str(숫돌값) + " · 식량 " + str(야영식량값))
site	ko--peace.nme	3506	글 안	숫돌값	출력	그밖/셈한값	①값	폭탄 폭탄값 · 성수 성수값 · 연막탄 연막탄값 · 숫돌 숫돌값 · 식량 야영식량값 말해줘	print("폭탄 " + str(폭탄값) + " · 성수 " + str(성수값) + " · 연막탄 " + str(연막탄값) + " · 숫돌 " + str(숫돌값) + " · 식량 " + str(야영식량값))
site	ko--peace.nme	3506	글 안	야영식량값	출력	그밖/셈한값	①값	폭탄 폭탄값 · 성수 성수값 · 연막탄 연막탄값 · 숫돌 숫돌값 · 식량 야영식량값 말해줘	print("폭탄 " + str(폭탄값) + " · 성수 " + str(성수값) + " · 연막탄 " + str(연막탄값) + " · 숫돌 " + str(숫돌값) + " · 식량 " + str(야영식량값))
site	ko--peace.nme	3516	글 안	운명인장수	출력	그밖/셈한값/숫자	①값	🎲 운명 · 운명뽑기 / 운명교환 · 인장 운명인장수 · 조각 운명조각수 말해줘	print("🎲 운명 · 운명뽑기 / 운명교환 · 인장 " + str(운명인장수) + " · 조각 " + str(운명조각수))
site	ko--peace.nme	3516	글 안	운명조각수	출력	그밖/셈한값/숫자	①값	🎲 운명 · 운명뽑기 / 운명교환 · 인장 운명인장수 · 조각 운명조각수 말해줘	print("🎲 운명 · 운명뽑기 / 운명교환 · 인장 " + str(운명인장수) + " · 조각 " + str(운명조각수))
site	ko--peace.nme	3529	글 안	시장회복재고	출력	그밖/셈한값/숫자	①값	회복약을 샀습니다. 남은 재고 시장회복재고 말해줘	print("회복약을 샀습니다. 남은 재고 " + str(시장회복재고))
site	ko--peace.nme	3544	글 안	시장고급재고	출력	그밖/셈한값	①값	고급 회복약을 샀습니다. 남은 재고 시장고급재고 말해줘	print("고급 회복약을 샀습니다. 남은 재고 " + str(시장고급재고))
site	ko--peace.nme	3559	글 안	시장기운재고	출력	그밖/셈한값/숫자	①값	기운약을 샀습니다. 남은 재고 시장기운재고 말해줘	print("기운약을 샀습니다. 남은 재고 " + str(시장기운재고))
site	ko--peace.nme	3704	글 안	판매값	출력	셈한값/숫자	①값	전쟁 중 필요한 재료라 판매값 브론즈를 받았습니다. 말해줘	print("전쟁 중 필요한 재료라 " + str(판매값) + " 브론즈를 받았습니다.")
site	ko--peace.nme	3720	글 안	수리값	출력	그밖/셈한값	①값	수리값 브론즈를 내면 두 장비를 완전히 수리합니다 말해줘	print(str(수리값) + " 브론즈를 내면 두 장비를 완전히 수리합니다")
site	ko--peace.nme	3743	글 안	무기강화값	출력	셈한값/숫자	①값	다음 무기 제작비 무기강화값 브론즈 말해줘	print("다음 무기 제작비 " + str(무기강화값) + " 브론즈")
site	ko--peace.nme	3768	글 안	무기이름	출력	글자	①값	새 무기 무기이름을 완성했습니다. 공격과 최대 내구가 올랐습니다. 말해줘	print("새 무기 " + str(무기이름) + "을 완성했습니다. 공격과 최대 내구가 올랐습니다.")
site	ko--peace.nme	3779	글 안	갑옷강화값	출력	셈한값/숫자	①값	다음 갑옷 제작비 갑옷강화값 브론즈 말해줘	print("다음 갑옷 제작비 " + str(갑옷강화값) + " 브론즈")
site	ko--peace.nme	3800	글 안	갑옷이름	출력	글자	①값	새 갑옷 갑옷이름을 완성했습니다. 방어와 최대 내구가 올랐습니다. 말해줘	print("새 갑옷 " + str(갑옷이름) + "을 완성했습니다. 방어와 최대 내구가 올랐습니다.")
site	ko--peace.nme	3836	글 안	장신구이름	조건	글자	①값	만약에 거래성공이 있으면 장신구이름을 착용했습니다 말해줘	if (거래성공): print(str(장신구이름) + "을 착용했습니다")
site	ko--peace.nme	3843	글 안	운명인장수	출력	그밖/셈한값/숫자	①값	현재 인장 운명인장수 · 희귀 천장 누적 운명천장누적 / 5 말해줘	print("현재 인장 " + str(운명인장수) + " · 희귀 천장 누적 " + str(운명천장누적) + " / 5")
site	ko--peace.nme	3843	글 안	운명천장누적	출력	그밖/셈한값/숫자	①값	현재 인장 운명인장수 · 희귀 천장 누적 운명천장누적 / 5 말해줘	print("현재 인장 " + str(운명인장수) + " · 희귀 천장 누적 " + str(운명천장누적) + " / 5")
site	ko--peace.nme	3958	글 안	모험일	출력	그밖/셈한값/숫자	①값	모험일 일째 · 다음 지역 지역번호 · 포만 포만 · 피로 피로 · 사기 사기 말해줘	print(str(모험일) + " 일째 · 다음 지역 " + str(지역번호) + " · 포만 " + str(포만) + " · 피로 " + str(피로) + " · 사기 " + str(사기))
site	ko--peace.nme	3958	글 안	지역번호	출력	그밖/셈한값/숫자	①값	모험일 일째 · 다음 지역 지역번호 · 포만 포만 · 피로 피로 · 사기 사기 말해줘	print(str(모험일) + " 일째 · 다음 지역 " + str(지역번호) + " · 포만 " + str(포만) + " · 피로 " + str(피로) + " · 사기 " + str(사기))
site	ko--peace.nme	3958	글 안	포만	출력	그밖/셈한값/숫자	①값	모험일 일째 · 다음 지역 지역번호 · 포만 포만 · 피로 피로 · 사기 사기 말해줘	print(str(모험일) + " 일째 · 다음 지역 " + str(지역번호) + " · 포만 " + str(포만) + " · 피로 " + str(피로) + " · 사기 " + str(사기))
site	ko--peace.nme	3958	글 안	피로	출력	그밖/셈한값/숫자	①값	모험일 일째 · 다음 지역 지역번호 · 포만 포만 · 피로 피로 · 사기 사기 말해줘	print(str(모험일) + " 일째 · 다음 지역 " + str(지역번호) + " · 포만 " + str(포만) + " · 피로 " + str(피로) + " · 사기 " + str(사기))
site	ko--peace.nme	3958	글 안	사기	출력	그밖/셈한값/숫자	①값	모험일 일째 · 다음 지역 지역번호 · 포만 포만 · 피로 피로 · 사기 사기 말해줘	print(str(모험일) + " 일째 · 다음 지역 " + str(지역번호) + " · 포만 " + str(포만) + " · 피로 " + str(피로) + " · 사기 " + str(사기))
site	ko--peace.nme	3974	글 안	약초수	출력	그밖/셈한값/숫자	①값	약초 약초수 · 철광석 철광석수 · 마력가루 마력가루수 · 용비늘 용비늘수 말해줘	print("약초 " + str(약초수) + " · 철광석 " + str(철광석수) + " · 마력가루 " + str(마력가루수) + " · 용비늘 " + str(용비늘수))
site	ko--peace.nme	3974	글 안	철광석수	출력	그밖/셈한값/숫자	①값	약초 약초수 · 철광석 철광석수 · 마력가루 마력가루수 · 용비늘 용비늘수 말해줘	print("약초 " + str(약초수) + " · 철광석 " + str(철광석수) + " · 마력가루 " + str(마력가루수) + " · 용비늘 " + str(용비늘수))
site	ko--peace.nme	3974	글 안	마력가루수	출력	그밖/셈한값/숫자	①값	약초 약초수 · 철광석 철광석수 · 마력가루 마력가루수 · 용비늘 용비늘수 말해줘	print("약초 " + str(약초수) + " · 철광석 " + str(철광석수) + " · 마력가루 " + str(마력가루수) + " · 용비늘 " + str(용비늘수))
site	ko--peace.nme	3974	글 안	용비늘수	출력	그밖/셈한값/숫자	①값	약초 약초수 · 철광석 철광석수 · 마력가루 마력가루수 · 용비늘 용비늘수 말해줘	print("약초 " + str(약초수) + " · 철광석 " + str(철광석수) + " · 마력가루 " + str(마력가루수) + " · 용비늘 " + str(용비늘수))
site	ko--peace.nme	3975	글 안	질긴천수	출력	그밖/셈한값/숫자	①값	질긴천 질긴천수 · 마력수정 마력수정수 · 가죽 가죽수 말해줘	print("질긴천 " + str(질긴천수) + " · 마력수정 " + str(마력수정수) + " · 가죽 " + str(가죽수))
site	ko--peace.nme	3975	글 안	마력수정수	출력	그밖/셈한값/숫자	①값	질긴천 질긴천수 · 마력수정 마력수정수 · 가죽 가죽수 말해줘	print("질긴천 " + str(질긴천수) + " · 마력수정 " + str(마력수정수) + " · 가죽 " + str(가죽수))
site	ko--peace.nme	3975	글 안	가죽수	출력	그밖/셈한값/숫자	①값	질긴천 질긴천수 · 마력수정 마력수정수 · 가죽 가죽수 말해줘	print("질긴천 " + str(질긴천수) + " · 마력수정 " + str(마력수정수) + " · 가죽 " + str(가죽수))
site	ko--peace.nme	4068	글 안	제작선택	출력	물어본글	①값	제작선택 제작에 성공했습니다 말해줘	print(str(제작선택) + " 제작에 성공했습니다")
site	ko--peace.nme	4126	글 안	희망점수	출력	그밖/셈한값/숫자	①값	희망 희망점수 · 불씨 평화불씨 · 명성 명성 말해줘	print("희망 " + str(희망점수) + " · 불씨 " + str(평화불씨) + " · 명성 " + str(명성))
site	ko--peace.nme	4126	글 안	평화불씨	출력	그밖/셈한값/숫자	①값	희망 희망점수 · 불씨 평화불씨 · 명성 명성 말해줘	print("희망 " + str(희망점수) + " · 불씨 " + str(평화불씨) + " · 명성 " + str(명성))
site	ko--peace.nme	4126	글 안	명성	출력	그밖/셈한값/숫자	①값	희망 희망점수 · 불씨 평화불씨 · 명성 명성 말해줘	print("희망 " + str(희망점수) + " · 불씨 " + str(평화불씨) + " · 명성 " + str(명성))
site	ko--peace.nme	4127	글 안	왕실평판	출력	그밖/셈한값/숫자	①값	왕실 왕실평판 · 엘프 엘프평판 · 드워프 드워프평판 · 교단 교단평판 · 길드 길드평판 · 상인 상인평판 말해줘	print("왕실 " + str(왕실평판) + " · 엘프 " + str(엘프평판) + " · 드워프 " + str(드워프평판) + " · 교단 " + str(교단평판) + " · 길드 " + str(길드평판) + 
site	ko--peace.nme	4127	글 안	엘프평판	출력	그밖/셈한값/숫자	①값	왕실 왕실평판 · 엘프 엘프평판 · 드워프 드워프평판 · 교단 교단평판 · 길드 길드평판 · 상인 상인평판 말해줘	print("왕실 " + str(왕실평판) + " · 엘프 " + str(엘프평판) + " · 드워프 " + str(드워프평판) + " · 교단 " + str(교단평판) + " · 길드 " + str(길드평판) + 
site	ko--peace.nme	4127	글 안	드워프평판	출력	그밖/셈한값/숫자	①값	왕실 왕실평판 · 엘프 엘프평판 · 드워프 드워프평판 · 교단 교단평판 · 길드 길드평판 · 상인 상인평판 말해줘	print("왕실 " + str(왕실평판) + " · 엘프 " + str(엘프평판) + " · 드워프 " + str(드워프평판) + " · 교단 " + str(교단평판) + " · 길드 " + str(길드평판) + 
site	ko--peace.nme	4127	글 안	교단평판	출력	그밖/셈한값/숫자	①값	왕실 왕실평판 · 엘프 엘프평판 · 드워프 드워프평판 · 교단 교단평판 · 길드 길드평판 · 상인 상인평판 말해줘	print("왕실 " + str(왕실평판) + " · 엘프 " + str(엘프평판) + " · 드워프 " + str(드워프평판) + " · 교단 " + str(교단평판) + " · 길드 " + str(길드평판) + 
site	ko--peace.nme	4127	글 안	길드평판	출력	그밖/셈한값/숫자	①값	왕실 왕실평판 · 엘프 엘프평판 · 드워프 드워프평판 · 교단 교단평판 · 길드 길드평판 · 상인 상인평판 말해줘	print("왕실 " + str(왕실평판) + " · 엘프 " + str(엘프평판) + " · 드워프 " + str(드워프평판) + " · 교단 " + str(교단평판) + " · 길드 " + str(길드평판) + 
site	ko--peace.nme	4127	글 안	상인평판	출력	그밖/셈한값/숫자	①값	왕실 왕실평판 · 엘프 엘프평판 · 드워프 드워프평판 · 교단 교단평판 · 길드 길드평판 · 상인 상인평판 말해줘	print("왕실 " + str(왕실평판) + " · 엘프 " + str(엘프평판) + " · 드워프 " + str(드워프평판) + " · 교단 " + str(교단평판) + " · 길드 " + str(길드평판) + 
site	ko--peace.nme	4128	글 안	전쟁위험	출력	그밖/셈한값/숫자	①값	전쟁 위험 전쟁위험 · 거래 거래횟수 · 제작 제작횟수 · 수리 수리횟수 말해줘	print("전쟁 위험 " + str(전쟁위험) + " · 거래 " + str(거래횟수) + " · 제작 " + str(제작횟수) + " · 수리 " + str(수리횟수))
site	ko--peace.nme	4128	글 안	거래횟수	출력	그밖/셈한값/숫자	①값	전쟁 위험 전쟁위험 · 거래 거래횟수 · 제작 제작횟수 · 수리 수리횟수 말해줘	print("전쟁 위험 " + str(전쟁위험) + " · 거래 " + str(거래횟수) + " · 제작 " + str(제작횟수) + " · 수리 " + str(수리횟수))
site	ko--peace.nme	4128	글 안	제작횟수	출력	그밖/셈한값/숫자	①값	전쟁 위험 전쟁위험 · 거래 거래횟수 · 제작 제작횟수 · 수리 수리횟수 말해줘	print("전쟁 위험 " + str(전쟁위험) + " · 거래 " + str(거래횟수) + " · 제작 " + str(제작횟수) + " · 수리 " + str(수리횟수))
site	ko--peace.nme	4128	글 안	수리횟수	출력	그밖/셈한값/숫자	①값	전쟁 위험 전쟁위험 · 거래 거래횟수 · 제작 제작횟수 · 수리 수리횟수 말해줘	print("전쟁 위험 " + str(전쟁위험) + " · 거래 " + str(거래횟수) + " · 제작 " + str(제작횟수) + " · 수리 " + str(수리횟수))
site	ko--peace.nme	4130	글 안	운명인장수	출력	그밖/셈한값/숫자	①값	🎲 운명 인장 운명인장수 · 조각 운명조각수 · 뽑기 운명뽑기횟수 · 도박 승 도박승리수 / 패 도박패배수 말해줘	print("🎲 운명 인장 " + str(운명인장수) + " · 조각 " + str(운명조각수) + " · 뽑기 " + str(운명뽑기횟수) + " · 도박 승 " + str(도박승리수) + " / 패 " + str
site	ko--peace.nme	4130	글 안	운명조각수	출력	그밖/셈한값/숫자	①값	🎲 운명 인장 운명인장수 · 조각 운명조각수 · 뽑기 운명뽑기횟수 · 도박 승 도박승리수 / 패 도박패배수 말해줘	print("🎲 운명 인장 " + str(운명인장수) + " · 조각 " + str(운명조각수) + " · 뽑기 " + str(운명뽑기횟수) + " · 도박 승 " + str(도박승리수) + " / 패 " + str
site	ko--peace.nme	4130	글 안	운명뽑기횟수	출력	그밖/셈한값/숫자	①값	🎲 운명 인장 운명인장수 · 조각 운명조각수 · 뽑기 운명뽑기횟수 · 도박 승 도박승리수 / 패 도박패배수 말해줘	print("🎲 운명 인장 " + str(운명인장수) + " · 조각 " + str(운명조각수) + " · 뽑기 " + str(운명뽑기횟수) + " · 도박 승 " + str(도박승리수) + " / 패 " + str
site	ko--peace.nme	4130	글 안	도박승리수	출력	그밖/셈한값/숫자	①값	🎲 운명 인장 운명인장수 · 조각 운명조각수 · 뽑기 운명뽑기횟수 · 도박 승 도박승리수 / 패 도박패배수 말해줘	print("🎲 운명 인장 " + str(운명인장수) + " · 조각 " + str(운명조각수) + " · 뽑기 " + str(운명뽑기횟수) + " · 도박 승 " + str(도박승리수) + " / 패 " + str
site	ko--peace.nme	4130	글 안	도박패배수	출력	그밖/셈한값/숫자	①값	🎲 운명 인장 운명인장수 · 조각 운명조각수 · 뽑기 운명뽑기횟수 · 도박 승 도박승리수 / 패 도박패배수 말해줘	print("🎲 운명 인장 " + str(운명인장수) + " · 조각 " + str(운명조각수) + " · 뽑기 " + str(운명뽑기횟수) + " · 도박 승 " + str(도박승리수) + " / 패 " + str
site	ko--peace.nme	4216	글 안	용사이름	출력	그밖/글자/물어본글	①값	용사이름이 무기이름을 들어 모르가르의 심장을 꿰뚫었습니다.	print(str(용사이름) + "이 " + str(무기이름) + "을 들어 모르가르의 심장을 꿰뚫었습니다.")
site	ko--peace.nme	4216	글 안	무기이름	출력	글자	①값	용사이름이 무기이름을 들어 모르가르의 심장을 꿰뚫었습니다.	print(str(용사이름) + "이 " + str(무기이름) + "을 들어 모르가르의 심장을 꿰뚫었습니다.")
site	ko--peace.nme	4237	글 안	용사이름	출력	그밖/글자/물어본글	①값	사람들은 용사이름이 지나간 선택을 이야기하며 작은 약속부터 지켰습니다.	print("사람들은 " + str(용사이름) + "이 지나간 선택을 이야기하며 작은 약속부터 지켰습니다.")
site	ko--peace.nme	4247	글 안	용사이름	출력	그밖/글자/물어본글	①값	용사이름은 무기를 내려놓고 이제 싸움보다 어려운 일을 시작했습니다.	print(str(용사이름) + "은 무기를 내려놓고 이제 싸움보다 어려운 일을 시작했습니다.")
site	ko--peace.nme	4267	글 안	용사이름	출력	그밖/글자/물어본글	①값	세계의 균열은 닫혔지만 용사이름은 동료들과 함께 돌아오지 못했습니다.	print("세계의 균열은 닫혔지만 " + str(용사이름) + "은 동료들과 함께 돌아오지 못했습니다.")
site	ko--peace.nme	4291	글 안	용사이름	출력	그밖/글자/물어본글	①값	용사이름 · 직업이름 · 용사단계 단계 말해줘	print(str(용사이름) + " · " + str(직업이름) + " · " + str(용사단계) + " 단계")
site	ko--peace.nme	4291	글 안	직업이름	출력	글자	①값	용사이름 · 직업이름 · 용사단계 단계 말해줘	print(str(용사이름) + " · " + str(직업이름) + " · " + str(용사단계) + " 단계")
site	ko--peace.nme	4291	글 안	용사단계	출력	그밖/셈한값/숫자	①값	용사이름 · 직업이름 · 용사단계 단계 말해줘	print(str(용사이름) + " · " + str(직업이름) + " · " + str(용사단계) + " 단계")
site	ko--peace.nme	4292	글 안	무기이름	출력	글자	①값	무기 무기이름 · 갑옷 갑옷이름 · 장신구 장신구이름 말해줘	print("무기 " + str(무기이름) + " · 갑옷 " + str(갑옷이름) + " · 장신구 " + str(장신구이름))
site	ko--peace.nme	4292	글 안	갑옷이름	출력	글자	①값	무기 무기이름 · 갑옷 갑옷이름 · 장신구 장신구이름 말해줘	print("무기 " + str(무기이름) + " · 갑옷 " + str(갑옷이름) + " · 장신구 " + str(장신구이름))
site	ko--peace.nme	4292	글 안	장신구이름	출력	글자	①값	무기 무기이름 · 갑옷 갑옷이름 · 장신구 장신구이름 말해줘	print("무기 " + str(무기이름) + " · 갑옷 " + str(갑옷이름) + " · 장신구 " + str(장신구이름))
site	ko--peace.nme	4293	글 안	최고지역	출력	그밖/숫자	①값	가장 멀리 최고지역 번째 길 · 주고받은 전체턴수 차례 말해줘	print("가장 멀리 " + str(최고지역) + " 번째 길 · 주고받은 " + str(전체턴수) + " 차례")
site	ko--peace.nme	4293	글 안	전체턴수	출력	그밖/셈한값/숫자	①값	가장 멀리 최고지역 번째 길 · 주고받은 전체턴수 차례 말해줘	print("가장 멀리 " + str(최고지역) + " 번째 길 · 주고받은 " + str(전체턴수) + " 차례")
site	ko--peace.nme	4296	글 안	평화불씨	출력	그밖/셈한값/숫자	①값	평화의 불씨 평화불씨 · 희망 희망점수 · 명성 명성 말해줘	print("평화의 불씨 " + str(평화불씨) + " · 희망 " + str(희망점수) + " · 명성 " + str(명성))
site	ko--peace.nme	4296	글 안	희망점수	출력	그밖/셈한값/숫자	①값	평화의 불씨 평화불씨 · 희망 희망점수 · 명성 명성 말해줘	print("평화의 불씨 " + str(평화불씨) + " · 희망 " + str(희망점수) + " · 명성 " + str(명성))
site	ko--peace.nme	4296	글 안	명성	출력	그밖/셈한값/숫자	①값	평화의 불씨 평화불씨 · 희망 희망점수 · 명성 명성 말해줘	print("평화의 불씨 " + str(평화불씨) + " · 희망 " + str(희망점수) + " · 명성 " + str(명성))
site	ko--peace.nme	4298	글 안	걸린시간	출력	셈한값	①값	플레이 시간 걸린시간 초 · 균형 파괴 균형파괴수 · 약점 공격 약점공격수 · 제작 제작횟수 · 저장 저장횟수 말해줘	print("플레이 시간 " + str(걸린시간) + " 초 · 균형 파괴 " + str(균형파괴수) + " · 약점 공격 " + str(약점공격수) + " · 제작 " + str(제작횟수) + " · 저장 " + 
site	ko--peace.nme	4298	글 안	균형파괴수	출력	그밖/셈한값/숫자	①값	플레이 시간 걸린시간 초 · 균형 파괴 균형파괴수 · 약점 공격 약점공격수 · 제작 제작횟수 · 저장 저장횟수 말해줘	print("플레이 시간 " + str(걸린시간) + " 초 · 균형 파괴 " + str(균형파괴수) + " · 약점 공격 " + str(약점공격수) + " · 제작 " + str(제작횟수) + " · 저장 " + 
site	ko--peace.nme	4298	글 안	약점공격수	출력	그밖/셈한값/숫자	①값	플레이 시간 걸린시간 초 · 균형 파괴 균형파괴수 · 약점 공격 약점공격수 · 제작 제작횟수 · 저장 저장횟수 말해줘	print("플레이 시간 " + str(걸린시간) + " 초 · 균형 파괴 " + str(균형파괴수) + " · 약점 공격 " + str(약점공격수) + " · 제작 " + str(제작횟수) + " · 저장 " + 
site	ko--peace.nme	4298	글 안	제작횟수	출력	그밖/셈한값/숫자	①값	플레이 시간 걸린시간 초 · 균형 파괴 균형파괴수 · 약점 공격 약점공격수 · 제작 제작횟수 · 저장 저장횟수 말해줘	print("플레이 시간 " + str(걸린시간) + " 초 · 균형 파괴 " + str(균형파괴수) + " · 약점 공격 " + str(약점공격수) + " · 제작 " + str(제작횟수) + " · 저장 " + 
site	ko--peace.nme	4298	글 안	저장횟수	출력	그밖/셈한값/숫자	①값	플레이 시간 걸린시간 초 · 균형 파괴 균형파괴수 · 약점 공격 약점공격수 · 제작 제작횟수 · 저장 저장횟수 말해줘	print("플레이 시간 " + str(걸린시간) + " 초 · 균형 파괴 " + str(균형파괴수) + " · 약점 공격 " + str(약점공격수) + " · 제작 " + str(제작횟수) + " · 저장 " + 
site	ko--peace.nme	4299	글 안	모험일	출력	그밖/셈한값/숫자	①값	생존 기록 · 모험일 모험일 · 포만 포만 · 피로 피로 · 사기 사기 말해줘	print("생존 기록 · 모험일 " + str(모험일) + " · 포만 " + str(포만) + " · 피로 " + str(피로) + " · 사기 " + str(사기))
site	ko--peace.nme	4299	글 안	포만	출력	그밖/셈한값/숫자	①값	생존 기록 · 모험일 모험일 · 포만 포만 · 피로 피로 · 사기 사기 말해줘	print("생존 기록 · 모험일 " + str(모험일) + " · 포만 " + str(포만) + " · 피로 " + str(피로) + " · 사기 " + str(사기))
site	ko--peace.nme	4299	글 안	피로	출력	그밖/셈한값/숫자	①값	생존 기록 · 모험일 모험일 · 포만 포만 · 피로 피로 · 사기 사기 말해줘	print("생존 기록 · 모험일 " + str(모험일) + " · 포만 " + str(포만) + " · 피로 " + str(피로) + " · 사기 " + str(사기))
site	ko--peace.nme	4299	글 안	사기	출력	그밖/셈한값/숫자	①값	생존 기록 · 모험일 모험일 · 포만 포만 · 피로 피로 · 사기 사기 말해줘	print("생존 기록 · 모험일 " + str(모험일) + " · 포만 " + str(포만) + " · 피로 " + str(피로) + " · 사기 " + str(사기))
site	ko--peace.nme	4300	글 안	전쟁위험	출력	그밖/셈한값/숫자	①값	경제 기록 · 전쟁 위험 전쟁위험 · 거래 거래횟수 · 수리 수리횟수 · 상인 평판 상인평판 말해줘	print("경제 기록 · 전쟁 위험 " + str(전쟁위험) + " · 거래 " + str(거래횟수) + " · 수리 " + str(수리횟수) + " · 상인 평판 " + str(상인평판))
site	ko--peace.nme	4300	글 안	거래횟수	출력	그밖/셈한값/숫자	①값	경제 기록 · 전쟁 위험 전쟁위험 · 거래 거래횟수 · 수리 수리횟수 · 상인 평판 상인평판 말해줘	print("경제 기록 · 전쟁 위험 " + str(전쟁위험) + " · 거래 " + str(거래횟수) + " · 수리 " + str(수리횟수) + " · 상인 평판 " + str(상인평판))
site	ko--peace.nme	4300	글 안	수리횟수	출력	그밖/셈한값/숫자	①값	경제 기록 · 전쟁 위험 전쟁위험 · 거래 거래횟수 · 수리 수리횟수 · 상인 평판 상인평판 말해줘	print("경제 기록 · 전쟁 위험 " + str(전쟁위험) + " · 거래 " + str(거래횟수) + " · 수리 " + str(수리횟수) + " · 상인 평판 " + str(상인평판))
site	ko--peace.nme	4300	글 안	상인평판	출력	그밖/셈한값/숫자	①값	경제 기록 · 전쟁 위험 전쟁위험 · 거래 거래횟수 · 수리 수리횟수 · 상인 평판 상인평판 말해줘	print("경제 기록 · 전쟁 위험 " + str(전쟁위험) + " · 거래 " + str(거래횟수) + " · 수리 " + str(수리횟수) + " · 상인 평판 " + str(상인평판))
site	ko--peace.nme	4301	글 안	운명인장수	출력	그밖/셈한값/숫자	①값	운명 기록 · 인장 운명인장수 · 조각 운명조각수 · 뽑기 운명뽑기횟수 · 도박 승 도박승리수 / 패 도박패배수 말해줘	print("운명 기록 · 인장 " + str(운명인장수) + " · 조각 " + str(운명조각수) + " · 뽑기 " + str(운명뽑기횟수) + " · 도박 승 " + str(도박승리수) + " / 패 " + 
site	ko--peace.nme	4301	글 안	운명조각수	출력	그밖/셈한값/숫자	①값	운명 기록 · 인장 운명인장수 · 조각 운명조각수 · 뽑기 운명뽑기횟수 · 도박 승 도박승리수 / 패 도박패배수 말해줘	print("운명 기록 · 인장 " + str(운명인장수) + " · 조각 " + str(운명조각수) + " · 뽑기 " + str(운명뽑기횟수) + " · 도박 승 " + str(도박승리수) + " / 패 " + 
site	ko--peace.nme	4301	글 안	운명뽑기횟수	출력	그밖/셈한값/숫자	①값	운명 기록 · 인장 운명인장수 · 조각 운명조각수 · 뽑기 운명뽑기횟수 · 도박 승 도박승리수 / 패 도박패배수 말해줘	print("운명 기록 · 인장 " + str(운명인장수) + " · 조각 " + str(운명조각수) + " · 뽑기 " + str(운명뽑기횟수) + " · 도박 승 " + str(도박승리수) + " / 패 " + 
site	ko--peace.nme	4301	글 안	도박승리수	출력	그밖/셈한값/숫자	①값	운명 기록 · 인장 운명인장수 · 조각 운명조각수 · 뽑기 운명뽑기횟수 · 도박 승 도박승리수 / 패 도박패배수 말해줘	print("운명 기록 · 인장 " + str(운명인장수) + " · 조각 " + str(운명조각수) + " · 뽑기 " + str(운명뽑기횟수) + " · 도박 승 " + str(도박승리수) + " / 패 " + 
site	ko--peace.nme	4301	글 안	도박패배수	출력	그밖/셈한값/숫자	①값	운명 기록 · 인장 운명인장수 · 조각 운명조각수 · 뽑기 운명뽑기횟수 · 도박 승 도박승리수 / 패 도박패배수 말해줘	print("운명 기록 · 인장 " + str(운명인장수) + " · 조각 " + str(운명조각수) + " · 뽑기 " + str(운명뽑기횟수) + " · 도박 승 " + str(도박승리수) + " / 패 " + 
site	ko--peace.nme	4302	글 안	무기내구	출력	그밖/셈한값/숫자	①값	내구도 · 무기 무기내구 / 무기최대내구 · 갑옷 갑옷내구 / 갑옷최대내구 말해줘	print("내구도 · 무기 " + str(무기내구) + " / " + str(무기최대내구) + " · 갑옷 " + str(갑옷내구) + " / " + str(갑옷최대내구))
site	ko--peace.nme	4302	글 안	무기최대내구	출력	그밖/셈한값/숫자	①값	내구도 · 무기 무기내구 / 무기최대내구 · 갑옷 갑옷내구 / 갑옷최대내구 말해줘	print("내구도 · 무기 " + str(무기내구) + " / " + str(무기최대내구) + " · 갑옷 " + str(갑옷내구) + " / " + str(갑옷최대내구))
site	ko--peace.nme	4302	글 안	갑옷내구	출력	그밖/셈한값/숫자	①값	내구도 · 무기 무기내구 / 무기최대내구 · 갑옷 갑옷내구 / 갑옷최대내구 말해줘	print("내구도 · 무기 " + str(무기내구) + " / " + str(무기최대내구) + " · 갑옷 " + str(갑옷내구) + " / " + str(갑옷최대내구))
site	ko--peace.nme	4302	글 안	갑옷최대내구	출력	그밖/셈한값/숫자	①값	내구도 · 무기 무기내구 / 무기최대내구 · 갑옷 갑옷내구 / 갑옷최대내구 말해줘	print("내구도 · 무기 " + str(무기내구) + " / " + str(무기최대내구) + " · 갑옷 " + str(갑옷내구) + " / " + str(갑옷최대내구))
site	ko--peace.nme	4303	글 안	약초수	출력	그밖/셈한값/숫자	①값	남은 재료 · 약초 약초수 · 철광석 철광석수 · 마력가루 마력가루수 · 용비늘 용비늘수 · 질긴천 질긴천수 · 마력수정 마력수정수 · 가죽 가죽수 말해줘	print("남은 재료 · 약초 " + str(약초수) + " · 철광석 " + str(철광석수) + " · 마력가루 " + str(마력가루수) + " · 용비늘 " + str(용비늘수) + " · 질긴천 " + s
site	ko--peace.nme	4303	글 안	철광석수	출력	그밖/셈한값/숫자	①값	남은 재료 · 약초 약초수 · 철광석 철광석수 · 마력가루 마력가루수 · 용비늘 용비늘수 · 질긴천 질긴천수 · 마력수정 마력수정수 · 가죽 가죽수 말해줘	print("남은 재료 · 약초 " + str(약초수) + " · 철광석 " + str(철광석수) + " · 마력가루 " + str(마력가루수) + " · 용비늘 " + str(용비늘수) + " · 질긴천 " + s
site	ko--peace.nme	4303	글 안	마력가루수	출력	그밖/셈한값/숫자	①값	남은 재료 · 약초 약초수 · 철광석 철광석수 · 마력가루 마력가루수 · 용비늘 용비늘수 · 질긴천 질긴천수 · 마력수정 마력수정수 · 가죽 가죽수 말해줘	print("남은 재료 · 약초 " + str(약초수) + " · 철광석 " + str(철광석수) + " · 마력가루 " + str(마력가루수) + " · 용비늘 " + str(용비늘수) + " · 질긴천 " + s
site	ko--peace.nme	4303	글 안	용비늘수	출력	그밖/셈한값/숫자	①값	남은 재료 · 약초 약초수 · 철광석 철광석수 · 마력가루 마력가루수 · 용비늘 용비늘수 · 질긴천 질긴천수 · 마력수정 마력수정수 · 가죽 가죽수 말해줘	print("남은 재료 · 약초 " + str(약초수) + " · 철광석 " + str(철광석수) + " · 마력가루 " + str(마력가루수) + " · 용비늘 " + str(용비늘수) + " · 질긴천 " + s
site	ko--peace.nme	4303	글 안	질긴천수	출력	그밖/셈한값/숫자	①값	남은 재료 · 약초 약초수 · 철광석 철광석수 · 마력가루 마력가루수 · 용비늘 용비늘수 · 질긴천 질긴천수 · 마력수정 마력수정수 · 가죽 가죽수 말해줘	print("남은 재료 · 약초 " + str(약초수) + " · 철광석 " + str(철광석수) + " · 마력가루 " + str(마력가루수) + " · 용비늘 " + str(용비늘수) + " · 질긴천 " + s
site	ko--peace.nme	4303	글 안	마력수정수	출력	그밖/셈한값/숫자	①값	남은 재료 · 약초 약초수 · 철광석 철광석수 · 마력가루 마력가루수 · 용비늘 용비늘수 · 질긴천 질긴천수 · 마력수정 마력수정수 · 가죽 가죽수 말해줘	print("남은 재료 · 약초 " + str(약초수) + " · 철광석 " + str(철광석수) + " · 마력가루 " + str(마력가루수) + " · 용비늘 " + str(용비늘수) + " · 질긴천 " + s
site	ko--peace.nme	4303	글 안	가죽수	출력	그밖/셈한값/숫자	①값	남은 재료 · 약초 약초수 · 철광석 철광석수 · 마력가루 마력가루수 · 용비늘 용비늘수 · 질긴천 질긴천수 · 마력수정 마력수정수 · 가죽 가죽수 말해줘	print("남은 재료 · 약초 " + str(약초수) + " · 철광석 " + str(철광석수) + " · 마력가루 " + str(마력가루수) + " · 용비늘 " + str(용비늘수) + " · 질긴천 " + s
site	ko--peace.nme	4318	글 안	기록이름	출력	모름	①값	기록이름 · 기록수 번 말해줘	print(str(기록이름) + " · " + str(기록수) + " 번")
site	ko--peace.nme	4318	글 안	기록수	출력	그밖	①값	기록이름 · 기록수 번 말해줘	print(str(기록이름) + " · " + str(기록수) + " 번")
site	ko--peace.nme	4324	글 안	퀘스트이름	출력	모름	①값	퀘스트이름 · 퀘스트상태 말해줘	print(str(퀘스트이름) + " · " + str(퀘스트상태))
site	ko--peace.nme	4324	글 안	퀘스트상태	출력	그밖	①값	퀘스트이름 · 퀘스트상태 말해줘	print(str(퀘스트이름) + " · " + str(퀘스트상태))
site	ko--rpg-deep.nme	57	글 안	글귀	출력	모름	①값	가운데 말해줘 글귀	print((lambda _t: " " * max(0, (40 - sum(2 if __import__("unicodedata").east_asian_width(_c) in "WF" else 1 for _c in _t
site	ko--rpg-deep.nme	63	글 안	글귀	출력	모름	①값	가운데 말해줘 글귀	print((lambda _t: " " * max(0, (40 - sum(2 if __import__("unicodedata").east_asian_width(_c) in "WF" else 1 for _c in _t
site	ko--rpg-deep.nme	69	글 안	찬칸	대입	글자	①값	막대글은 찬칸 0개 붙인 것	막대글 = str(찬칸) * 0
site	ko--rpg-deep.nme	186	글 안	용사이름	출력	글자/물어본글	①값	용사이름 · 직업이름 · 내려갑니다 말해줘	print(str(용사이름) + " · " + str(직업이름) + " · 내려갑니다")
site	ko--rpg-deep.nme	186	글 안	직업이름	출력	글자	①값	용사이름 · 직업이름 · 내려갑니다 말해줘	print(str(용사이름) + " · " + str(직업이름) + " · 내려갑니다")
site	ko--rpg-deep.nme	187	글 안	기술이름	출력	글자	①값	당신의 기술은 기술이름 · 드는 기운은 기술비용 말해줘	print("당신의 기술은 " + str(기술이름) + " · 드는 기운은 " + str(기술비용))
site	ko--rpg-deep.nme	187	글 안	기술비용	출력	숫자	①값	당신의 기술은 기술이름 · 드는 기운은 기술비용 말해줘	print("당신의 기술은 " + str(기술이름) + " · 드는 기운은 " + str(기술비용))
site	ko--rpg-deep.nme	257	글 안	층수	출력	셈한값/숫자	①값	층수 층 말해줘	print(str(층수) + " 층")
site	ko--rpg-deep.nme	258	글 안	적이름	출력	글자/셈한값	①값	적이름 앞을 막고 섭니다 말해줘	print(str(적이름) + " 앞을 막고 섭니다")
site	ko--rpg-deep.nme	286	글 안	적이름	출력	글자/셈한값	①값	적이름 적생명 / 적최대생명 말해줘	print(str(적이름) + " " + str(적생명) + " / " + str(적최대생명))
site	ko--rpg-deep.nme	286	글 안	적생명	출력	그밖/셈한값	①값	적이름 적생명 / 적최대생명 말해줘	print(str(적이름) + " " + str(적생명) + " / " + str(적최대생명))
site	ko--rpg-deep.nme	286	글 안	적최대생명	출력	셈한값/숫자	①값	적이름 적생명 / 적최대생명 말해줘	print(str(적이름) + " " + str(적생명) + " / " + str(적최대생명))
site	ko--rpg-deep.nme	289	글 안	용사이름	출력	글자/물어본글	①값	용사이름 용사생명 / 최대생명 · 기운 용사기운 / 최대기운 말해줘	print(str(용사이름) + " " + str(용사생명) + " / " + str(최대생명) + " · 기운 " + str(용사기운) + " / " + str(최대기운))
site	ko--rpg-deep.nme	289	글 안	용사생명	출력	그밖/셈한값	①값	용사이름 용사생명 / 최대생명 · 기운 용사기운 / 최대기운 말해줘	print(str(용사이름) + " " + str(용사생명) + " / " + str(최대생명) + " · 기운 " + str(용사기운) + " / " + str(최대기운))
site	ko--rpg-deep.nme	289	글 안	최대생명	출력	셈한값/숫자	①값	용사이름 용사생명 / 최대생명 · 기운 용사기운 / 최대기운 말해줘	print(str(용사이름) + " " + str(용사생명) + " / " + str(최대생명) + " · 기운 " + str(용사기운) + " / " + str(최대기운))
site	ko--rpg-deep.nme	289	글 안	용사기운	출력	그밖/셈한값	①값	용사이름 용사생명 / 최대생명 · 기운 용사기운 / 최대기운 말해줘	print(str(용사이름) + " " + str(용사생명) + " / " + str(최대생명) + " · 기운 " + str(용사기운) + " / " + str(최대기운))
site	ko--rpg-deep.nme	289	글 안	최대기운	출력	셈한값/숫자	①값	용사이름 용사생명 / 최대생명 · 기운 용사기운 / 최대기운 말해줘	print(str(용사이름) + " " + str(용사생명) + " / " + str(최대생명) + " · 기운 " + str(용사기운) + " / " + str(최대기운))
site	ko--rpg-deep.nme	292	글 안	약병수	출력	셈한값/숫자	①값	약병 약병수 · 기운병 기운병수 · 폭탄 폭탄수 · 돈 주머니 말해줘	print("약병 " + str(약병수) + " · 기운병 " + str(기운병수) + " · 폭탄 " + str(폭탄수) + " · 돈 " + str(주머니))
site	ko--rpg-deep.nme	292	글 안	기운병수	출력	셈한값/숫자	①값	약병 약병수 · 기운병 기운병수 · 폭탄 폭탄수 · 돈 주머니 말해줘	print("약병 " + str(약병수) + " · 기운병 " + str(기운병수) + " · 폭탄 " + str(폭탄수) + " · 돈 " + str(주머니))
site	ko--rpg-deep.nme	292	글 안	폭탄수	출력	셈한값/숫자	①값	약병 약병수 · 기운병 기운병수 · 폭탄 폭탄수 · 돈 주머니 말해줘	print("약병 " + str(약병수) + " · 기운병 " + str(기운병수) + " · 폭탄 " + str(폭탄수) + " · 돈 " + str(주머니))
site	ko--rpg-deep.nme	292	글 안	주머니	출력	셈한값/숫자	①값	약병 약병수 · 기운병 기운병수 · 폭탄 폭탄수 · 돈 주머니 말해줘	print("약병 " + str(약병수) + " · 기운병 " + str(기운병수) + " · 폭탄 " + str(폭탄수) + " · 돈 " + str(주머니))
site	ko--rpg-deep.nme	293	글 안	기술이름	출력	글자	①값	당신의 기술은 기술이름 말해줘	print("당신의 기술은 " + str(기술이름))
site	ko--rpg-deep.nme	309	글 안	준피해	출력	그밖/셈한값	①값	푸른 불이 준피해 만큼 태웁니다. 말해줘	print("푸른 불이 " + str(준피해) + " 만큼 태웁니다.")
site	ko--rpg-deep.nme	314	글 안	준피해	출력	그밖/셈한값	①값	첫 칼이 준피해 만큼 듭니다. 말해줘	print("첫 칼이 " + str(준피해) + " 만큼 듭니다.")
site	ko--rpg-deep.nme	318	글 안	준피해	출력	그밖/셈한값	①값	두 번째 칼이 준피해 만큼 듭니다. 말해줘	print("두 번째 칼이 " + str(준피해) + " 만큼 듭니다.")
site	ko--rpg-deep.nme	324	글 안	준피해	출력	그밖/셈한값	①값	화살이 준피해 만큼 깊이 박혀 그대로 남습니다. 말해줘	print("화살이 " + str(준피해) + " 만큼 깊이 박혀 그대로 남습니다.")
site	ko--rpg-deep.nme	333	글 안	준피해	출력	그밖/셈한값	①값	방패가 준피해 만큼 밀어내고 자세를 다잡습니다. 말해줘	print("방패가 " + str(준피해) + " 만큼 밀어내고 자세를 다잡습니다.")
site	ko--rpg-deep.nme	370	글 안	준피해	출력	그밖/셈한값	①값	폭탄이 준피해 만큼 터집니다. 말해줘	print("폭탄이 " + str(준피해) + " 만큼 터집니다.")
site	ko--rpg-deep.nme	414	글 안	준피해	출력	그밖/셈한값	①값	친 것이 준피해 만큼 듭니다. 말해줘	print("친 것이 " + str(준피해) + " 만큼 듭니다.")
site	ko--rpg-deep.nme	427	글 안	적이름	출력	글자/셈한값	①값	적이름 쓰러졌습니다 말해줘	print(str(적이름) + " 쓰러졌습니다")
site	ko--rpg-deep.nme	456	글 안	적이름	출력	글자/셈한값	①값	적이름 되받아 받은피해 만큼 깎습니다 말해줘	print(str(적이름) + " 되받아 " + str(받은피해) + " 만큼 깎습니다")
site	ko--rpg-deep.nme	456	글 안	받은피해	출력	그밖/셈한값/숫자	①값	적이름 되받아 받은피해 만큼 깎습니다 말해줘	print(str(적이름) + " 되받아 " + str(받은피해) + " 만큼 깎습니다")
site	ko--rpg-deep.nme	468	글 안	독피해	출력	그밖	①값	독이 독피해 만큼 더 깎습니다. 말해줘	print("독이 " + str(독피해) + " 만큼 더 깎습니다.")
site	ko--rpg-deep.nme	488	글 안	적금화	출력	셈한값/숫자	①값	적금화 냥과 적경험 만큼의 배움을 얻었습니다 말해줘	print(str(적금화) + " 냥과 " + str(적경험) + " 만큼의 배움을 얻었습니다")
site	ko--rpg-deep.nme	488	글 안	적경험	출력	셈한값/숫자	①값	적금화 냥과 적경험 만큼의 배움을 얻었습니다 말해줘	print(str(적금화) + " 냥과 " + str(적경험) + " 만큼의 배움을 얻었습니다")
site	ko--rpg-deep.nme	506	글 안	용사이름	출력	글자/물어본글	①값	용사이름 이제 용사레벨 단계입니다 말해줘	print(str(용사이름) + " 이제 " + str(용사레벨) + " 단계입니다")
site	ko--rpg-deep.nme	506	글 안	용사레벨	출력	셈한값/숫자	①값	용사이름 이제 용사레벨 단계입니다 말해줘	print(str(용사이름) + " 이제 " + str(용사레벨) + " 단계입니다")
site	ko--rpg-deep.nme	554	글 안	약병값	출력	그밖	①값	약병 약병값 · 기운병 기운병값 · 폭탄 폭탄값 · 벼림 벼림값 말해줘	print("약병 " + str(약병값) + " · 기운병 " + str(기운병값) + " · 폭탄 " + str(폭탄값) + " · 벼림 " + str(벼림값))
site	ko--rpg-deep.nme	554	글 안	기운병값	출력	숫자	①값	약병 약병값 · 기운병 기운병값 · 폭탄 폭탄값 · 벼림 벼림값 말해줘	print("약병 " + str(약병값) + " · 기운병 " + str(기운병값) + " · 폭탄 " + str(폭탄값) + " · 벼림 " + str(벼림값))
site	ko--rpg-deep.nme	554	글 안	폭탄값	출력	숫자	①값	약병 약병값 · 기운병 기운병값 · 폭탄 폭탄값 · 벼림 벼림값 말해줘	print("약병 " + str(약병값) + " · 기운병 " + str(기운병값) + " · 폭탄 " + str(폭탄값) + " · 벼림 " + str(벼림값))
site	ko--rpg-deep.nme	554	글 안	벼림값	출력	그밖	①값	약병 약병값 · 기운병 기운병값 · 폭탄 폭탄값 · 벼림 벼림값 말해줘	print("약병 " + str(약병값) + " · 기운병 " + str(기운병값) + " · 폭탄 " + str(폭탄값) + " · 벼림 " + str(벼림값))
site	ko--rpg-deep.nme	555	글 안	주머니	출력	셈한값/숫자	①값	지금 주머니 냥 있습니다 말해줘	print("지금 " + str(주머니) + " 냥 있습니다")
site	ko--rpg-deep.nme	618	글 안	주운돈	출력	그밖	①값	계단 밑에 무언가 걸려 있습니다 — 주운돈 냥 말해줘	print("계단 밑에 무언가 걸려 있습니다 — " + str(주운돈) + " 냥")
site	ko--rpg-deep.nme	633	글 안	받은피해	출력	그밖/셈한값/숫자	①값	받은피해 만큼 깎였습니다 말해줘	print(str(받은피해) + " 만큼 깎였습니다")
site	ko--rpg-deep.nme	684	글 안	용사이름	출력	글자/물어본글	①값	용사이름 · 직업이름 · 용사레벨 단계 말해줘	print(str(용사이름) + " · " + str(직업이름) + " · " + str(용사레벨) + " 단계")
site	ko--rpg-deep.nme	684	글 안	직업이름	출력	글자	①값	용사이름 · 직업이름 · 용사레벨 단계 말해줘	print(str(용사이름) + " · " + str(직업이름) + " · " + str(용사레벨) + " 단계")
site	ko--rpg-deep.nme	684	글 안	용사레벨	출력	셈한값/숫자	①값	용사이름 · 직업이름 · 용사레벨 단계 말해줘	print(str(용사이름) + " · " + str(직업이름) + " · " + str(용사레벨) + " 단계")
site	ko--rpg-deep.nme	685	글 안	무기이름	출력	글자	①값	무기 무기이름 · 갑옷 갑옷이름 말해줘	print("무기 " + str(무기이름) + " · 갑옷 " + str(갑옷이름))
site	ko--rpg-deep.nme	685	글 안	갑옷이름	출력	글자	①값	무기 무기이름 · 갑옷 갑옷이름 말해줘	print("무기 " + str(무기이름) + " · 갑옷 " + str(갑옷이름))
site	ko--rpg-deep.nme	686	글 안	최고층	출력	그밖/숫자	①값	가장 깊이 최고층 층 · 주고받은 판수 판 · 돈 주머니 냥 말해줘	print("가장 깊이 " + str(최고층) + " 층 · 주고받은 " + str(판수) + " 판 · 돈 " + str(주머니) + " 냥")
site	ko--rpg-deep.nme	686	글 안	판수	출력	셈한값/숫자	①값	가장 깊이 최고층 층 · 주고받은 판수 판 · 돈 주머니 냥 말해줘	print("가장 깊이 " + str(최고층) + " 층 · 주고받은 " + str(판수) + " 판 · 돈 " + str(주머니) + " 냥")
site	ko--rpg-deep.nme	686	글 안	주머니	출력	셈한값/숫자	①값	가장 깊이 최고층 층 · 주고받은 판수 판 · 돈 주머니 냥 말해줘	print("가장 깊이 " + str(최고층) + " 층 · 주고받은 " + str(판수) + " 판 · 돈 " + str(주머니) + " 냥")
site	ko--rpg-deep.nme	691	글 안	짐승	출력	모름	①값	짐승 몇번 말해줘	print(str(짐승) + " " + str(몇번))
site	ko--rpg-deep.nme	691	글 안	몇번	출력	그밖	①값	짐승 몇번 말해줘	print(str(짐승) + " " + str(몇번))
site	ko--rpg.nme	64	글 안	용사이름	출력	글자/물어본글	①값	용사이름 · 직업이름 · 레벨 단계 말해줘	print(str(용사이름) + " · " + str(직업이름) + " · " + str(레벨) + " 단계")
site	ko--rpg.nme	64	글 안	직업이름	출력	글자	①값	용사이름 · 직업이름 · 레벨 단계 말해줘	print(str(용사이름) + " · " + str(직업이름) + " · " + str(레벨) + " 단계")
site	ko--rpg.nme	64	글 안	레벨	출력	셈한값/숫자	①값	용사이름 · 직업이름 · 레벨 단계 말해줘	print(str(용사이름) + " · " + str(직업이름) + " · " + str(레벨) + " 단계")
site	ko--rpg.nme	65	글 안	용사공격	출력	셈한값/숫자	①값	힘 용사공격 · 방패 용사방어 · 기운 용사마나 말해줘	print("힘 " + str(용사공격) + " · 방패 " + str(용사방어) + " · 기운 " + str(용사마나))
site	ko--rpg.nme	65	글 안	용사방어	출력	셈한값/숫자	①값	힘 용사공격 · 방패 용사방어 · 기운 용사마나 말해줘	print("힘 " + str(용사공격) + " · 방패 " + str(용사방어) + " · 기운 " + str(용사마나))
site	ko--rpg.nme	65	글 안	용사마나	출력	셈한값/숫자	①값	힘 용사공격 · 방패 용사방어 · 기운 용사마나 말해줘	print("힘 " + str(용사공격) + " · 방패 " + str(용사방어) + " · 기운 " + str(용사마나))
site	ko--rpg.nme	66	글 안	용사체력	출력	그밖/셈한값	①값	생명 용사체력 / 용사최대체력 · 약병 용사약병 개 · 주머니 금화 냥 말해줘	print("생명 " + str(용사체력) + " / " + str(용사최대체력) + " · 약병 " + str(용사약병) + " 개 · 주머니 " + str(금화) + " 냥")
site	ko--rpg.nme	66	글 안	용사최대체력	출력	셈한값/숫자	①값	생명 용사체력 / 용사최대체력 · 약병 용사약병 개 · 주머니 금화 냥 말해줘	print("생명 " + str(용사체력) + " / " + str(용사최대체력) + " · 약병 " + str(용사약병) + " 개 · 주머니 " + str(금화) + " 냥")
site	ko--rpg.nme	66	글 안	용사약병	출력	셈한값/숫자	①값	생명 용사체력 / 용사최대체력 · 약병 용사약병 개 · 주머니 금화 냥 말해줘	print("생명 " + str(용사체력) + " / " + str(용사최대체력) + " · 약병 " + str(용사약병) + " 개 · 주머니 " + str(금화) + " 냥")
site	ko--rpg.nme	66	글 안	금화	출력	셈한값/숫자	①값	생명 용사체력 / 용사최대체력 · 약병 용사약병 개 · 주머니 금화 냥 말해줘	print("생명 " + str(용사체력) + " / " + str(용사최대체력) + " · 약병 " + str(용사약병) + " 개 · 주머니 " + str(금화) + " 냥")
site	ko--rpg.nme	77	글 안	층수	출력	셈한값/숫자	①값	가운데 말해줘 층수 층	print((lambda _t: " " * max(0, (40 - sum(2 if __import__("unicodedata").east_asian_width(_c) in "WF" else 1 for _c in _t
site	ko--rpg.nme	107	글 안	적이름	출력	그밖/글자	①값	앞을 막아선 것 — 적이름 말해줘	print("앞을 막아선 것 — " + str(적이름))
site	ko--rpg.nme	113	글 안	적이름	출력	그밖/글자	①값	상대 적이름 · 남은 힘 적체력 / 적최대체력 말해줘	print("상대 " + str(적이름) + " · 남은 힘 " + str(적체력) + " / " + str(적최대체력))
site	ko--rpg.nme	113	글 안	적체력	출력	그밖/셈한값	①값	상대 적이름 · 남은 힘 적체력 / 적최대체력 말해줘	print("상대 " + str(적이름) + " · 남은 힘 " + str(적체력) + " / " + str(적최대체력))
site	ko--rpg.nme	113	글 안	적최대체력	출력	숫자	①값	상대 적이름 · 남은 힘 적체력 / 적최대체력 말해줘	print("상대 " + str(적이름) + " · 남은 힘 " + str(적체력) + " / " + str(적최대체력))
site	ko--rpg.nme	114	글 안	용사체력	출력	그밖/셈한값	①값	아군 용사체력 / 용사최대체력 · 기운 용사마나 · 약병 용사약병 개 말해줘	print("아군 " + str(용사체력) + " / " + str(용사최대체력) + " · 기운 " + str(용사마나) + " · 약병 " + str(용사약병) + " 개")
site	ko--rpg.nme	114	글 안	용사최대체력	출력	셈한값/숫자	①값	아군 용사체력 / 용사최대체력 · 기운 용사마나 · 약병 용사약병 개 말해줘	print("아군 " + str(용사체력) + " / " + str(용사최대체력) + " · 기운 " + str(용사마나) + " · 약병 " + str(용사약병) + " 개")
site	ko--rpg.nme	114	글 안	용사마나	출력	셈한값/숫자	①값	아군 용사체력 / 용사최대체력 · 기운 용사마나 · 약병 용사약병 개 말해줘	print("아군 " + str(용사체력) + " / " + str(용사최대체력) + " · 기운 " + str(용사마나) + " · 약병 " + str(용사약병) + " 개")
site	ko--rpg.nme	114	글 안	용사약병	출력	셈한값/숫자	①값	아군 용사체력 / 용사최대체력 · 기운 용사마나 · 약병 용사약병 개 말해줘	print("아군 " + str(용사체력) + " / " + str(용사최대체력) + " · 기운 " + str(용사마나) + " · 약병 " + str(용사약병) + " 개")
site	ko--rpg.nme	126	글 안	준피해	출력	그밖/셈한값	①값	푸른 불꽃이 준피해 만큼 파고들었습니다. 말해줘	print("푸른 불꽃이 " + str(준피해) + " 만큼 파고들었습니다.")
site	ko--rpg.nme	169	글 안	준피해	출력	그밖/셈한값	①값	준피해 만큼 베었습니다. 말해줘	print(str(준피해) + " 만큼 베었습니다.")
site	ko--rpg.nme	175	글 안	적이름	출력	그밖/글자	①값	쓰러진 것 — 적이름 말해줘	print("쓰러진 것 — " + str(적이름))
site	ko--rpg.nme	186	글 안	적이름	출력	그밖/글자	①값	적이름의 반격이 받은피해 만큼 들어왔습니다. 말해줘	print(str(적이름) + "의 반격이 " + str(받은피해) + " 만큼 들어왔습니다.")
site	ko--rpg.nme	186	글 안	받은피해	출력	그밖/셈한값/숫자	①값	적이름의 반격이 받은피해 만큼 들어왔습니다. 말해줘	print(str(적이름) + "의 반격이 " + str(받은피해) + " 만큼 들어왔습니다.")
site	ko--rpg.nme	204	글 안	보상금화	출력	숫자	①값	노획 보상금화 냥 · 경험 보상경험치 말해줘	print("노획 " + str(보상금화) + " 냥 · 경험 " + str(보상경험치))
site	ko--rpg.nme	204	글 안	보상경험치	출력	숫자	①값	노획 보상금화 냥 · 경험 보상경험치 말해줘	print("노획 " + str(보상금화) + " 냥 · 경험 " + str(보상경험치))
site	ko--rpg.nme	216	글 안	레벨	출력	셈한값/숫자	①값	상자로 말해줘 이제 레벨 단계입니다	print((lambda _t: (lambda _w: "┌" + "─" * (_w + 2) + "┐\n│ " + _t + " │\n└" + "─" * (_w + 2) + "┘")(sum(2 if __import__(
site	ko--rpg.nme	228	글 안	금화	출력	셈한값/숫자	①값	주머니에 금화 냥 있습니다. 말해줘	print("주머니에 " + str(금화) + " 냥 있습니다.")
site	ko--rpg.nme	289	글 안	용사이름	출력	글자/물어본글	①값	용사이름 · 직업이름 · 레벨 단계 · 층수 층까지 말해줘	print(str(용사이름) + " · " + str(직업이름) + " · " + str(레벨) + " 단계 · " + str(층수) + " 층까지")
site	ko--rpg.nme	289	글 안	직업이름	출력	글자	①값	용사이름 · 직업이름 · 레벨 단계 · 층수 층까지 말해줘	print(str(용사이름) + " · " + str(직업이름) + " · " + str(레벨) + " 단계 · " + str(층수) + " 층까지")
site	ko--rpg.nme	289	글 안	레벨	출력	셈한값/숫자	①값	용사이름 · 직업이름 · 레벨 단계 · 층수 층까지 말해줘	print(str(용사이름) + " · " + str(직업이름) + " · " + str(레벨) + " 단계 · " + str(층수) + " 층까지")
site	ko--rpg.nme	289	글 안	층수	출력	셈한값/숫자	①값	용사이름 · 직업이름 · 레벨 단계 · 층수 층까지 말해줘	print(str(용사이름) + " · " + str(직업이름) + " · " + str(레벨) + " 단계 · " + str(층수) + " 층까지")
site	ko--rps.nme	5	글 안	내것	출력	그밖	①값	나는 내것 냈습니다 말해줘	print("나는 " + str(내것) + " 냈습니다")
site	ko--rps.nme	7	비교의 오른쪽	내것	조건	그밖	①값	만약에 네것이 내것과 같으면	if (네것 == 내것):
site	ko--shop.nme	25	글 안	주머니	출력	셈한값/숫자	①값	지금 주머니 남았습니다 말해줘	print("지금 " + str(주머니) + " 남았습니다")
site	ko--shop.nme	29	글 안	자리	출력	모름	①값	자리 · 물건 · 물건값 말해줘	print(str(자리) + " · " + str(물건) + " · " + str(물건값))
site	ko--shop.nme	29	글 안	물건	출력	모름	①값	자리 · 물건 · 물건값 말해줘	print(str(자리) + " · " + str(물건) + " · " + str(물건값))
site	ko--shop.nme	29	글 안	물건값	출력	그밖	①값	자리 · 물건 · 물건값 말해줘	print(str(자리) + " · " + str(물건) + " · " + str(물건값))
site	ko--shop.nme	46	글 안	살것	출력	물어본글	①값	바구니에 넣었습니다 — 살것 · 물건값 냈습니다 말해줘	print("바구니에 넣었습니다 — " + str(살것) + " · " + str(물건값) + " 냈습니다")
site	ko--shop.nme	46	글 안	물건값	출력	그밖	①값	바구니에 넣었습니다 — 살것 · 물건값 냈습니다 말해줘	print("바구니에 넣었습니다 — " + str(살것) + " · " + str(물건값) + " 냈습니다")
site	ko--shop.nme	62	글 안	쓴돈	출력	셈한값/숫자	①값	장바구니 개수 가지 · 쓴돈 냄 · 주머니 남음 말해줘	print(str(len(장바구니)) + " 가지 · " + str(쓴돈) + " 냄 · " + str(주머니) + " 남음")
site	ko--shop.nme	62	글 안	주머니	출력	셈한값/숫자	①값	장바구니 개수 가지 · 쓴돈 냄 · 주머니 남음 말해줘	print(str(len(장바구니)) + " 가지 · " + str(쓴돈) + " 냄 · " + str(주머니) + " 남음")
site	ko--textwork.nme	3	글 안	줄	대입	글자	①값	과일들은 줄을 쉼표로 나눈 것	과일들 = str(줄).split(",")
site	ko--textwork.nme	9	글 안	별표	대입	글자	①값	막대는 별표를 순서 개 붙인 것	막대 = str(별표) * 순서
site	ko--wordguess.nme	27	비교의 오른쪽	답낱말	조건	셈한값	①값	만약에 고른낱말이 답낱말과 같으면	if (고른낱말 == 답낱말):
site	ko--wordguess.nme	37	글 안	답낱말	출력	셈한값	①값	답은 답낱말 이었습니다 말해줘	print("답은 " + str(답낱말) + " 이었습니다")
site	ko--wordguess.nme	41	글 안	남은기회	출력	셈한값/숫자	①값	그것은 아닙니다. 남은 기회 — 남은기회 말해줘	print("그것은 아닙니다. 남은 기회 — " + str(남은기회))
site	ko--zk.nme	2	글 안	문맥값	그밖	모름	①값	영지식 사용 최신	import secrets as 영지식비밀난수; zk_prime = 영지식큰소수 = 0xFFFFFFFFFFFFFFFFC90FDAA22168C234C4C6628B80DC1CD129024E088A67CC74020BBEA
